image,quality,class_name
41250_left.jpeg,0,good
30537_left.jpeg,0,good
17792_right.jpeg,0,good
25444_left.jpeg,0,good
20759_right.jpeg,0,good
18861_right.jpeg,0,good
4025_left.jpeg,0,good
21084_left.jpeg,0,good
22793_left.jpeg,0,good
2362_right.jpeg,0,good
6313_left.jpeg,0,good
30539_left.jpeg,0,good
11117_left.jpeg,0,good
5358_left.jpeg,0,good
1322_left.jpeg,0,good
4781_right.jpeg,0,good
34734_right.jpeg,0,good
7470_left.jpeg,0,good
36341_right.jpeg,0,good
39325_left.jpeg,0,good
5059_right.jpeg,0,good
29445_left.jpeg,0,good
25755_right.jpeg,0,good
24864_right.jpeg,0,good
27582_right.jpeg,0,good
23269_right.jpeg,0,good
40386_left.jpeg,0,good
6558_left.jpeg,0,good
41219_left.jpeg,0,good
35867_right.jpeg,0,good
1785_right.jpeg,0,good
30832_right.jpeg,0,good
17722_right.jpeg,0,good
20942_right.jpeg,0,good
43539_right.jpeg,0,good
23064_left.jpeg,0,good
7786_left.jpeg,0,good
34352_right.jpeg,0,good
8843_right.jpeg,0,good
19115_left.jpeg,0,good
125_right.jpeg,0,good
7811_left.jpeg,0,good
17182_right.jpeg,0,good
43113_right.jpeg,0,good
43539_left.jpeg,0,good
39500_left.jpeg,0,good
23157_left.jpeg,0,good
20461_right.jpeg,0,good
28035_left.jpeg,0,good
994_left.jpeg,0,good
22521_left.jpeg,0,good
31284_right.jpeg,0,good
27971_left.jpeg,0,good
32358_left.jpeg,0,good
18183_left.jpeg,0,good
5515_right.jpeg,0,good
26314_left.jpeg,0,good
24593_left.jpeg,0,good
34289_left.jpeg,0,good
31469_left.jpeg,0,good
13843_left.jpeg,0,good
12480_right.jpeg,0,good
19876_left.jpeg,0,good
9716_right.jpeg,0,good
21932_left.jpeg,0,good
15644_right.jpeg,0,good
38596_left.jpeg,0,good
6796_right.jpeg,0,good
39067_left.jpeg,0,good
27541_right.jpeg,0,good
31231_right.jpeg,0,good
12278_left.jpeg,0,good
25628_left.jpeg,0,good
42787_left.jpeg,0,good
2159_left.jpeg,0,good
40336_right.jpeg,0,good
15720_right.jpeg,0,good
22793_right.jpeg,0,good
40719_right.jpeg,0,good
5259_right.jpeg,0,good
36088_right.jpeg,0,good
22298_left.jpeg,0,good
25648_left.jpeg,0,good
4021_left.jpeg,0,good
34061_right.jpeg,0,good
33386_left.jpeg,0,good
37090_right.jpeg,0,good
21485_right.jpeg,0,good
13323_left.jpeg,0,good
40874_right.jpeg,0,good
38723_left.jpeg,0,good
41290_left.jpeg,0,good
34923_right.jpeg,0,good
6654_left.jpeg,0,good
1260_left.jpeg,0,good
23201_right.jpeg,0,good
24655_right.jpeg,0,good
15879_left.jpeg,0,good
44118_left.jpeg,0,good
23050_right.jpeg,0,good
14533_right.jpeg,0,good
33687_right.jpeg,0,good
35463_left.jpeg,0,good
11546_left.jpeg,0,good
23428_left.jpeg,0,good
7314_left.jpeg,0,good
2923_right.jpeg,0,good
15795_left.jpeg,0,good
19200_right.jpeg,0,good
1658_left.jpeg,0,good
29919_left.jpeg,0,good
25963_right.jpeg,0,good
40840_right.jpeg,0,good
39559_right.jpeg,0,good
42782_right.jpeg,0,good
35684_right.jpeg,0,good
7192_left.jpeg,0,good
28095_left.jpeg,0,good
20503_right.jpeg,0,good
24102_right.jpeg,0,good
31379_left.jpeg,0,good
24611_right.jpeg,0,good
966_left.jpeg,0,good
8129_left.jpeg,0,good
4299_left.jpeg,0,good
37528_left.jpeg,0,good
26961_right.jpeg,0,good
38065_left.jpeg,0,good
34947_right.jpeg,0,good
16703_right.jpeg,0,good
11471_right.jpeg,0,good
34990_right.jpeg,0,good
27637_right.jpeg,0,good
31073_right.jpeg,0,good
26118_right.jpeg,0,good
4460_right.jpeg,0,good
20916_right.jpeg,0,good
26069_left.jpeg,0,good
7881_right.jpeg,0,good
8500_left.jpeg,0,good
27292_right.jpeg,0,good
39359_left.jpeg,0,good
26218_right.jpeg,0,good
35742_right.jpeg,0,good
18232_left.jpeg,0,good
10312_right.jpeg,0,good
14867_left.jpeg,0,good
38362_left.jpeg,0,good
38884_left.jpeg,0,good
18232_right.jpeg,0,good
17232_left.jpeg,0,good
35135_right.jpeg,0,good
25808_left.jpeg,0,good
33015_right.jpeg,0,good
36686_left.jpeg,0,good
37339_right.jpeg,0,good
14726_left.jpeg,0,good
3227_left.jpeg,0,good
13307_left.jpeg,0,good
15125_left.jpeg,0,good
24090_right.jpeg,0,good
37014_right.jpeg,0,good
30287_left.jpeg,0,good
27599_left.jpeg,0,good
15495_right.jpeg,0,good
10190_right.jpeg,0,good
37042_left.jpeg,0,good
20381_right.jpeg,0,good
21367_right.jpeg,0,good
9497_right.jpeg,0,good
7579_left.jpeg,0,good
37469_left.jpeg,0,good
16547_right.jpeg,0,good
24823_right.jpeg,0,good
4864_right.jpeg,0,good
40366_left.jpeg,0,good
43235_left.jpeg,0,good
37494_left.jpeg,0,good
10031_left.jpeg,0,good
40423_right.jpeg,0,good
26655_right.jpeg,0,good
31488_left.jpeg,0,good
18071_right.jpeg,0,good
35392_right.jpeg,0,good
12918_left.jpeg,0,good
10150_left.jpeg,0,good
21970_right.jpeg,0,good
40805_left.jpeg,0,good
5773_left.jpeg,0,good
29625_right.jpeg,0,good
9342_right.jpeg,0,good
31976_left.jpeg,0,good
31334_right.jpeg,0,good
33695_left.jpeg,0,good
39705_right.jpeg,0,good
9785_right.jpeg,0,good
17395_left.jpeg,0,good
13410_left.jpeg,0,good
28047_right.jpeg,0,good
29205_right.jpeg,0,good
8421_right.jpeg,0,good
18005_left.jpeg,0,good
38958_left.jpeg,0,good
24995_right.jpeg,0,good
5511_right.jpeg,0,good
30606_right.jpeg,0,good
31167_right.jpeg,0,good
9167_left.jpeg,0,good
6110_left.jpeg,0,good
16095_right.jpeg,0,good
2252_left.jpeg,0,good
38997_right.jpeg,0,good
4818_left.jpeg,0,good
3112_left.jpeg,0,good
25609_right.jpeg,0,good
37206_right.jpeg,0,good
33272_right.jpeg,0,good
15982_left.jpeg,0,good
3295_left.jpeg,0,good
15798_right.jpeg,0,good
36513_left.jpeg,0,good
38217_left.jpeg,0,good
27152_right.jpeg,0,good
11448_left.jpeg,0,good
10333_right.jpeg,0,good
10454_left.jpeg,0,good
3167_right.jpeg,0,good
25586_right.jpeg,0,good
2754_right.jpeg,0,good
3634_right.jpeg,0,good
967_right.jpeg,0,good
208_left.jpeg,0,good
14916_right.jpeg,0,good
19687_left.jpeg,0,good
6731_left.jpeg,0,good
8496_right.jpeg,0,good
37071_right.jpeg,0,good
43814_left.jpeg,0,good
20024_left.jpeg,0,good
39585_right.jpeg,0,good
42244_left.jpeg,0,good
18011_right.jpeg,0,good
12521_right.jpeg,0,good
1600_right.jpeg,0,good
22622_left.jpeg,0,good
3378_right.jpeg,0,good
20169_left.jpeg,0,good
717_left.jpeg,0,good
39297_right.jpeg,0,good
33148_left.jpeg,0,good
6702_left.jpeg,0,good
9259_left.jpeg,0,good
460_left.jpeg,0,good
27426_right.jpeg,0,good
18184_left.jpeg,0,good
35506_left.jpeg,0,good
29089_left.jpeg,0,good
22071_right.jpeg,0,good
37362_left.jpeg,0,good
9300_left.jpeg,0,good
43959_left.jpeg,0,good
40653_right.jpeg,0,good
8353_right.jpeg,0,good
37819_right.jpeg,0,good
37722_right.jpeg,0,good
40442_right.jpeg,0,good
22168_right.jpeg,0,good
39521_left.jpeg,0,good
2724_right.jpeg,0,good
24111_right.jpeg,0,good
33310_left.jpeg,0,good
35956_left.jpeg,0,good
18042_right.jpeg,0,good
32904_right.jpeg,0,good
10861_right.jpeg,0,good
40525_left.jpeg,0,good
17936_left.jpeg,0,good
42498_right.jpeg,0,good
28381_right.jpeg,0,good
20489_left.jpeg,0,good
22014_left.jpeg,0,good
3000_right.jpeg,0,good
32936_right.jpeg,0,good
8050_left.jpeg,0,good
20088_left.jpeg,0,good
5769_left.jpeg,0,good
38621_left.jpeg,0,good
41365_left.jpeg,0,good
24142_right.jpeg,0,good
18866_right.jpeg,0,good
29656_right.jpeg,0,good
9578_left.jpeg,0,good
10698_right.jpeg,0,good
9705_left.jpeg,0,good
28762_left.jpeg,0,good
41473_left.jpeg,0,good
39481_left.jpeg,0,good
34599_left.jpeg,0,good
6668_left.jpeg,0,good
5589_left.jpeg,0,good
12839_left.jpeg,0,good
39598_left.jpeg,0,good
43363_right.jpeg,0,good
20092_right.jpeg,0,good
17490_right.jpeg,0,good
10558_right.jpeg,0,good
33478_left.jpeg,0,good
36523_right.jpeg,0,good
28587_left.jpeg,0,good
7187_left.jpeg,0,good
16614_left.jpeg,0,good
6878_left.jpeg,0,good
17957_right.jpeg,0,good
42663_left.jpeg,0,good
5437_left.jpeg,0,good
2872_right.jpeg,0,good
36072_left.jpeg,0,good
1589_left.jpeg,0,good
37174_right.jpeg,0,good
14460_right.jpeg,0,good
10644_left.jpeg,0,good
8632_left.jpeg,0,good
41284_left.jpeg,0,good
14631_left.jpeg,0,good
42700_left.jpeg,0,good
8494_right.jpeg,0,good
9933_right.jpeg,0,good
26406_right.jpeg,0,good
13590_right.jpeg,0,good
44168_right.jpeg,0,good
31219_left.jpeg,0,good
34994_right.jpeg,0,good
16917_right.jpeg,0,good
26319_right.jpeg,0,good
36692_left.jpeg,0,good
7686_left.jpeg,0,good
17_left.jpeg,0,good
4140_right.jpeg,0,good
14046_left.jpeg,0,good
14128_right.jpeg,0,good
15314_right.jpeg,0,good
10790_left.jpeg,0,good
1600_left.jpeg,0,good
36411_left.jpeg,0,good
38402_left.jpeg,0,good
34829_right.jpeg,0,good
12303_left.jpeg,0,good
34501_right.jpeg,0,good
43007_right.jpeg,0,good
17543_right.jpeg,0,good
5293_left.jpeg,0,good
22867_right.jpeg,0,good
12313_right.jpeg,0,good
42461_right.jpeg,0,good
39790_right.jpeg,0,good
8643_right.jpeg,0,good
6585_left.jpeg,0,good
26006_left.jpeg,0,good
35316_right.jpeg,0,good
4041_left.jpeg,0,good
38072_right.jpeg,0,good
17922_left.jpeg,0,good
37347_left.jpeg,0,good
25941_left.jpeg,0,good
36846_right.jpeg,0,good
12995_right.jpeg,0,good
22214_left.jpeg,0,good
32402_left.jpeg,0,good
21604_right.jpeg,0,good
37761_right.jpeg,0,good
40887_left.jpeg,0,good
37736_right.jpeg,0,good
32834_right.jpeg,0,good
32912_right.jpeg,0,good
16310_left.jpeg,0,good
25034_left.jpeg,0,good
12124_left.jpeg,0,good
1674_right.jpeg,0,good
37114_left.jpeg,0,good
8779_right.jpeg,0,good
9008_left.jpeg,0,good
3531_left.jpeg,0,good
25364_right.jpeg,0,good
38506_left.jpeg,0,good
2982_right.jpeg,0,good
35556_left.jpeg,0,good
35598_right.jpeg,0,good
43993_right.jpeg,0,good
22607_left.jpeg,0,good
43898_right.jpeg,0,good
4804_right.jpeg,0,good
12488_left.jpeg,0,good
42473_left.jpeg,0,good
42830_left.jpeg,0,good
43960_right.jpeg,0,good
34593_right.jpeg,0,good
29445_right.jpeg,0,good
37709_right.jpeg,0,good
7523_right.jpeg,0,good
34011_right.jpeg,0,good
25658_right.jpeg,0,good
9636_left.jpeg,0,good
35872_right.jpeg,0,good
21524_right.jpeg,0,good
8203_left.jpeg,0,good
33885_left.jpeg,0,good
13482_left.jpeg,0,good
84_right.jpeg,0,good
18090_left.jpeg,0,good
10166_right.jpeg,0,good
28583_left.jpeg,0,good
17653_right.jpeg,0,good
30894_left.jpeg,0,good
25207_left.jpeg,0,good
33995_right.jpeg,0,good
460_right.jpeg,0,good
13976_left.jpeg,0,good
5579_right.jpeg,0,good
14020_left.jpeg,0,good
17181_right.jpeg,0,good
33836_right.jpeg,0,good
14046_right.jpeg,0,good
35461_left.jpeg,0,good
41119_right.jpeg,0,good
41905_left.jpeg,0,good
16488_left.jpeg,0,good
38198_right.jpeg,0,good
39468_right.jpeg,0,good
37138_right.jpeg,0,good
1113_right.jpeg,0,good
25507_right.jpeg,0,good
3710_right.jpeg,0,good
42148_right.jpeg,0,good
35290_left.jpeg,0,good
27162_right.jpeg,0,good
11365_right.jpeg,0,good
23422_left.jpeg,0,good
39764_right.jpeg,0,good
19179_left.jpeg,0,good
39540_right.jpeg,0,good
22590_left.jpeg,0,good
8397_left.jpeg,0,good
12631_right.jpeg,0,good
3001_right.jpeg,0,good
18031_right.jpeg,0,good
27643_right.jpeg,0,good
23196_left.jpeg,0,good
7896_left.jpeg,0,good
32507_right.jpeg,0,good
41905_right.jpeg,0,good
40641_right.jpeg,0,good
15627_left.jpeg,0,good
39325_right.jpeg,0,good
10548_right.jpeg,0,good
32344_right.jpeg,0,good
39650_right.jpeg,0,good
36267_right.jpeg,0,good
23522_right.jpeg,0,good
22299_left.jpeg,0,good
41173_right.jpeg,0,good
10727_right.jpeg,0,good
7875_left.jpeg,0,good
1687_left.jpeg,0,good
21167_right.jpeg,0,good
40293_right.jpeg,0,good
5409_right.jpeg,0,good
27363_right.jpeg,0,good
29553_left.jpeg,0,good
9813_left.jpeg,0,good
14048_left.jpeg,0,good
41284_right.jpeg,0,good
35513_right.jpeg,0,good
25650_right.jpeg,0,good
25135_right.jpeg,0,good
2318_right.jpeg,0,good
39824_left.jpeg,0,good
19830_right.jpeg,0,good
28232_right.jpeg,0,good
42514_left.jpeg,0,good
21164_left.jpeg,0,good
43117_left.jpeg,0,good
34096_right.jpeg,0,good
37134_right.jpeg,0,good
23485_right.jpeg,0,good
15528_right.jpeg,0,good
43618_right.jpeg,0,good
7993_left.jpeg,0,good
20175_left.jpeg,0,good
10340_left.jpeg,0,good
20176_left.jpeg,0,good
33467_left.jpeg,0,good
2305_left.jpeg,0,good
43250_right.jpeg,0,good
33110_right.jpeg,0,good
25745_left.jpeg,0,good
36177_left.jpeg,0,good
29476_right.jpeg,0,good
43421_right.jpeg,0,good
6167_left.jpeg,0,good
22611_right.jpeg,0,good
5924_left.jpeg,0,good
17509_right.jpeg,0,good
42787_right.jpeg,0,good
31405_right.jpeg,0,good
33265_right.jpeg,0,good
7934_left.jpeg,0,good
9168_right.jpeg,0,good
31833_right.jpeg,0,good
39484_left.jpeg,0,good
6397_right.jpeg,0,good
19270_left.jpeg,0,good
25312_left.jpeg,0,good
274_right.jpeg,0,good
22171_left.jpeg,0,good
6342_left.jpeg,0,good
31580_left.jpeg,0,good
44068_left.jpeg,0,good
21614_right.jpeg,0,good
31938_right.jpeg,0,good
32702_left.jpeg,0,good
35616_left.jpeg,0,good
39092_right.jpeg,0,good
4064_left.jpeg,0,good
5763_right.jpeg,0,good
35368_left.jpeg,0,good
27988_left.jpeg,0,good
26750_left.jpeg,0,good
42206_right.jpeg,0,good
10919_right.jpeg,0,good
13522_left.jpeg,0,good
42083_left.jpeg,0,good
28202_left.jpeg,0,good
35336_left.jpeg,0,good
1649_left.jpeg,0,good
15300_right.jpeg,0,good
34726_left.jpeg,0,good
17990_left.jpeg,0,good
14685_left.jpeg,0,good
17746_right.jpeg,0,good
1658_right.jpeg,0,good
19096_right.jpeg,0,good
32265_right.jpeg,0,good
1971_right.jpeg,0,good
19564_right.jpeg,0,good
10030_left.jpeg,0,good
18275_right.jpeg,0,good
20252_right.jpeg,0,good
38362_right.jpeg,0,good
33295_right.jpeg,0,good
14475_left.jpeg,0,good
5296_left.jpeg,0,good
11455_right.jpeg,0,good
5861_left.jpeg,0,good
43006_left.jpeg,0,good
18826_left.jpeg,0,good
29106_right.jpeg,0,good
33991_right.jpeg,0,good
16614_right.jpeg,0,good
14534_right.jpeg,0,good
42784_left.jpeg,0,good
12313_left.jpeg,0,good
25438_left.jpeg,0,good
3276_left.jpeg,0,good
19591_right.jpeg,0,good
318_right.jpeg,0,good
27219_right.jpeg,0,good
24241_left.jpeg,0,good
30539_right.jpeg,0,good
34485_right.jpeg,0,good
38980_left.jpeg,0,good
5465_right.jpeg,0,good
28035_right.jpeg,0,good
31529_right.jpeg,0,good
26109_right.jpeg,0,good
12708_right.jpeg,0,good
12547_left.jpeg,0,good
13839_left.jpeg,0,good
41844_left.jpeg,0,good
21833_left.jpeg,0,good
20212_right.jpeg,0,good
18589_right.jpeg,0,good
23919_right.jpeg,0,good
4003_right.jpeg,0,good
13156_right.jpeg,0,good
37818_left.jpeg,0,good
7093_left.jpeg,0,good
34518_left.jpeg,0,good
37515_right.jpeg,0,good
30495_right.jpeg,0,good
36567_left.jpeg,0,good
20539_right.jpeg,0,good
17067_right.jpeg,0,good
2102_left.jpeg,0,good
5437_right.jpeg,0,good
6493_right.jpeg,0,good
24825_left.jpeg,0,good
9325_left.jpeg,0,good
30242_right.jpeg,0,good
29297_left.jpeg,0,good
14886_right.jpeg,0,good
31888_right.jpeg,0,good
8664_right.jpeg,0,good
40391_right.jpeg,0,good
33282_right.jpeg,0,good
30935_left.jpeg,0,good
41334_left.jpeg,0,good
13517_right.jpeg,0,good
20420_right.jpeg,0,good
18960_right.jpeg,0,good
1113_left.jpeg,0,good
19960_right.jpeg,0,good
6736_right.jpeg,0,good
21084_right.jpeg,0,good
39667_left.jpeg,0,good
39381_right.jpeg,0,good
12233_right.jpeg,0,good
20845_left.jpeg,0,good
24714_left.jpeg,0,good
6938_right.jpeg,0,good
35501_left.jpeg,0,good
35263_right.jpeg,0,good
17720_right.jpeg,0,good
7468_right.jpeg,0,good
22110_right.jpeg,0,good
40754_right.jpeg,0,good
11362_right.jpeg,0,good
19062_left.jpeg,0,good
35156_left.jpeg,0,good
24909_left.jpeg,0,good
24986_left.jpeg,0,good
12491_right.jpeg,0,good
21236_right.jpeg,0,good
44022_right.jpeg,0,good
25577_right.jpeg,0,good
2846_right.jpeg,0,good
6167_right.jpeg,0,good
20034_right.jpeg,0,good
18982_right.jpeg,0,good
24033_left.jpeg,0,good
16150_right.jpeg,0,good
19189_left.jpeg,0,good
33707_right.jpeg,0,good
41590_right.jpeg,0,good
21936_left.jpeg,0,good
22579_left.jpeg,0,good
17494_right.jpeg,0,good
39200_left.jpeg,0,good
29636_left.jpeg,0,good
15991_left.jpeg,0,good
39689_right.jpeg,0,good
21958_left.jpeg,0,good
36978_right.jpeg,0,good
40364_right.jpeg,0,good
30744_right.jpeg,0,good
32633_left.jpeg,0,good
9173_right.jpeg,0,good
23267_right.jpeg,0,good
19327_right.jpeg,0,good
5776_left.jpeg,0,good
35850_right.jpeg,0,good
28272_right.jpeg,0,good
24933_right.jpeg,0,good
8413_left.jpeg,0,good
35339_right.jpeg,0,good
14588_right.jpeg,0,good
42935_left.jpeg,0,good
16042_right.jpeg,0,good
38567_left.jpeg,0,good
22652_left.jpeg,0,good
38555_left.jpeg,0,good
13721_left.jpeg,0,good
22632_right.jpeg,0,good
5974_left.jpeg,0,good
14403_right.jpeg,0,good
2303_left.jpeg,0,good
15821_right.jpeg,0,good
5655_left.jpeg,0,good
2838_right.jpeg,0,good
25717_left.jpeg,0,good
32745_left.jpeg,0,good
31645_right.jpeg,0,good
16929_right.jpeg,0,good
11645_left.jpeg,0,good
29275_left.jpeg,0,good
41501_left.jpeg,0,good
36148_right.jpeg,0,good
29588_left.jpeg,0,good
29636_right.jpeg,0,good
34893_left.jpeg,0,good
29703_left.jpeg,0,good
27844_left.jpeg,0,good
37645_right.jpeg,0,good
34805_left.jpeg,0,good
1260_right.jpeg,0,good
33202_left.jpeg,0,good
44062_left.jpeg,0,good
28912_left.jpeg,0,good
838_right.jpeg,0,good
960_right.jpeg,0,good
35205_right.jpeg,0,good
8375_left.jpeg,0,good
4702_left.jpeg,0,good
22200_right.jpeg,0,good
40036_right.jpeg,0,good
17515_right.jpeg,0,good
24825_right.jpeg,0,good
22041_left.jpeg,0,good
39559_left.jpeg,0,good
24155_right.jpeg,0,good
23021_left.jpeg,0,good
18965_left.jpeg,0,good
34468_right.jpeg,0,good
427_right.jpeg,0,good
43783_left.jpeg,0,good
20739_right.jpeg,0,good
17308_left.jpeg,0,good
21847_right.jpeg,0,good
12667_right.jpeg,0,good
12920_right.jpeg,0,good
25478_right.jpeg,0,good
27136_right.jpeg,0,good
15040_left.jpeg,0,good
6118_right.jpeg,0,good
15747_left.jpeg,0,good
38422_left.jpeg,0,good
21768_right.jpeg,0,good
2802_right.jpeg,0,good
3506_right.jpeg,0,good
27419_left.jpeg,0,good
21472_right.jpeg,0,good
17785_left.jpeg,0,good
31676_right.jpeg,0,good
17488_left.jpeg,0,good
36515_left.jpeg,0,good
35470_right.jpeg,0,good
39798_left.jpeg,0,good
27966_left.jpeg,0,good
10407_right.jpeg,0,good
15797_right.jpeg,0,good
22204_left.jpeg,0,good
2923_left.jpeg,0,good
21961_right.jpeg,0,good
32844_right.jpeg,0,good
34390_left.jpeg,0,good
40921_right.jpeg,0,good
41016_right.jpeg,0,good
14440_right.jpeg,0,good
43258_right.jpeg,0,good
43045_right.jpeg,0,good
41765_right.jpeg,0,good
943_left.jpeg,0,good
12612_right.jpeg,0,good
37194_left.jpeg,0,good
17931_right.jpeg,0,good
38346_right.jpeg,0,good
34408_right.jpeg,0,good
34599_right.jpeg,0,good
1358_right.jpeg,0,good
41103_left.jpeg,0,good
15257_right.jpeg,0,good
17367_right.jpeg,0,good
21255_right.jpeg,0,good
42405_right.jpeg,0,good
19199_right.jpeg,0,good
6940_right.jpeg,0,good
17985_left.jpeg,0,good
14504_left.jpeg,0,good
35175_right.jpeg,0,good
25992_right.jpeg,0,good
10182_right.jpeg,0,good
30537_right.jpeg,0,good
16634_left.jpeg,0,good
36911_right.jpeg,0,good
43268_right.jpeg,0,good
31789_left.jpeg,0,good
17533_right.jpeg,0,good
20851_left.jpeg,0,good
20039_left.jpeg,0,good
42679_left.jpeg,0,good
27057_right.jpeg,0,good
27510_left.jpeg,0,good
24712_right.jpeg,0,good
13427_right.jpeg,0,good
39484_right.jpeg,0,good
13972_right.jpeg,0,good
29768_right.jpeg,0,good
23217_right.jpeg,0,good
10743_right.jpeg,0,good
11158_right.jpeg,0,good
6434_right.jpeg,0,good
29483_left.jpeg,0,good
30233_right.jpeg,0,good
31096_left.jpeg,0,good
25829_left.jpeg,0,good
3743_left.jpeg,0,good
36444_left.jpeg,0,good
22379_right.jpeg,0,good
28409_right.jpeg,0,good
6800_left.jpeg,0,good
35336_right.jpeg,0,good
27851_right.jpeg,0,good
36427_left.jpeg,0,good
38595_right.jpeg,0,good
19925_left.jpeg,0,good
42766_left.jpeg,0,good
22775_left.jpeg,0,good
39468_left.jpeg,0,good
217_left.jpeg,0,good
4850_right.jpeg,0,good
8368_right.jpeg,0,good
9204_right.jpeg,0,good
31469_right.jpeg,0,good
9857_left.jpeg,0,good
34453_left.jpeg,0,good
21797_right.jpeg,0,good
42093_right.jpeg,0,good
39796_right.jpeg,0,good
7461_right.jpeg,0,good
30614_right.jpeg,0,good
33225_left.jpeg,0,good
37278_left.jpeg,0,good
13611_left.jpeg,0,good
26649_left.jpeg,0,good
26163_left.jpeg,0,good
14094_left.jpeg,0,good
10814_left.jpeg,0,good
18499_right.jpeg,0,good
23084_left.jpeg,0,good
22854_left.jpeg,0,good
37586_right.jpeg,0,good
7304_left.jpeg,0,good
41853_left.jpeg,0,good
19238_right.jpeg,0,good
8187_left.jpeg,0,good
25747_left.jpeg,0,good
27988_right.jpeg,0,good
9889_right.jpeg,0,good
18023_left.jpeg,0,good
33103_left.jpeg,0,good
42473_right.jpeg,0,good
21510_right.jpeg,0,good
29704_left.jpeg,0,good
41770_left.jpeg,0,good
6506_left.jpeg,0,good
42063_left.jpeg,0,good
43172_left.jpeg,0,good
1719_right.jpeg,0,good
9083_left.jpeg,0,good
23722_left.jpeg,0,good
31014_left.jpeg,0,good
31598_right.jpeg,0,good
30481_left.jpeg,0,good
23856_left.jpeg,0,good
27956_right.jpeg,0,good
15380_left.jpeg,0,good
25462_left.jpeg,0,good
27789_right.jpeg,0,good
9398_left.jpeg,0,good
29182_left.jpeg,0,good
20483_left.jpeg,0,good
12139_right.jpeg,0,good
34624_right.jpeg,0,good
14526_left.jpeg,0,good
43172_right.jpeg,0,good
7292_left.jpeg,0,good
7832_right.jpeg,0,good
40639_right.jpeg,0,good
21192_right.jpeg,0,good
7850_left.jpeg,0,good
29109_right.jpeg,0,good
25783_left.jpeg,0,good
36886_right.jpeg,0,good
36567_right.jpeg,0,good
17049_left.jpeg,0,good
32791_right.jpeg,0,good
3286_right.jpeg,0,good
11448_right.jpeg,0,good
15544_left.jpeg,0,good
13065_right.jpeg,0,good
17117_right.jpeg,0,good
25871_right.jpeg,0,good
14920_right.jpeg,0,good
15763_right.jpeg,0,good
26707_left.jpeg,0,good
42663_right.jpeg,0,good
15419_right.jpeg,0,good
37982_left.jpeg,0,good
31302_left.jpeg,0,good
8519_right.jpeg,0,good
22672_left.jpeg,0,good
37200_right.jpeg,0,good
20759_left.jpeg,0,good
43583_left.jpeg,0,good
17401_right.jpeg,0,good
41365_right.jpeg,0,good
7695_left.jpeg,0,good
34631_left.jpeg,0,good
17709_left.jpeg,0,good
18498_right.jpeg,0,good
260_left.jpeg,0,good
20420_left.jpeg,0,good
13721_right.jpeg,0,good
2778_right.jpeg,0,good
8977_left.jpeg,0,good
19572_right.jpeg,0,good
44152_left.jpeg,0,good
23210_right.jpeg,0,good
35858_left.jpeg,0,good
44117_left.jpeg,0,good
14356_right.jpeg,0,good
38278_left.jpeg,0,good
17990_right.jpeg,0,good
953_right.jpeg,0,good
26838_right.jpeg,0,good
636_right.jpeg,0,good
42368_left.jpeg,0,good
263_right.jpeg,0,good
42941_right.jpeg,0,good
10553_left.jpeg,0,good
15661_left.jpeg,0,good
17957_left.jpeg,0,good
19925_right.jpeg,0,good
14911_right.jpeg,0,good
5089_right.jpeg,0,good
4362_right.jpeg,0,good
22468_left.jpeg,0,good
43541_right.jpeg,0,good
30935_right.jpeg,0,good
5933_right.jpeg,0,good
25438_right.jpeg,0,good
38723_right.jpeg,0,good
41414_right.jpeg,0,good
27799_left.jpeg,0,good
13066_left.jpeg,0,good
24386_left.jpeg,0,good
13922_right.jpeg,0,good
23745_right.jpeg,0,good
17501_right.jpeg,0,good
40049_left.jpeg,0,good
32587_left.jpeg,0,good
34480_left.jpeg,0,good
10781_left.jpeg,0,good
40_right.jpeg,0,good
7158_left.jpeg,0,good
2155_left.jpeg,0,good
10947_left.jpeg,0,good
7644_left.jpeg,0,good
14902_left.jpeg,0,good
2261_right.jpeg,0,good
29980_right.jpeg,0,good
43728_left.jpeg,0,good
36369_right.jpeg,0,good
615_right.jpeg,0,good
34549_left.jpeg,0,good
38392_left.jpeg,0,good
6287_left.jpeg,0,good
19329_right.jpeg,0,good
28811_right.jpeg,0,good
41770_right.jpeg,0,good
25139_right.jpeg,0,good
26406_left.jpeg,0,good
41733_left.jpeg,0,good
13094_left.jpeg,0,good
14473_right.jpeg,0,good
31434_right.jpeg,0,good
4641_left.jpeg,0,good
25723_left.jpeg,0,good
10501_left.jpeg,0,good
35557_left.jpeg,0,good
2462_right.jpeg,0,good
25737_right.jpeg,0,good
33482_left.jpeg,0,good
42655_right.jpeg,0,good
34527_left.jpeg,0,good
1182_left.jpeg,0,good
44042_left.jpeg,0,good
28463_left.jpeg,0,good
25912_right.jpeg,0,good
13570_right.jpeg,0,good
1161_right.jpeg,0,good
24230_left.jpeg,0,good
39060_left.jpeg,0,good
706_right.jpeg,0,good
19357_left.jpeg,0,good
30360_left.jpeg,0,good
38506_right.jpeg,0,good
9525_left.jpeg,0,good
21655_right.jpeg,0,good
9868_right.jpeg,0,good
40431_right.jpeg,0,good
42424_left.jpeg,0,good
19878_left.jpeg,0,good
38207_left.jpeg,0,good
6763_left.jpeg,0,good
28287_left.jpeg,0,good
609_right.jpeg,0,good
15424_right.jpeg,0,good
19409_left.jpeg,0,good
7438_left.jpeg,0,good
28623_left.jpeg,0,good
24305_right.jpeg,0,good
10223_left.jpeg,0,good
3211_left.jpeg,0,good
12506_left.jpeg,0,good
26334_left.jpeg,0,good
36709_right.jpeg,0,good
42678_right.jpeg,0,good
11550_left.jpeg,0,good
31095_right.jpeg,0,good
27780_left.jpeg,0,good
37586_left.jpeg,0,good
20428_right.jpeg,0,good
35478_right.jpeg,0,good
27728_right.jpeg,0,good
38213_right.jpeg,0,good
32731_left.jpeg,0,good
19249_left.jpeg,0,good
43796_right.jpeg,0,good
6483_right.jpeg,0,good
20822_right.jpeg,0,good
43747_right.jpeg,0,good
29732_left.jpeg,0,good
35330_left.jpeg,0,good
19580_right.jpeg,0,good
28095_right.jpeg,0,good
7556_right.jpeg,0,good
28247_right.jpeg,0,good
23584_left.jpeg,0,good
6317_right.jpeg,0,good
37564_right.jpeg,0,good
15239_right.jpeg,0,good
6990_left.jpeg,0,good
22611_left.jpeg,0,good
4781_left.jpeg,0,good
23821_right.jpeg,0,good
8788_left.jpeg,0,good
30043_right.jpeg,0,good
31575_right.jpeg,0,good
3581_right.jpeg,0,good
21936_right.jpeg,0,good
12839_right.jpeg,0,good
42709_right.jpeg,0,good
26111_right.jpeg,0,good
40277_right.jpeg,0,good
25474_right.jpeg,0,good
38303_right.jpeg,0,good
31035_right.jpeg,0,good
4064_right.jpeg,0,good
40770_left.jpeg,0,good
8395_left.jpeg,0,good
7667_left.jpeg,0,good
36036_right.jpeg,0,good
23523_right.jpeg,0,good
7962_left.jpeg,0,good
33963_left.jpeg,0,good
31358_right.jpeg,0,good
25118_left.jpeg,0,good
39078_left.jpeg,0,good
18136_right.jpeg,0,good
23605_right.jpeg,0,good
10541_left.jpeg,0,good
17506_right.jpeg,0,good
17202_left.jpeg,0,good
10710_left.jpeg,0,good
24398_left.jpeg,0,good
22878_left.jpeg,0,good
29092_right.jpeg,0,good
39848_right.jpeg,0,good
39689_left.jpeg,0,good
21924_left.jpeg,0,good
22166_left.jpeg,0,good
3593_right.jpeg,0,good
35470_left.jpeg,0,good
333_left.jpeg,0,good
31412_right.jpeg,0,good
38900_right.jpeg,0,good
3300_right.jpeg,0,good
8596_right.jpeg,0,good
21043_left.jpeg,0,good
37449_right.jpeg,0,good
7190_right.jpeg,0,good
8778_right.jpeg,0,good
24848_left.jpeg,0,good
39699_right.jpeg,0,good
10257_right.jpeg,0,good
12000_left.jpeg,0,good
19810_right.jpeg,0,good
26118_left.jpeg,0,good
9546_right.jpeg,0,good
31095_left.jpeg,0,good
35739_right.jpeg,0,good
6879_right.jpeg,0,good
9844_right.jpeg,0,good
21219_right.jpeg,0,good
4857_left.jpeg,0,good
34403_left.jpeg,0,good
20189_right.jpeg,0,good
30496_left.jpeg,0,good
5569_right.jpeg,0,good
43899_right.jpeg,0,good
129_left.jpeg,0,good
17871_left.jpeg,0,good
26344_left.jpeg,0,good
17153_right.jpeg,0,good
10391_right.jpeg,0,good
22034_left.jpeg,0,good
39120_right.jpeg,0,good
25587_left.jpeg,0,good
7991_left.jpeg,0,good
27964_right.jpeg,0,good
666_left.jpeg,0,good
14432_right.jpeg,0,good
25949_right.jpeg,0,good
8011_right.jpeg,0,good
15645_right.jpeg,0,good
26288_right.jpeg,0,good
27214_right.jpeg,0,good
24490_left.jpeg,0,good
36483_right.jpeg,0,good
38408_left.jpeg,0,good
13014_right.jpeg,0,good
35544_right.jpeg,0,good
31591_right.jpeg,0,good
26335_left.jpeg,0,good
40370_left.jpeg,0,good
6186_right.jpeg,0,good
44113_right.jpeg,0,good
33216_right.jpeg,0,good
22842_right.jpeg,0,good
838_left.jpeg,0,good
9775_left.jpeg,0,good
35556_right.jpeg,0,good
14967_left.jpeg,0,good
34458_left.jpeg,0,good
18069_right.jpeg,0,good
11545_left.jpeg,0,good
1696_left.jpeg,0,good
25949_left.jpeg,0,good
3356_left.jpeg,0,good
44123_left.jpeg,0,good
14323_left.jpeg,0,good
23933_left.jpeg,0,good
24878_right.jpeg,0,good
7474_right.jpeg,0,good
31378_right.jpeg,0,good
11744_right.jpeg,0,good
28409_left.jpeg,0,good
21022_right.jpeg,0,good
21349_left.jpeg,0,good
32581_left.jpeg,0,good
8280_right.jpeg,0,good
39232_right.jpeg,0,good
27728_left.jpeg,0,good
3699_right.jpeg,0,good
12547_right.jpeg,0,good
21344_right.jpeg,0,good
43898_left.jpeg,0,good
17998_left.jpeg,0,good
25062_right.jpeg,0,good
5155_left.jpeg,0,good
36220_left.jpeg,0,good
6317_left.jpeg,0,good
37598_right.jpeg,0,good
4257_left.jpeg,0,good
7852_right.jpeg,0,good
30587_right.jpeg,0,good
15257_left.jpeg,0,good
1140_left.jpeg,0,good
1277_right.jpeg,0,good
9544_left.jpeg,0,good
29688_right.jpeg,0,good
42357_left.jpeg,0,good
5713_right.jpeg,0,good
36637_left.jpeg,0,good
6545_left.jpeg,0,good
5496_left.jpeg,0,good
39385_right.jpeg,0,good
33507_left.jpeg,0,good
15640_right.jpeg,0,good
41675_left.jpeg,0,good
3417_left.jpeg,0,good
43340_right.jpeg,0,good
4784_right.jpeg,0,good
7801_right.jpeg,0,good
7603_left.jpeg,0,good
20987_right.jpeg,0,good
25584_left.jpeg,0,good
10831_right.jpeg,0,good
7732_left.jpeg,0,good
33747_left.jpeg,0,good
27067_right.jpeg,0,good
37935_right.jpeg,0,good
32277_left.jpeg,0,good
23847_left.jpeg,0,good
3333_left.jpeg,0,good
23351_right.jpeg,0,good
13638_left.jpeg,0,good
20541_left.jpeg,0,good
4864_left.jpeg,0,good
3754_left.jpeg,0,good
2288_right.jpeg,0,good
33156_left.jpeg,0,good
59_right.jpeg,0,good
20071_right.jpeg,0,good
20425_right.jpeg,0,good
25335_right.jpeg,0,good
12597_left.jpeg,0,good
40570_right.jpeg,0,good
15892_right.jpeg,0,good
13844_right.jpeg,0,good
10368_right.jpeg,0,good
33385_left.jpeg,0,good
35422_right.jpeg,0,good
43609_right.jpeg,0,good
18836_right.jpeg,0,good
31970_left.jpeg,0,good
25645_right.jpeg,0,good
33570_left.jpeg,0,good
10722_left.jpeg,0,good
15251_right.jpeg,0,good
33148_right.jpeg,0,good
40764_left.jpeg,0,good
7703_right.jpeg,0,good
7379_left.jpeg,0,good
35579_left.jpeg,0,good
42505_left.jpeg,0,good
22535_right.jpeg,0,good
22782_left.jpeg,0,good
27171_right.jpeg,0,good
26227_right.jpeg,0,good
32358_right.jpeg,0,good
11645_right.jpeg,0,good
13237_right.jpeg,0,good
5315_left.jpeg,0,good
35175_left.jpeg,0,good
3163_right.jpeg,0,good
26698_left.jpeg,0,good
11904_right.jpeg,0,good
37446_right.jpeg,0,good
20815_left.jpeg,0,good
26184_right.jpeg,0,good
13504_right.jpeg,0,good
34222_left.jpeg,0,good
1032_left.jpeg,0,good
8627_left.jpeg,0,good
20299_right.jpeg,0,good
32510_left.jpeg,0,good
16842_right.jpeg,0,good
25132_right.jpeg,0,good
38998_right.jpeg,0,good
17769_right.jpeg,0,good
23919_left.jpeg,0,good
16781_right.jpeg,0,good
2078_left.jpeg,0,good
9173_left.jpeg,0,good
40132_left.jpeg,0,good
42919_right.jpeg,0,good
25317_right.jpeg,0,good
20300_right.jpeg,0,good
25701_left.jpeg,0,good
40107_left.jpeg,0,good
878_right.jpeg,0,good
15982_right.jpeg,0,good
38059_left.jpeg,0,good
19071_left.jpeg,0,good
13610_right.jpeg,0,good
27196_right.jpeg,0,good
16929_left.jpeg,0,good
28067_right.jpeg,0,good
15635_right.jpeg,0,good
32298_right.jpeg,0,good
5285_left.jpeg,0,good
32639_right.jpeg,0,good
6609_right.jpeg,0,good
39796_left.jpeg,0,good
224_left.jpeg,0,good
27779_left.jpeg,0,good
17942_left.jpeg,0,good
35458_left.jpeg,0,good
34667_right.jpeg,0,good
30914_right.jpeg,0,good
26581_left.jpeg,0,good
17734_right.jpeg,0,good
644_right.jpeg,0,good
34372_right.jpeg,0,good
13274_left.jpeg,0,good
44010_right.jpeg,0,good
1713_left.jpeg,0,good
11639_left.jpeg,0,good
11724_left.jpeg,0,good
41297_left.jpeg,0,good
19928_left.jpeg,0,good
26711_right.jpeg,0,good
4266_right.jpeg,0,good
6670_left.jpeg,0,good
26421_right.jpeg,0,good
10190_left.jpeg,0,good
39170_right.jpeg,0,good
3795_left.jpeg,0,good
8842_right.jpeg,0,good
37905_right.jpeg,0,good
11487_left.jpeg,0,good
31827_right.jpeg,0,good
27521_left.jpeg,0,good
4697_right.jpeg,0,good
17152_right.jpeg,0,good
752_right.jpeg,0,good
35221_left.jpeg,0,good
17630_right.jpeg,0,good
7648_left.jpeg,0,good
23260_left.jpeg,0,good
9377_left.jpeg,0,good
31705_right.jpeg,0,good
33590_left.jpeg,0,good
20066_right.jpeg,0,good
15747_right.jpeg,0,good
29019_left.jpeg,0,good
13643_right.jpeg,0,good
41851_right.jpeg,0,good
12305_left.jpeg,0,good
5906_left.jpeg,0,good
14610_right.jpeg,0,good
25118_right.jpeg,0,good
20906_right.jpeg,0,good
30144_right.jpeg,0,good
11652_left.jpeg,0,good
427_left.jpeg,0,good
12863_right.jpeg,0,good
19289_right.jpeg,0,good
2978_left.jpeg,0,good
7993_right.jpeg,0,good
15471_right.jpeg,0,good
37395_right.jpeg,0,good
14863_left.jpeg,0,good
17384_left.jpeg,0,good
38216_right.jpeg,0,good
20109_left.jpeg,0,good
39626_right.jpeg,0,good
21383_left.jpeg,0,good
30097_right.jpeg,0,good
40924_right.jpeg,0,good
14282_right.jpeg,0,good
29619_right.jpeg,0,good
37266_left.jpeg,0,good
30429_left.jpeg,0,good
13607_left.jpeg,0,good
18405_right.jpeg,0,good
16488_right.jpeg,0,good
18318_right.jpeg,0,good
43945_left.jpeg,0,good
31746_left.jpeg,0,good
29658_left.jpeg,0,good
38367_right.jpeg,0,good
30158_right.jpeg,0,good
15712_left.jpeg,0,good
17962_right.jpeg,0,good
19238_left.jpeg,0,good
14283_left.jpeg,0,good
6836_left.jpeg,0,good
12295_left.jpeg,0,good
4903_right.jpeg,0,good
430_left.jpeg,0,good
13564_left.jpeg,0,good
5212_right.jpeg,0,good
36886_left.jpeg,0,good
12591_right.jpeg,0,good
21734_right.jpeg,0,good
10388_left.jpeg,0,good
28357_left.jpeg,0,good
42095_right.jpeg,0,good
33915_left.jpeg,0,good
18951_left.jpeg,0,good
39926_left.jpeg,0,good
15549_right.jpeg,0,good
17459_right.jpeg,0,good
17367_left.jpeg,0,good
7111_left.jpeg,0,good
42420_right.jpeg,0,good
25233_left.jpeg,0,good
41376_left.jpeg,0,good
3909_right.jpeg,0,good
19202_left.jpeg,0,good
301_right.jpeg,0,good
987_left.jpeg,0,good
252_right.jpeg,0,good
33396_right.jpeg,0,good
28170_left.jpeg,0,good
30782_right.jpeg,0,good
36911_left.jpeg,0,good
20578_right.jpeg,0,good
34611_left.jpeg,0,good
14754_left.jpeg,0,good
25577_left.jpeg,0,good
1294_left.jpeg,0,good
22422_right.jpeg,0,good
39753_left.jpeg,0,good
36686_right.jpeg,0,good
25412_right.jpeg,0,good
11067_right.jpeg,0,good
9033_right.jpeg,0,good
29508_left.jpeg,0,good
7300_left.jpeg,0,good
9657_right.jpeg,0,good
39934_right.jpeg,0,good
32405_left.jpeg,0,good
43887_left.jpeg,0,good
14723_right.jpeg,0,good
18999_left.jpeg,0,good
29117_left.jpeg,0,good
25823_left.jpeg,0,good
29214_right.jpeg,0,good
13997_left.jpeg,0,good
39403_right.jpeg,0,good
22315_left.jpeg,0,good
25818_right.jpeg,0,good
29524_left.jpeg,0,good
35290_right.jpeg,0,good
2378_left.jpeg,0,good
17728_left.jpeg,0,good
1779_left.jpeg,0,good
42714_right.jpeg,0,good
8303_left.jpeg,0,good
32357_left.jpeg,0,good
10650_right.jpeg,0,good
42935_right.jpeg,0,good
2227_left.jpeg,0,good
27826_right.jpeg,0,good
39078_right.jpeg,0,good
9929_left.jpeg,0,good
33265_left.jpeg,0,good
26227_left.jpeg,0,good
2247_right.jpeg,0,good
41675_right.jpeg,0,good
43523_right.jpeg,0,good
10610_right.jpeg,0,good
16021_right.jpeg,0,good
19564_left.jpeg,0,good
20425_left.jpeg,0,good
35422_left.jpeg,0,good
19052_left.jpeg,0,good
7357_right.jpeg,0,good
42957_left.jpeg,0,good
36220_right.jpeg,0,good
2724_left.jpeg,0,good
286_left.jpeg,0,good
17717_left.jpeg,0,good
967_left.jpeg,0,good
43853_right.jpeg,0,good
14615_right.jpeg,0,good
16388_right.jpeg,0,good
20556_left.jpeg,0,good
32633_right.jpeg,0,good
26200_right.jpeg,0,good
39510_right.jpeg,0,good
34128_right.jpeg,0,good
26266_left.jpeg,0,good
19103_right.jpeg,0,good
25595_right.jpeg,0,good
32560_left.jpeg,0,good
26349_left.jpeg,0,good
32874_left.jpeg,0,good
13951_left.jpeg,0,good
5596_right.jpeg,0,good
3334_left.jpeg,0,good
7486_right.jpeg,0,good
9092_right.jpeg,0,good
36289_right.jpeg,0,good
37041_right.jpeg,0,good
21985_left.jpeg,0,good
38561_left.jpeg,0,good
6535_right.jpeg,0,good
1035_left.jpeg,0,good
38072_left.jpeg,0,good
9810_right.jpeg,0,good
28177_right.jpeg,0,good
12005_right.jpeg,0,good
37071_left.jpeg,0,good
27004_left.jpeg,0,good
39598_right.jpeg,0,good
3022_right.jpeg,0,good
819_left.jpeg,0,good
14674_right.jpeg,0,good
22063_right.jpeg,0,good
2334_left.jpeg,0,good
43853_left.jpeg,0,good
12924_right.jpeg,0,good
13933_right.jpeg,0,good
29611_right.jpeg,0,good
17592_left.jpeg,0,good
30821_left.jpeg,0,good
13753_right.jpeg,0,good
8378_right.jpeg,0,good
7898_left.jpeg,0,good
39848_left.jpeg,0,good
30990_left.jpeg,0,good
3653_right.jpeg,0,good
27972_right.jpeg,0,good
31966_left.jpeg,0,good
18616_left.jpeg,0,good
31545_left.jpeg,0,good
34245_left.jpeg,0,good
9398_right.jpeg,0,good
26051_right.jpeg,0,good
32815_right.jpeg,0,good
28687_left.jpeg,0,good
11717_right.jpeg,0,good
24270_left.jpeg,0,good
20162_left.jpeg,0,good
5112_left.jpeg,0,good
42782_left.jpeg,0,good
42631_right.jpeg,0,good
36811_left.jpeg,0,good
17501_left.jpeg,0,good
18780_right.jpeg,0,good
1144_right.jpeg,0,good
21158_left.jpeg,0,good
26020_right.jpeg,0,good
30557_right.jpeg,0,good
7304_right.jpeg,0,good
22132_right.jpeg,0,good
29304_left.jpeg,0,good
15190_right.jpeg,0,good
11553_right.jpeg,0,good
19859_left.jpeg,0,good
25645_left.jpeg,0,good
41308_right.jpeg,0,good
9509_right.jpeg,0,good
2865_right.jpeg,0,good
29359_right.jpeg,0,good
39934_left.jpeg,0,good
31995_left.jpeg,0,good
42704_left.jpeg,0,good
27112_right.jpeg,0,good
23873_left.jpeg,0,good
25593_right.jpeg,0,good
42354_left.jpeg,0,good
40758_right.jpeg,0,good
37122_right.jpeg,0,good
35077_left.jpeg,0,good
26421_left.jpeg,0,good
21504_right.jpeg,0,good
1687_right.jpeg,0,good
14311_left.jpeg,0,good
34405_right.jpeg,0,good
15695_right.jpeg,0,good
17143_right.jpeg,0,good
11503_right.jpeg,0,good
25574_right.jpeg,0,good
877_right.jpeg,0,good
35880_right.jpeg,0,good
40337_left.jpeg,0,good
24086_left.jpeg,0,good
43355_left.jpeg,0,good
19649_right.jpeg,0,good
30655_left.jpeg,0,good
39657_left.jpeg,0,good
41527_right.jpeg,0,good
36545_right.jpeg,0,good
18750_right.jpeg,0,good
9578_right.jpeg,0,good
8469_left.jpeg,0,good
11805_left.jpeg,0,good
23342_right.jpeg,0,good
6549_right.jpeg,0,good
24279_right.jpeg,0,good
6434_left.jpeg,0,good
20310_left.jpeg,0,good
4899_right.jpeg,0,good
24044_right.jpeg,0,good
2030_left.jpeg,0,good
6011_right.jpeg,0,good
30573_right.jpeg,0,good
39824_right.jpeg,0,good
42368_right.jpeg,0,good
20621_right.jpeg,0,good
41802_left.jpeg,0,good
9507_right.jpeg,0,good
38789_right.jpeg,0,good
37032_right.jpeg,0,good
19553_left.jpeg,0,good
29004_right.jpeg,0,good
42965_left.jpeg,0,good
21064_left.jpeg,0,good
15151_right.jpeg,0,good
17491_right.jpeg,0,good
1206_left.jpeg,0,good
24665_left.jpeg,0,good
20995_right.jpeg,0,good
17442_left.jpeg,0,good
13341_right.jpeg,0,good
22034_right.jpeg,0,good
18252_right.jpeg,0,good
31598_left.jpeg,0,good
30613_right.jpeg,0,good
35593_left.jpeg,0,good
28015_left.jpeg,0,good
25518_right.jpeg,0,good
9889_left.jpeg,0,good
26344_right.jpeg,0,good
2846_left.jpeg,0,good
4538_right.jpeg,0,good
41844_right.jpeg,0,good
7156_right.jpeg,0,good
22280_right.jpeg,0,good
3778_right.jpeg,0,good
22538_right.jpeg,0,good
23412_left.jpeg,0,good
34884_left.jpeg,0,good
880_right.jpeg,0,good
22134_left.jpeg,0,good
9933_left.jpeg,0,good
28265_left.jpeg,0,good
38838_left.jpeg,0,good
14051_right.jpeg,0,good
1592_right.jpeg,0,good
10353_right.jpeg,0,good
5664_right.jpeg,0,good
31335_left.jpeg,0,good
2285_left.jpeg,0,good
33783_left.jpeg,0,good
19520_left.jpeg,0,good
35591_right.jpeg,0,good
36466_right.jpeg,0,good
5276_left.jpeg,0,good
20037_left.jpeg,0,good
34879_right.jpeg,0,good
3648_left.jpeg,0,good
10616_right.jpeg,0,good
32793_right.jpeg,0,good
27138_right.jpeg,0,good
26678_right.jpeg,0,good
2136_left.jpeg,0,good
30856_right.jpeg,0,good
43298_left.jpeg,0,good
6066_right.jpeg,0,good
40811_left.jpeg,0,good
29126_right.jpeg,0,good
18602_right.jpeg,0,good
20671_right.jpeg,0,good
33415_right.jpeg,0,good
13264_right.jpeg,0,good
25587_right.jpeg,0,good
33835_left.jpeg,0,good
14898_right.jpeg,0,good
40888_right.jpeg,0,good
19115_right.jpeg,0,good
24895_right.jpeg,0,good
44240_right.jpeg,0,good
9269_left.jpeg,0,good
10940_left.jpeg,0,good
8885_right.jpeg,0,good
23946_left.jpeg,0,good
43163_right.jpeg,0,good
7371_left.jpeg,0,good
42491_right.jpeg,0,good
31358_left.jpeg,0,good
14028_left.jpeg,0,good
22476_right.jpeg,0,good
17111_left.jpeg,0,good
20_left.jpeg,0,good
3889_right.jpeg,0,good
2307_left.jpeg,0,good
6653_right.jpeg,0,good
37515_left.jpeg,0,good
3094_left.jpeg,0,good
41739_right.jpeg,0,good
2669_left.jpeg,0,good
38217_right.jpeg,0,good
14650_right.jpeg,0,good
3142_right.jpeg,0,good
23824_left.jpeg,0,good
886_right.jpeg,0,good
8598_right.jpeg,0,good
14570_right.jpeg,0,good
18014_left.jpeg,0,good
13448_left.jpeg,0,good
38413_right.jpeg,0,good
22814_left.jpeg,0,good
8842_left.jpeg,0,good
28214_right.jpeg,0,good
39097_left.jpeg,0,good
25448_left.jpeg,0,good
17025_right.jpeg,0,good
43008_left.jpeg,0,good
20867_left.jpeg,0,good
38810_right.jpeg,0,good
38621_right.jpeg,0,good
37727_right.jpeg,0,good
39720_right.jpeg,0,good
26111_left.jpeg,0,good
36466_left.jpeg,0,good
31961_left.jpeg,0,good
15949_left.jpeg,0,good
31541_left.jpeg,0,good
39042_right.jpeg,0,good
1492_left.jpeg,0,good
1394_right.jpeg,0,good
20125_left.jpeg,0,good
16258_right.jpeg,0,good
17567_left.jpeg,0,good
41277_left.jpeg,0,good
17852_left.jpeg,0,good
25500_right.jpeg,0,good
30976_left.jpeg,0,good
18193_left.jpeg,0,good
32604_right.jpeg,0,good
39092_left.jpeg,0,good
36403_right.jpeg,0,good
43729_left.jpeg,0,good
16375_left.jpeg,0,good
28577_left.jpeg,0,good
37039_right.jpeg,0,good
5676_right.jpeg,0,good
13765_left.jpeg,0,good
7299_right.jpeg,0,good
4357_left.jpeg,0,good
28870_right.jpeg,0,good
41613_right.jpeg,0,good
40040_left.jpeg,0,good
25670_left.jpeg,0,good
1967_right.jpeg,0,good
26724_right.jpeg,0,good
29542_right.jpeg,0,good
25963_left.jpeg,0,good
8187_right.jpeg,0,good
32787_right.jpeg,0,good
11091_right.jpeg,0,good
31549_left.jpeg,0,good
11805_right.jpeg,0,good
37562_left.jpeg,0,good
7466_left.jpeg,0,good
8329_left.jpeg,0,good
20295_left.jpeg,0,good
13600_right.jpeg,0,good
38164_left.jpeg,0,good
35004_left.jpeg,0,good
17630_left.jpeg,0,good
1506_right.jpeg,0,good
13069_right.jpeg,0,good
13017_right.jpeg,0,good
5806_left.jpeg,0,good
2087_left.jpeg,0,good
42803_left.jpeg,0,good
2182_left.jpeg,0,good
35908_right.jpeg,0,good
38402_right.jpeg,0,good
12678_right.jpeg,0,good
36411_right.jpeg,0,good
24823_left.jpeg,0,good
24878_left.jpeg,0,good
30215_left.jpeg,0,good
23456_left.jpeg,0,good
13116_right.jpeg,0,good
32731_right.jpeg,0,good
20088_right.jpeg,0,good
3600_left.jpeg,0,good
41918_right.jpeg,0,good
19966_right.jpeg,0,good
21280_left.jpeg,0,good
27407_right.jpeg,0,good
1424_left.jpeg,0,good
8034_left.jpeg,0,good
41250_right.jpeg,0,good
33869_left.jpeg,0,good
4738_right.jpeg,0,good
20464_left.jpeg,0,good
42256_left.jpeg,0,good
18392_right.jpeg,0,good
4685_right.jpeg,0,good
35646_left.jpeg,0,good
19968_right.jpeg,0,good
24353_right.jpeg,0,good
13017_left.jpeg,0,good
20541_right.jpeg,0,good
42505_right.jpeg,0,good
17450_right.jpeg,0,good
27032_left.jpeg,0,good
35278_right.jpeg,0,good
8581_right.jpeg,0,good
8643_left.jpeg,0,good
17340_left.jpeg,0,good
8059_right.jpeg,0,good
11698_right.jpeg,0,good
43742_left.jpeg,0,good
32610_left.jpeg,0,good
12842_left.jpeg,0,good
41721_right.jpeg,0,good
9390_left.jpeg,0,good
18515_right.jpeg,0,good
4519_right.jpeg,0,good
20066_left.jpeg,0,good
16740_left.jpeg,0,good
12708_left.jpeg,0,good
1502_right.jpeg,0,good
6719_right.jpeg,0,good
6669_left.jpeg,0,good
39778_left.jpeg,0,good
6452_right.jpeg,0,good
17766_left.jpeg,0,good
32793_left.jpeg,0,good
5511_left.jpeg,0,good
11495_left.jpeg,0,good
25069_right.jpeg,0,good
9366_right.jpeg,0,good
40517_right.jpeg,0,good
7098_left.jpeg,0,good
24933_left.jpeg,0,good
12187_left.jpeg,0,good
27152_left.jpeg,0,good
1140_right.jpeg,0,good
13643_left.jpeg,0,good
11949_right.jpeg,0,good
41414_left.jpeg,0,good
30413_right.jpeg,0,good
611_left.jpeg,0,good
33336_left.jpeg,0,good
5497_right.jpeg,0,good
13308_left.jpeg,0,good
26763_right.jpeg,0,good
24988_left.jpeg,0,good
17845_right.jpeg,0,good
35810_left.jpeg,0,good
43308_right.jpeg,0,good
42309_right.jpeg,0,good
11420_right.jpeg,0,good
30429_right.jpeg,0,good
26890_right.jpeg,0,good
16524_right.jpeg,0,good
31067_right.jpeg,0,good
4329_left.jpeg,0,good
42174_left.jpeg,0,good
39972_left.jpeg,0,good
42419_left.jpeg,0,good
14533_left.jpeg,0,good
12155_left.jpeg,0,good
40888_left.jpeg,0,good
31540_right.jpeg,0,good
25992_left.jpeg,0,good
3703_left.jpeg,0,good
5906_right.jpeg,0,good
16620_left.jpeg,0,good
21525_left.jpeg,0,good
36238_right.jpeg,0,good
28132_left.jpeg,0,good
22103_right.jpeg,0,good
1145_right.jpeg,0,good
4078_left.jpeg,0,good
28711_left.jpeg,0,good
12620_left.jpeg,0,good
17796_left.jpeg,0,good
204_left.jpeg,0,good
15419_left.jpeg,0,good
1199_right.jpeg,0,good
26515_right.jpeg,0,good
20996_left.jpeg,0,good
44179_left.jpeg,0,good
25364_left.jpeg,0,good
44349_right.jpeg,0,good
23941_right.jpeg,0,good
23267_left.jpeg,0,good
3375_right.jpeg,0,good
37836_right.jpeg,0,good
11717_left.jpeg,0,good
32834_left.jpeg,0,good
30692_right.jpeg,0,good
7811_right.jpeg,0,good
7906_right.jpeg,0,good
19840_right.jpeg,0,good
34701_right.jpeg,0,good
30396_right.jpeg,0,good
2802_left.jpeg,0,good
22586_right.jpeg,0,good
25931_right.jpeg,0,good
7588_right.jpeg,0,good
20855_right.jpeg,0,good
38928_right.jpeg,0,good
14626_right.jpeg,0,good
37954_left.jpeg,0,good
22272_right.jpeg,0,good
42244_right.jpeg,0,good
20174_left.jpeg,0,good
18945_right.jpeg,0,good
29004_left.jpeg,0,good
11642_left.jpeg,0,good
27186_right.jpeg,0,good
30682_right.jpeg,0,good
38397_right.jpeg,0,good
24450_right.jpeg,0,good
19614_right.jpeg,0,good
11490_left.jpeg,0,good
2577_right.jpeg,0,good
34105_left.jpeg,0,good
22567_left.jpeg,0,good
28701_right.jpeg,0,good
161_left.jpeg,0,good
18038_right.jpeg,0,good
43575_left.jpeg,0,good
22954_right.jpeg,0,good
3786_right.jpeg,0,good
33804_left.jpeg,0,good
10562_right.jpeg,0,good
13570_left.jpeg,0,good
25064_left.jpeg,0,good
13211_right.jpeg,0,good
43061_right.jpeg,0,good
37758_left.jpeg,0,good
40107_right.jpeg,0,good
39333_right.jpeg,0,good
12918_right.jpeg,0,good
6301_right.jpeg,0,good
15523_right.jpeg,0,good
3778_left.jpeg,0,good
34004_right.jpeg,0,good
34390_right.jpeg,0,good
33163_right.jpeg,0,good
17264_left.jpeg,0,good
35739_left.jpeg,0,good
3766_left.jpeg,0,good
12971_left.jpeg,0,good
21998_left.jpeg,0,good
34095_left.jpeg,0,good
34863_right.jpeg,0,good
4842_right.jpeg,0,good
26368_left.jpeg,0,good
35803_right.jpeg,0,good
14086_right.jpeg,0,good
8030_left.jpeg,0,good
33014_right.jpeg,0,good
24533_right.jpeg,0,good
3333_right.jpeg,0,good
10636_right.jpeg,0,good
1495_left.jpeg,0,good
20100_right.jpeg,0,good
18689_left.jpeg,0,good
18028_right.jpeg,0,good
5514_right.jpeg,0,good
29894_left.jpeg,0,good
22154_left.jpeg,0,good
28524_left.jpeg,0,good
18864_left.jpeg,0,good
20118_left.jpeg,0,good
17728_right.jpeg,0,good
23483_right.jpeg,0,good
9168_left.jpeg,0,good
1630_left.jpeg,0,good
678_left.jpeg,0,good
18231_right.jpeg,0,good
5589_right.jpeg,0,good
963_left.jpeg,0,good
23697_left.jpeg,0,good
12912_left.jpeg,0,good
36764_right.jpeg,0,good
5994_left.jpeg,0,good
4232_right.jpeg,0,good
30115_left.jpeg,0,good
11293_right.jpeg,0,good
33030_right.jpeg,0,good
23999_right.jpeg,0,good
6719_left.jpeg,0,good
35206_left.jpeg,0,good
5285_right.jpeg,0,good
34841_right.jpeg,0,good
30182_right.jpeg,0,good
23456_right.jpeg,0,good
12255_right.jpeg,0,good
1832_right.jpeg,0,good
15955_left.jpeg,0,good
21896_left.jpeg,0,good
19874_right.jpeg,0,good
37965_right.jpeg,0,good
21611_left.jpeg,0,good
12745_left.jpeg,0,good
4716_left.jpeg,0,good
197_right.jpeg,0,good
32470_left.jpeg,0,good
32017_left.jpeg,0,good
15314_left.jpeg,0,good
39924_right.jpeg,0,good
39864_right.jpeg,0,good
13156_left.jpeg,0,good
12417_right.jpeg,0,good
23342_left.jpeg,0,good
7283_right.jpeg,0,good
16257_right.jpeg,0,good
42634_left.jpeg,0,good
1373_left.jpeg,0,good
23718_right.jpeg,0,good
42452_left.jpeg,0,good
21658_left.jpeg,0,good
10560_right.jpeg,0,good
10606_right.jpeg,0,good
1528_left.jpeg,0,good
42908_left.jpeg,0,good
32168_left.jpeg,0,good
26349_right.jpeg,0,good
23531_left.jpeg,0,good
30919_left.jpeg,0,good
18509_right.jpeg,0,good
9317_right.jpeg,0,good
2483_right.jpeg,0,good
14610_left.jpeg,0,good
10833_left.jpeg,0,good
21825_right.jpeg,0,good
21525_right.jpeg,0,good
6760_right.jpeg,0,good
2536_left.jpeg,0,good
34170_right.jpeg,0,good
10159_right.jpeg,0,good
30587_left.jpeg,0,good
18655_left.jpeg,0,good
15928_left.jpeg,0,good
39663_left.jpeg,0,good
40040_right.jpeg,0,good
42491_left.jpeg,0,good
12429_right.jpeg,0,good
7793_left.jpeg,0,good
37030_left.jpeg,0,good
16049_left.jpeg,0,good
35813_left.jpeg,0,good
20544_left.jpeg,0,good
42174_right.jpeg,0,good
30329_right.jpeg,0,good
27895_right.jpeg,0,good
6757_right.jpeg,0,good
34832_right.jpeg,0,good
40913_left.jpeg,0,good
9658_left.jpeg,0,good
37469_right.jpeg,0,good
6290_right.jpeg,0,good
26114_left.jpeg,0,good
39150_right.jpeg,0,good
16956_right.jpeg,0,good
31196_left.jpeg,0,good
36684_right.jpeg,0,good
4917_left.jpeg,0,good
33639_left.jpeg,0,good
25037_left.jpeg,0,good
11143_left.jpeg,0,good
32624_right.jpeg,0,good
43945_right.jpeg,0,good
6518_left.jpeg,0,good
9503_right.jpeg,0,good
37130_left.jpeg,0,good
8778_left.jpeg,0,good
34752_right.jpeg,0,good
37145_right.jpeg,0,good
26328_left.jpeg,0,good
6138_right.jpeg,0,good
24679_right.jpeg,0,good
22077_left.jpeg,0,good
33447_right.jpeg,0,good
27655_right.jpeg,0,good
12519_right.jpeg,0,good
14091_left.jpeg,0,good
23856_right.jpeg,0,good
34479_right.jpeg,0,good
10940_right.jpeg,0,good
252_left.jpeg,0,good
2582_right.jpeg,0,good
34611_right.jpeg,0,good
43639_right.jpeg,0,good
19592_left.jpeg,0,good
34639_left.jpeg,0,good
31219_right.jpeg,0,good
28780_right.jpeg,0,good
32711_left.jpeg,0,good
43561_right.jpeg,0,good
29246_right.jpeg,0,good
34486_right.jpeg,0,good
37041_left.jpeg,0,good
40634_left.jpeg,0,good
38399_left.jpeg,0,good
31133_right.jpeg,0,good
39032_right.jpeg,0,good
7606_left.jpeg,0,good
4490_right.jpeg,0,good
12920_left.jpeg,0,good
6705_left.jpeg,0,good
41379_left.jpeg,0,good
2984_left.jpeg,0,good
16221_right.jpeg,0,good
35805_right.jpeg,0,good
7573_right.jpeg,0,good
7228_right.jpeg,0,good
24328_right.jpeg,0,good
30623_right.jpeg,0,good
24971_left.jpeg,0,good
8469_right.jpeg,0,good
10369_right.jpeg,0,good
41528_right.jpeg,0,good
35304_right.jpeg,0,good
28213_right.jpeg,0,good
13502_right.jpeg,0,good
35013_right.jpeg,0,good
9972_left.jpeg,0,good
38624_right.jpeg,0,good
8500_right.jpeg,0,good
17264_right.jpeg,0,good
32891_right.jpeg,0,good
36571_left.jpeg,0,good
34634_left.jpeg,0,good
10961_right.jpeg,0,good
25141_right.jpeg,0,good
34503_left.jpeg,0,good
14899_left.jpeg,0,good
27085_left.jpeg,0,good
10660_right.jpeg,0,good
20523_left.jpeg,0,good
37200_left.jpeg,0,good
39021_left.jpeg,0,good
2272_right.jpeg,0,good
18756_left.jpeg,0,good
11974_left.jpeg,0,good
39945_left.jpeg,0,good
16593_right.jpeg,0,good
34860_left.jpeg,0,good
13481_left.jpeg,0,good
25523_left.jpeg,0,good
7339_right.jpeg,0,good
1764_right.jpeg,0,good
29654_right.jpeg,0,good
29991_right.jpeg,0,good
42653_left.jpeg,0,good
27768_right.jpeg,0,good
22632_left.jpeg,0,good
15244_right.jpeg,0,good
3671_right.jpeg,0,good
19199_left.jpeg,0,good
27779_right.jpeg,0,good
32952_right.jpeg,0,good
20522_left.jpeg,0,good
23679_right.jpeg,0,good
24949_right.jpeg,0,good
27112_left.jpeg,0,good
25756_right.jpeg,0,good
19179_right.jpeg,0,good
9310_left.jpeg,0,good
1396_right.jpeg,0,good
9333_right.jpeg,0,good
28227_left.jpeg,0,good
8231_right.jpeg,0,good
39120_left.jpeg,0,good
4776_right.jpeg,0,good
41269_right.jpeg,0,good
17985_right.jpeg,0,good
36526_right.jpeg,0,good
22492_right.jpeg,0,good
42021_right.jpeg,0,good
24890_right.jpeg,0,good
42657_left.jpeg,0,good
28346_left.jpeg,0,good
21714_right.jpeg,0,good
23410_right.jpeg,0,good
23216_left.jpeg,0,good
4041_right.jpeg,0,good
43575_right.jpeg,0,good
13995_right.jpeg,0,good
33123_left.jpeg,0,good
23106_left.jpeg,0,good
44242_right.jpeg,0,good
40752_left.jpeg,0,good
11915_left.jpeg,0,good
10160_left.jpeg,0,good
25648_right.jpeg,0,good
11427_left.jpeg,0,good
27430_right.jpeg,0,good
15960_right.jpeg,0,good
4184_right.jpeg,0,good
3378_left.jpeg,0,good
12651_right.jpeg,0,good
9010_right.jpeg,0,good
32980_right.jpeg,0,good
3581_left.jpeg,0,good
41060_right.jpeg,0,good
4842_left.jpeg,0,good
17030_right.jpeg,0,good
28792_right.jpeg,0,good
19793_right.jpeg,0,good
865_right.jpeg,0,good
7989_right.jpeg,0,good
17515_left.jpeg,0,good
28568_right.jpeg,0,good
42095_left.jpeg,0,good
27763_right.jpeg,0,good
39435_right.jpeg,0,good
21718_left.jpeg,0,good
21485_left.jpeg,0,good
12092_left.jpeg,0,good
44079_left.jpeg,0,good
16826_right.jpeg,0,good
33000_right.jpeg,0,good
21596_right.jpeg,0,good
14858_left.jpeg,0,good
23009_right.jpeg,0,good
34317_left.jpeg,0,good
19934_left.jpeg,0,good
38998_left.jpeg,0,good
5029_right.jpeg,0,good
32758_left.jpeg,0,good
24989_right.jpeg,0,good
41526_right.jpeg,0,good
42149_right.jpeg,0,good
39664_right.jpeg,0,good
25956_right.jpeg,0,good
8368_left.jpeg,0,good
40793_right.jpeg,0,good
26553_right.jpeg,0,good
29818_left.jpeg,0,good
26155_left.jpeg,0,good
42207_right.jpeg,0,good
17086_left.jpeg,0,good
42633_left.jpeg,0,good
34918_right.jpeg,0,good
42419_right.jpeg,0,good
14874_right.jpeg,0,good
8043_left.jpeg,0,good
18914_left.jpeg,0,good
40863_left.jpeg,0,good
4724_right.jpeg,0,good
615_left.jpeg,0,good
18176_left.jpeg,0,good
2877_left.jpeg,0,good
16334_right.jpeg,0,good
19843_left.jpeg,0,good
20674_right.jpeg,0,good
39036_right.jpeg,0,good
28646_right.jpeg,0,good
10159_left.jpeg,0,good
2404_left.jpeg,0,good
20355_right.jpeg,0,good
12958_left.jpeg,0,good
6203_right.jpeg,0,good
13636_left.jpeg,0,good
37185_right.jpeg,0,good
15625_right.jpeg,0,good
2125_left.jpeg,0,good
6546_left.jpeg,0,good
4123_left.jpeg,0,good
24242_right.jpeg,0,good
31174_right.jpeg,0,good
13446_right.jpeg,0,good
41473_right.jpeg,0,good
10130_left.jpeg,0,good
30029_right.jpeg,0,good
32944_right.jpeg,0,good
43259_left.jpeg,0,good
36933_left.jpeg,0,good
29995_right.jpeg,0,good
8514_right.jpeg,0,good
1020_left.jpeg,0,good
16320_right.jpeg,0,good
33013_left.jpeg,0,good
18767_right.jpeg,0,good
218_right.jpeg,0,good
30469_right.jpeg,0,good
25284_left.jpeg,0,good
38603_left.jpeg,0,good
23770_right.jpeg,0,good
30105_right.jpeg,0,good
34299_right.jpeg,0,good
29883_left.jpeg,0,good
32677_right.jpeg,0,good
2577_left.jpeg,0,good
15717_right.jpeg,0,good
38596_right.jpeg,0,good
10239_right.jpeg,0,good
41317_left.jpeg,0,good
42957_right.jpeg,0,good
4697_left.jpeg,0,good
23309_right.jpeg,0,good
11397_right.jpeg,0,good
31707_right.jpeg,0,good
14630_left.jpeg,0,good
37111_right.jpeg,0,good
28646_left.jpeg,0,good
38753_right.jpeg,0,good
39207_left.jpeg,0,good
28573_left.jpeg,0,good
15165_right.jpeg,0,good
24270_right.jpeg,0,good
43001_right.jpeg,0,good
34352_left.jpeg,0,good
28173_right.jpeg,0,good
13400_right.jpeg,0,good
4734_right.jpeg,0,good
32490_right.jpeg,0,good
1096_right.jpeg,0,good
18185_left.jpeg,0,good
39972_right.jpeg,0,good
12227_left.jpeg,0,good
40324_right.jpeg,0,good
37726_right.jpeg,0,good
22204_right.jpeg,0,good
9589_left.jpeg,0,good
3060_right.jpeg,0,good
28463_right.jpeg,0,good
11890_left.jpeg,0,good
32007_left.jpeg,0,good
44159_left.jpeg,0,good
6473_left.jpeg,0,good
33467_right.jpeg,0,good
30884_left.jpeg,0,good
13229_left.jpeg,0,good
38166_left.jpeg,0,good
37451_left.jpeg,0,good
33227_left.jpeg,0,good
20692_right.jpeg,0,good
6678_left.jpeg,0,good
20659_left.jpeg,0,good
9166_right.jpeg,0,good
31309_left.jpeg,0,good
10226_right.jpeg,0,good
29885_left.jpeg,0,good
10009_right.jpeg,0,good
21195_left.jpeg,0,good
36941_left.jpeg,0,good
12521_left.jpeg,0,good
11744_left.jpeg,0,good
18663_left.jpeg,0,good
35775_right.jpeg,0,good
14526_right.jpeg,0,good
25419_left.jpeg,0,good
21383_right.jpeg,0,good
28037_right.jpeg,0,good
28469_left.jpeg,0,good
31673_right.jpeg,0,good
4306_right.jpeg,0,good
8113_left.jpeg,0,good
12295_right.jpeg,0,good
6088_left.jpeg,0,good
32464_left.jpeg,0,good
3306_left.jpeg,0,good
34690_right.jpeg,0,good
20950_left.jpeg,0,good
35969_left.jpeg,0,good
5233_left.jpeg,0,good
33173_right.jpeg,0,good
2247_left.jpeg,0,good
30913_left.jpeg,0,good
21630_right.jpeg,0,good
21192_left.jpeg,0,good
39751_right.jpeg,0,good
34805_right.jpeg,0,good
17814_right.jpeg,0,good
16679_right.jpeg,0,good
16487_right.jpeg,0,good
31185_left.jpeg,0,good
11957_right.jpeg,0,good
40905_left.jpeg,0,good
43179_left.jpeg,0,good
9951_left.jpeg,0,good
18471_left.jpeg,0,good
16130_left.jpeg,0,good
25022_right.jpeg,0,good
4658_right.jpeg,0,good
23605_left.jpeg,0,good
4723_right.jpeg,0,good
5655_right.jpeg,0,good
4959_left.jpeg,0,good
42168_left.jpeg,0,good
32507_left.jpeg,0,good
32639_left.jpeg,0,good
14522_right.jpeg,0,good
18478_right.jpeg,0,good
13922_left.jpeg,0,good
2561_left.jpeg,0,good
36626_left.jpeg,0,good
38861_left.jpeg,0,good
9855_left.jpeg,0,good
41544_left.jpeg,0,good
7832_left.jpeg,0,good
12307_left.jpeg,0,good
23786_left.jpeg,0,good
30016_right.jpeg,0,good
36566_left.jpeg,0,good
38699_right.jpeg,0,good
35206_right.jpeg,0,good
4847_right.jpeg,0,good
21448_right.jpeg,0,good
13951_right.jpeg,0,good
14468_right.jpeg,0,good
7743_right.jpeg,0,good
8050_right.jpeg,0,good
16109_right.jpeg,0,good
20778_left.jpeg,0,good
7881_left.jpeg,0,good
39693_left.jpeg,0,good
22476_left.jpeg,0,good
40144_right.jpeg,0,good
21987_left.jpeg,0,good
44117_right.jpeg,0,good
34494_right.jpeg,0,good
24424_left.jpeg,0,good
42011_right.jpeg,0,good
42149_left.jpeg,0,good
25085_right.jpeg,0,good
6725_right.jpeg,0,good
945_right.jpeg,0,good
38241_right.jpeg,0,good
42634_right.jpeg,0,good
22227_right.jpeg,0,good
3227_right.jpeg,0,good
19582_left.jpeg,0,good
16320_left.jpeg,0,good
23217_left.jpeg,0,good
35013_left.jpeg,0,good
6734_left.jpeg,0,good
9258_right.jpeg,0,good
30433_right.jpeg,0,good
4800_left.jpeg,0,good
39876_right.jpeg,0,good
9243_left.jpeg,0,good
3432_right.jpeg,0,good
38524_left.jpeg,0,good
43728_right.jpeg,0,good
30018_right.jpeg,0,good
25716_left.jpeg,0,good
34692_right.jpeg,0,good
10468_left.jpeg,0,good
36626_right.jpeg,0,good
29676_right.jpeg,0,good
25004_right.jpeg,0,good
30097_left.jpeg,0,good
9204_left.jpeg,0,good
30230_left.jpeg,0,good
11490_right.jpeg,0,good
7784_left.jpeg,0,good
6760_left.jpeg,0,good
8397_right.jpeg,0,good
20739_left.jpeg,0,good
35593_right.jpeg,0,good
41215_right.jpeg,0,good
1736_right.jpeg,0,good
42070_left.jpeg,0,good
42826_right.jpeg,0,good
31409_left.jpeg,0,good
30092_right.jpeg,0,good
16843_right.jpeg,0,good
495_right.jpeg,0,good
27971_right.jpeg,0,good
35489_left.jpeg,0,good
7796_left.jpeg,0,good
37185_left.jpeg,0,good
33601_right.jpeg,0,good
37555_left.jpeg,0,good
15551_right.jpeg,0,good
9740_right.jpeg,0,good
21854_right.jpeg,0,good
22838_right.jpeg,0,good
37553_left.jpeg,0,good
1502_left.jpeg,0,good
29730_right.jpeg,0,good
37868_right.jpeg,0,good
29479_left.jpeg,0,good
27168_left.jpeg,0,good
6102_left.jpeg,0,good
8110_right.jpeg,0,good
40223_left.jpeg,0,good
28811_left.jpeg,0,good
4009_left.jpeg,0,good
21627_left.jpeg,0,good
3605_left.jpeg,0,good
30714_left.jpeg,0,good
29267_right.jpeg,0,good
32211_right.jpeg,0,good
33472_left.jpeg,0,good
32047_left.jpeg,0,good
13841_right.jpeg,0,good
17722_left.jpeg,0,good
24890_left.jpeg,0,good
10916_right.jpeg,0,good
16429_right.jpeg,0,good
34265_left.jpeg,0,good
10924_left.jpeg,0,good
17606_left.jpeg,0,good
17945_left.jpeg,0,good
40460_right.jpeg,0,good
16468_right.jpeg,0,good
16130_right.jpeg,0,good
28436_left.jpeg,0,good
34050_right.jpeg,0,good
44069_left.jpeg,0,good
12631_left.jpeg,0,good
26208_right.jpeg,0,good
30858_left.jpeg,0,good
2887_right.jpeg,0,good
33794_left.jpeg,0,good
39637_left.jpeg,0,good
21236_left.jpeg,0,good
13844_left.jpeg,0,good
11503_left.jpeg,0,good
33321_right.jpeg,0,good
16384_left.jpeg,0,good
3146_left.jpeg,0,good
14568_right.jpeg,0,good
12675_right.jpeg,0,good
39657_right.jpeg,0,good
27029_left.jpeg,0,good
36281_left.jpeg,0,good
33425_right.jpeg,0,good
3053_left.jpeg,0,good
19688_right.jpeg,0,good
11736_left.jpeg,0,good
15161_left.jpeg,0,good
15308_right.jpeg,0,good
29503_right.jpeg,0,good
23731_right.jpeg,0,good
31972_right.jpeg,0,good
19515_left.jpeg,0,good
22991_left.jpeg,0,good
19302_right.jpeg,0,good
34023_left.jpeg,0,good
2604_left.jpeg,0,good
42068_left.jpeg,0,good
43131_left.jpeg,0,good
11646_left.jpeg,0,good
43233_right.jpeg,0,good
15886_left.jpeg,0,good
18653_right.jpeg,0,good
12074_right.jpeg,0,good
26315_left.jpeg,0,good
13094_right.jpeg,0,good
32470_right.jpeg,0,good
1391_right.jpeg,0,good
42217_right.jpeg,0,good
5155_right.jpeg,0,good
22799_left.jpeg,0,good
13397_right.jpeg,0,good
12817_left.jpeg,0,good
30182_left.jpeg,0,good
21873_right.jpeg,0,good
36428_right.jpeg,0,good
25893_right.jpeg,0,good
21816_left.jpeg,0,good
38330_right.jpeg,0,good
17873_right.jpeg,0,good
43372_right.jpeg,0,good
13013_right.jpeg,0,good
33498_right.jpeg,0,good
2606_right.jpeg,0,good
6165_right.jpeg,0,good
27156_right.jpeg,0,good
23507_left.jpeg,0,good
21006_right.jpeg,0,good
3174_left.jpeg,0,good
31966_right.jpeg,0,good
33619_left.jpeg,0,good
10206_right.jpeg,0,good
30108_left.jpeg,0,good
42568_right.jpeg,0,good
14495_right.jpeg,0,good
28202_right.jpeg,0,good
35675_right.jpeg,0,good
9875_left.jpeg,0,good
14901_right.jpeg,0,good
28213_left.jpeg,0,good
17488_right.jpeg,0,good
35501_right.jpeg,0,good
31347_left.jpeg,0,good
6832_left.jpeg,0,good
412_left.jpeg,0,good
20544_right.jpeg,0,good
29049_right.jpeg,0,good
28170_right.jpeg,0,good
42452_right.jpeg,0,good
19474_left.jpeg,0,good
32073_right.jpeg,0,good
20523_right.jpeg,0,good
13987_right.jpeg,0,good
27695_left.jpeg,0,good
38421_right.jpeg,0,good
41588_right.jpeg,0,good
992_left.jpeg,0,good
37894_right.jpeg,0,good
10915_right.jpeg,0,good
11997_left.jpeg,0,good
21507_right.jpeg,0,good
12433_left.jpeg,0,good
21455_right.jpeg,0,good
20078_right.jpeg,0,good
4735_left.jpeg,0,good
31275_left.jpeg,0,good
37315_left.jpeg,0,good
14947_right.jpeg,0,good
41972_left.jpeg,0,good
1050_left.jpeg,0,good
37736_left.jpeg,0,good
20163_right.jpeg,0,good
2660_left.jpeg,0,good
41673_left.jpeg,0,good
4488_right.jpeg,0,good
42155_right.jpeg,0,good
25197_left.jpeg,0,good
8203_right.jpeg,0,good
19940_left.jpeg,0,good
8002_left.jpeg,0,good
15523_left.jpeg,0,good
39571_right.jpeg,0,good
35868_left.jpeg,0,good
25138_right.jpeg,0,good
6420_right.jpeg,0,good
337_left.jpeg,0,good
33995_left.jpeg,0,good
8479_left.jpeg,0,good
28556_left.jpeg,0,good
10031_right.jpeg,0,good
12639_left.jpeg,0,good
33252_left.jpeg,0,good
10389_right.jpeg,0,good
9777_right.jpeg,0,good
19004_right.jpeg,0,good
4987_right.jpeg,0,good
20987_left.jpeg,0,good
13569_left.jpeg,0,good
9884_right.jpeg,0,good
37448_left.jpeg,0,good
37599_left.jpeg,0,good
311_right.jpeg,0,good
15755_left.jpeg,0,good
44099_left.jpeg,0,good
43797_right.jpeg,0,good
1324_right.jpeg,0,good
10015_right.jpeg,0,good
5514_left.jpeg,0,good
25632_left.jpeg,0,good
28123_left.jpeg,0,good
17627_left.jpeg,0,good
38592_right.jpeg,0,good
28406_right.jpeg,0,good
14256_right.jpeg,0,good
9913_left.jpeg,0,good
31558_left.jpeg,0,good
616_left.jpeg,0,good
21852_left.jpeg,0,good
19219_right.jpeg,0,good
34340_left.jpeg,0,good
38356_right.jpeg,0,good
34380_left.jpeg,0,good
7506_right.jpeg,0,good
23178_left.jpeg,0,good
36296_right.jpeg,0,good
13065_left.jpeg,0,good
16401_right.jpeg,0,good
25945_right.jpeg,0,good
22820_left.jpeg,0,good
5047_left.jpeg,0,good
28408_right.jpeg,0,good
18616_right.jpeg,0,good
42921_right.jpeg,0,good
29549_right.jpeg,0,good
11385_left.jpeg,0,good
28492_left.jpeg,0,good
36815_left.jpeg,0,good
13229_right.jpeg,0,good
10987_right.jpeg,0,good
11858_right.jpeg,0,good
22484_left.jpeg,0,good
29790_right.jpeg,0,good
5241_left.jpeg,0,good
27219_left.jpeg,0,good
264_left.jpeg,0,good
7368_right.jpeg,0,good
11738_right.jpeg,0,good
8878_right.jpeg,0,good
3983_left.jpeg,0,good
32498_right.jpeg,0,good
348_left.jpeg,0,good
26890_left.jpeg,0,good
29508_right.jpeg,0,good
33014_left.jpeg,0,good
12675_left.jpeg,0,good
1785_left.jpeg,0,good
34321_left.jpeg,0,good
19052_right.jpeg,0,good
30600_right.jpeg,0,good
575_left.jpeg,0,good
32380_left.jpeg,0,good
11946_right.jpeg,0,good
26644_right.jpeg,0,good
259_right.jpeg,0,good
31209_right.jpeg,0,good
22272_left.jpeg,0,good
1982_right.jpeg,0,good
32807_left.jpeg,0,good
37656_left.jpeg,0,good
32168_right.jpeg,0,good
31473_right.jpeg,0,good
5015_left.jpeg,0,good
16076_right.jpeg,0,good
6011_left.jpeg,0,good
9502_left.jpeg,0,good
42122_left.jpeg,0,good
40252_right.jpeg,0,good
32990_left.jpeg,0,good
36937_right.jpeg,0,good
18014_right.jpeg,0,good
43491_left.jpeg,0,good
12988_left.jpeg,0,good
39864_left.jpeg,0,good
43993_left.jpeg,0,good
19071_right.jpeg,0,good
9604_right.jpeg,0,good
40659_right.jpeg,0,good
4116_left.jpeg,0,good
39860_left.jpeg,0,good
31420_right.jpeg,0,good
1411_right.jpeg,0,good
23513_right.jpeg,0,good
43561_left.jpeg,0,good
31862_right.jpeg,0,good
30749_left.jpeg,0,good
14028_right.jpeg,0,good
6811_right.jpeg,0,good
12396_left.jpeg,0,good
3782_right.jpeg,0,good
13839_right.jpeg,0,good
2488_right.jpeg,0,good
27273_right.jpeg,0,good
29704_right.jpeg,0,good
12247_right.jpeg,0,good
23897_right.jpeg,0,good
2984_right.jpeg,0,good
2776_right.jpeg,0,good
29618_right.jpeg,0,good
30213_right.jpeg,0,good
30527_left.jpeg,0,good
12397_left.jpeg,0,good
30236_left.jpeg,0,good
7352_right.jpeg,0,good
30594_left.jpeg,0,good
5063_right.jpeg,0,good
15062_left.jpeg,0,good
16635_left.jpeg,0,good
43943_left.jpeg,0,good
31359_right.jpeg,0,good
39011_right.jpeg,0,good
43657_left.jpeg,0,good
645_left.jpeg,0,good
33716_left.jpeg,0,good
2249_left.jpeg,0,good
36812_right.jpeg,0,good
9549_right.jpeg,0,good
6578_right.jpeg,0,good
15531_right.jpeg,0,good
15745_left.jpeg,0,good
17153_left.jpeg,0,good
10457_left.jpeg,0,good
22222_right.jpeg,0,good
33919_right.jpeg,0,good
9269_right.jpeg,0,good
26226_right.jpeg,0,good
43141_left.jpeg,0,good
39908_left.jpeg,0,good
23188_right.jpeg,0,good
40731_left.jpeg,0,good
18187_right.jpeg,0,good
4085_right.jpeg,0,good
25988_right.jpeg,0,good
3250_left.jpeg,0,good
39926_right.jpeg,0,good
36192_right.jpeg,0,good
32073_left.jpeg,0,good
395_left.jpeg,0,good
40875_left.jpeg,0,good
4326_right.jpeg,0,good
42944_right.jpeg,0,good
14009_right.jpeg,0,good
31150_left.jpeg,0,good
19145_right.jpeg,0,good
25088_right.jpeg,0,good
35428_left.jpeg,0,good
15000_right.jpeg,0,good
40508_left.jpeg,0,good
33478_right.jpeg,0,good
34907_right.jpeg,0,good
18071_left.jpeg,0,good
13237_left.jpeg,0,good
31873_left.jpeg,0,good
12912_right.jpeg,0,good
13522_right.jpeg,0,good
41377_left.jpeg,0,good
26258_left.jpeg,0,good
11724_right.jpeg,0,good
24731_left.jpeg,0,good
38759_left.jpeg,0,good
41084_right.jpeg,0,good
42321_right.jpeg,0,good
27999_left.jpeg,0,good
14368_right.jpeg,0,good
26365_right.jpeg,0,good
25723_right.jpeg,0,good
8788_right.jpeg,0,good
5009_left.jpeg,0,good
11896_left.jpeg,0,good
37756_right.jpeg,0,good
21409_right.jpeg,0,good
21270_left.jpeg,0,good
27722_right.jpeg,0,good
19968_left.jpeg,0,good
29993_left.jpeg,0,good
39024_left.jpeg,0,good
4824_right.jpeg,0,good
39042_left.jpeg,0,good
6872_left.jpeg,0,good
10284_left.jpeg,0,good
18300_right.jpeg,0,good
3519_left.jpeg,0,good
12075_right.jpeg,0,good
7283_left.jpeg,0,good
42768_right.jpeg,0,good
12536_right.jpeg,0,good
23130_right.jpeg,0,good
23260_right.jpeg,0,good
23993_left.jpeg,0,good
28328_left.jpeg,0,good
34350_left.jpeg,0,good
17922_right.jpeg,0,good
14159_right.jpeg,0,good
5693_right.jpeg,0,good
21167_left.jpeg,0,good
38517_left.jpeg,0,good
32952_left.jpeg,0,good
31752_right.jpeg,0,good
6732_left.jpeg,0,good
13397_left.jpeg,0,good
14626_left.jpeg,0,good
15893_left.jpeg,0,good
24343_right.jpeg,0,good
17716_right.jpeg,0,good
40700_right.jpeg,0,good
8541_right.jpeg,0,good
3994_left.jpeg,0,good
18499_left.jpeg,0,good
19325_right.jpeg,0,good
28687_right.jpeg,0,good
14169_right.jpeg,0,good
37138_left.jpeg,0,good
9402_left.jpeg,0,good
12715_left.jpeg,0,good
31941_right.jpeg,0,good
42436_left.jpeg,0,good
28677_left.jpeg,0,good
4959_right.jpeg,0,good
13891_right.jpeg,0,good
27286_right.jpeg,0,good
13708_right.jpeg,0,good
37892_left.jpeg,0,good
36975_right.jpeg,0,good
34830_right.jpeg,0,good
33216_left.jpeg,0,good
33707_left.jpeg,0,good
7200_right.jpeg,0,good
9370_right.jpeg,0,good
5657_left.jpeg,0,good
33855_left.jpeg,0,good
14718_right.jpeg,0,good
26011_left.jpeg,0,good
30297_left.jpeg,0,good
24421_left.jpeg,0,good
10919_left.jpeg,0,good
15182_right.jpeg,0,good
12700_left.jpeg,0,good
35679_right.jpeg,0,good
27038_left.jpeg,0,good
19266_left.jpeg,0,good
18261_left.jpeg,0,good
41249_right.jpeg,0,good
14650_left.jpeg,0,good
26314_right.jpeg,0,good
14675_right.jpeg,0,good
7158_right.jpeg,0,good
43311_right.jpeg,0,good
11087_left.jpeg,0,good
8632_right.jpeg,0,good
40250_right.jpeg,0,good
38476_right.jpeg,0,good
30586_right.jpeg,0,good
35571_right.jpeg,0,good
15182_left.jpeg,0,good
2288_left.jpeg,0,good
22229_right.jpeg,0,good
21686_right.jpeg,0,good
929_right.jpeg,0,good
2378_right.jpeg,0,good
4400_right.jpeg,0,good
3295_right.jpeg,0,good
17287_right.jpeg,0,good
22660_left.jpeg,0,good
37235_left.jpeg,0,good
8002_right.jpeg,0,good
12660_left.jpeg,0,good
249_right.jpeg,0,good
17232_right.jpeg,0,good
21196_right.jpeg,0,good
9325_right.jpeg,0,good
23897_left.jpeg,0,good
38278_right.jpeg,0,good
28967_right.jpeg,0,good
18005_right.jpeg,0,good
39668_right.jpeg,0,good
2399_right.jpeg,0,good
10452_right.jpeg,0,good
12326_left.jpeg,0,good
25584_right.jpeg,0,good
18239_right.jpeg,0,good
5089_left.jpeg,0,good
19782_right.jpeg,0,good
26040_left.jpeg,0,good
22835_right.jpeg,0,good
8387_left.jpeg,0,good
13502_left.jpeg,0,good
3698_right.jpeg,0,good
905_right.jpeg,0,good
38256_left.jpeg,0,good
21509_right.jpeg,0,good
18447_right.jpeg,0,good
41048_left.jpeg,0,good
6136_left.jpeg,0,good
27510_right.jpeg,0,good
11926_right.jpeg,0,good
4085_left.jpeg,0,good
26830_left.jpeg,0,good
18206_left.jpeg,0,good
39218_right.jpeg,0,good
39224_left.jpeg,0,good
25745_right.jpeg,0,good
16233_left.jpeg,0,good
44066_right.jpeg,0,good
41947_left.jpeg,0,good
129_right.jpeg,0,good
9525_right.jpeg,0,good
18008_right.jpeg,0,good
13952_left.jpeg,0,good
40125_right.jpeg,0,good
14119_right.jpeg,0,good
36259_left.jpeg,0,good
19637_left.jpeg,0,good
35035_left.jpeg,0,good
8407_right.jpeg,0,good
15879_right.jpeg,0,good
8087_right.jpeg,0,good
31309_right.jpeg,0,good
10421_right.jpeg,0,good
42560_left.jpeg,0,good
18947_right.jpeg,0,good
29894_right.jpeg,0,good
37692_left.jpeg,0,good
20195_left.jpeg,0,good
23531_right.jpeg,0,good
25322_left.jpeg,0,good
2980_right.jpeg,0,good
27912_right.jpeg,0,good
14631_right.jpeg,0,good
11246_right.jpeg,0,good
24580_right.jpeg,0,good
5695_right.jpeg,0,good
3142_left.jpeg,0,good
25175_left.jpeg,0,good
31409_right.jpeg,0,good
186_right.jpeg,0,good
1741_right.jpeg,0,good
39860_right.jpeg,0,good
33025_right.jpeg,0,good
43318_right.jpeg,0,good
32380_right.jpeg,0,good
12573_left.jpeg,0,good
22473_right.jpeg,0,good
37014_left.jpeg,0,good
7784_right.jpeg,0,good
10199_left.jpeg,0,good
34839_right.jpeg,0,good
39611_right.jpeg,0,good
13309_left.jpeg,0,good
40180_right.jpeg,0,good
24299_right.jpeg,0,good
1021_right.jpeg,0,good
20_right.jpeg,0,good
22323_left.jpeg,0,good
2652_right.jpeg,0,good
26493_left.jpeg,0,good
43079_right.jpeg,0,good
3478_left.jpeg,0,good
22227_left.jpeg,0,good
40915_right.jpeg,0,good
39072_right.jpeg,0,good
32711_right.jpeg,0,good
25756_left.jpeg,0,good
3877_right.jpeg,0,good
18643_right.jpeg,0,good
21065_left.jpeg,0,good
12286_right.jpeg,0,good
28711_right.jpeg,0,good
4326_left.jpeg,0,good
15216_left.jpeg,0,good
22630_left.jpeg,0,good
40704_right.jpeg,0,good
22808_right.jpeg,0,good
23190_left.jpeg,0,good
32888_right.jpeg,0,good
17009_right.jpeg,0,good
2965_left.jpeg,0,good
14058_right.jpeg,0,good
11638_left.jpeg,0,good
12515_left.jpeg,0,good
35643_right.jpeg,0,good
8061_left.jpeg,0,good
30269_right.jpeg,0,good
22925_right.jpeg,0,good
29482_right.jpeg,0,good
42143_left.jpeg,0,good
22695_right.jpeg,0,good
11625_left.jpeg,0,good
31420_left.jpeg,0,good
22470_left.jpeg,0,good
38734_right.jpeg,0,good
24262_right.jpeg,0,good
1055_left.jpeg,0,good
5112_right.jpeg,0,good
5993_right.jpeg,0,good
12567_left.jpeg,0,good
6831_right.jpeg,0,good
3506_left.jpeg,0,good
41278_right.jpeg,0,good
30092_left.jpeg,0,good
42803_right.jpeg,0,good
40777_right.jpeg,0,good
34299_left.jpeg,0,good
35850_left.jpeg,0,good
25335_left.jpeg,0,good
30348_left.jpeg,0,good
6671_right.jpeg,0,good
4490_left.jpeg,0,good
21820_left.jpeg,0,good
36811_right.jpeg,0,good
28272_left.jpeg,0,good
18643_left.jpeg,0,good
12105_left.jpeg,0,good
21536_left.jpeg,0,good
15667_right.jpeg,0,good
38935_left.jpeg,0,good
9951_right.jpeg,0,good
18584_left.jpeg,0,good
29203_right.jpeg,0,good
30157_left.jpeg,0,good
13283_left.jpeg,0,good
3479_left.jpeg,0,good
39717_left.jpeg,0,good
13618_left.jpeg,0,good
19289_left.jpeg,0,good
38617_right.jpeg,0,good
38331_right.jpeg,0,good
43872_left.jpeg,0,good
23884_left.jpeg,0,good
15244_left.jpeg,0,good
25072_right.jpeg,0,good
18218_right.jpeg,0,good
38664_right.jpeg,0,good
17355_left.jpeg,0,good
44013_right.jpeg,0,good
35484_left.jpeg,0,good
13896_left.jpeg,0,good
17546_left.jpeg,0,good
26293_right.jpeg,0,good
29965_right.jpeg,0,good
8126_left.jpeg,0,good
31676_left.jpeg,0,good
18309_left.jpeg,0,good
22981_right.jpeg,0,good
22775_right.jpeg,0,good
31541_right.jpeg,0,good
3653_left.jpeg,0,good
22579_right.jpeg,0,good
4716_right.jpeg,0,good
5964_left.jpeg,0,good
40879_right.jpeg,0,good
13856_right.jpeg,0,good
33941_right.jpeg,0,good
34283_right.jpeg,0,good
14588_left.jpeg,0,good
3478_right.jpeg,0,good
4329_right.jpeg,0,good
23933_right.jpeg,0,good
39163_left.jpeg,0,good
38885_left.jpeg,0,good
3335_left.jpeg,0,good
33094_right.jpeg,0,good
25593_left.jpeg,0,good
35941_left.jpeg,0,good
9402_right.jpeg,0,good
19582_right.jpeg,0,good
17203_right.jpeg,0,good
40153_left.jpeg,0,good
38928_left.jpeg,0,good
39456_right.jpeg,0,good
6435_right.jpeg,0,good
12515_right.jpeg,0,good
35124_left.jpeg,0,good
4129_right.jpeg,0,good
22753_right.jpeg,0,good
22223_left.jpeg,0,good
30922_right.jpeg,0,good
17086_right.jpeg,0,good
39714_right.jpeg,0,good
10640_right.jpeg,0,good
7048_right.jpeg,0,good
35383_right.jpeg,0,good
14282_left.jpeg,0,good
20310_right.jpeg,0,good
12844_right.jpeg,0,good
2497_left.jpeg,0,good
37087_left.jpeg,0,good
24148_right.jpeg,0,good
9919_left.jpeg,0,good
37556_left.jpeg,0,good
37010_left.jpeg,0,good
19840_left.jpeg,0,good
6763_right.jpeg,0,good
31995_right.jpeg,0,good
37500_right.jpeg,0,good
16149_left.jpeg,0,good
37134_left.jpeg,0,good
19478_left.jpeg,0,good
26108_left.jpeg,0,good
10257_left.jpeg,0,good
9821_left.jpeg,0,good
18779_right.jpeg,0,good
6498_right.jpeg,0,good
21233_right.jpeg,0,good
723_left.jpeg,0,good
27659_left.jpeg,0,good
12910_left.jpeg,0,good
36655_right.jpeg,0,good
40125_left.jpeg,0,good
8342_left.jpeg,0,good
18054_left.jpeg,0,good
28355_right.jpeg,0,good
33295_left.jpeg,0,good
31499_right.jpeg,0,good
37696_right.jpeg,0,good
35417_right.jpeg,0,good
12205_right.jpeg,0,good
11455_left.jpeg,0,good
6574_left.jpeg,0,good
639_right.jpeg,0,good
12652_left.jpeg,0,good
37519_left.jpeg,0,good
10183_left.jpeg,0,good
11183_left.jpeg,0,good
29203_left.jpeg,0,good
16466_left.jpeg,0,good
22452_left.jpeg,0,good
28264_left.jpeg,0,good
7396_left.jpeg,0,good
1211_right.jpeg,0,good
26376_left.jpeg,0,good
2791_left.jpeg,0,good
7774_left.jpeg,0,good
505_right.jpeg,0,good
33173_left.jpeg,0,good
12725_right.jpeg,0,good
40874_left.jpeg,0,good
20851_right.jpeg,0,good
11180_right.jpeg,0,good
18960_left.jpeg,0,good
40570_left.jpeg,0,good
15755_right.jpeg,0,good
42519_left.jpeg,0,good
38109_left.jpeg,0,good
18210_right.jpeg,0,good
34539_right.jpeg,0,good
37097_left.jpeg,0,good
22711_right.jpeg,0,good
20243_right.jpeg,0,good
31707_left.jpeg,0,good
26109_left.jpeg,0,good
20635_right.jpeg,0,good
39546_right.jpeg,0,good
39249_right.jpeg,0,good
41170_left.jpeg,0,good
11574_left.jpeg,0,good
22717_right.jpeg,0,good
22684_right.jpeg,0,good
37692_right.jpeg,0,good
6772_right.jpeg,0,good
32046_left.jpeg,0,good
13126_right.jpeg,0,good
32918_right.jpeg,0,good
27356_left.jpeg,0,good
35870_left.jpeg,0,good
7352_left.jpeg,0,good
17934_left.jpeg,0,good
1823_right.jpeg,0,good
18836_left.jpeg,0,good
17326_right.jpeg,0,good
3607_right.jpeg,0,good
1412_left.jpeg,0,good
20407_right.jpeg,0,good
29661_left.jpeg,0,good
528_right.jpeg,0,good
32483_right.jpeg,0,good
12965_right.jpeg,0,good
39637_right.jpeg,0,good
21474_left.jpeg,0,good
34726_right.jpeg,0,good
16384_right.jpeg,0,good
26750_right.jpeg,0,good
32327_left.jpeg,0,good
32791_left.jpeg,0,good
73_left.jpeg,0,good
13465_right.jpeg,0,good
37039_left.jpeg,0,good
11970_left.jpeg,0,good
31449_right.jpeg,0,good
39761_right.jpeg,0,good
1139_right.jpeg,0,good
31302_right.jpeg,0,good
43708_right.jpeg,0,good
26810_left.jpeg,0,good
11990_left.jpeg,0,good
42433_left.jpeg,0,good
16257_left.jpeg,0,good
10177_left.jpeg,0,good
40638_right.jpeg,0,good
15222_right.jpeg,0,good
20092_left.jpeg,0,good
9280_right.jpeg,0,good
14041_left.jpeg,0,good
35952_right.jpeg,0,good
38417_right.jpeg,0,good
31333_left.jpeg,0,good
7506_left.jpeg,0,good
15641_left.jpeg,0,good
38488_right.jpeg,0,good
803_right.jpeg,0,good
38900_left.jpeg,0,good
12910_right.jpeg,0,good
32478_right.jpeg,0,good
3472_right.jpeg,0,good
10116_left.jpeg,0,good
32604_left.jpeg,0,good
37529_left.jpeg,0,good
43463_right.jpeg,0,good
31740_right.jpeg,0,good
38617_left.jpeg,0,good
19717_right.jpeg,0,good
22988_left.jpeg,0,good
42393_left.jpeg,0,good
9868_left.jpeg,0,good
6765_left.jpeg,0,good
8893_left.jpeg,0,good
33395_right.jpeg,0,good
39352_right.jpeg,0,good
5137_right.jpeg,0,good
15282_right.jpeg,0,good
5813_right.jpeg,0,good
26241_right.jpeg,0,good
8975_left.jpeg,0,good
6585_right.jpeg,0,good
13_right.jpeg,0,good
18689_right.jpeg,0,good
42784_right.jpeg,0,good
33943_left.jpeg,0,good
14009_left.jpeg,0,good
28406_left.jpeg,0,good
22950_left.jpeg,0,good
9092_left.jpeg,0,good
18310_right.jpeg,0,good
886_left.jpeg,0,good
30991_left.jpeg,0,good
37477_right.jpeg,0,good
4508_right.jpeg,0,good
31769_left.jpeg,0,good
34947_left.jpeg,0,good
20169_right.jpeg,0,good
13013_left.jpeg,0,good
37621_right.jpeg,0,good
27077_right.jpeg,0,good
30209_right.jpeg,0,good
35854_left.jpeg,0,good
26655_left.jpeg,0,good
15270_right.jpeg,0,good
37362_right.jpeg,0,good
29031_left.jpeg,0,good
25733_right.jpeg,0,good
41754_left.jpeg,0,good
1867_left.jpeg,0,good
13680_right.jpeg,0,good
43773_left.jpeg,0,good
18392_left.jpeg,0,good
30444_right.jpeg,0,good
41290_right.jpeg,0,good
27624_right.jpeg,0,good
14355_left.jpeg,0,good
9927_right.jpeg,0,good
9633_right.jpeg,0,good
26434_right.jpeg,0,good
20295_right.jpeg,0,good
9377_right.jpeg,0,good
25609_left.jpeg,0,good
23884_right.jpeg,0,good
29514_right.jpeg,0,good
42655_left.jpeg,0,good
36229_right.jpeg,0,good
11894_right.jpeg,0,good
31962_left.jpeg,0,good
9895_left.jpeg,0,good
24273_left.jpeg,0,good
15528_left.jpeg,0,good
40887_right.jpeg,0,good
2001_right.jpeg,0,good
7573_left.jpeg,0,good
33115_left.jpeg,0,good
14621_right.jpeg,0,good
29162_right.jpeg,0,good
21018_left.jpeg,0,good
16265_left.jpeg,0,good
33804_right.jpeg,0,good
33953_right.jpeg,0,good
20499_right.jpeg,0,good
27443_right.jpeg,0,good
9507_left.jpeg,0,good
17230_right.jpeg,0,good
26862_right.jpeg,0,good
15002_right.jpeg,0,good
22132_left.jpeg,0,good
39099_left.jpeg,0,good
5436_right.jpeg,0,good
35058_left.jpeg,0,good
25013_left.jpeg,0,good
16388_left.jpeg,0,good
6131_left.jpeg,0,good
24619_right.jpeg,0,good
29105_left.jpeg,0,good
26991_right.jpeg,0,good
39224_right.jpeg,0,good
13976_right.jpeg,0,good
37488_left.jpeg,0,good
20612_right.jpeg,0,good
37675_left.jpeg,0,good
910_right.jpeg,0,good
39088_right.jpeg,0,good
17739_right.jpeg,0,good
22872_left.jpeg,0,good
24731_right.jpeg,0,good
32610_right.jpeg,0,good
5075_right.jpeg,0,good
35282_right.jpeg,0,good
16487_left.jpeg,0,good
13935_right.jpeg,0,good
17240_left.jpeg,0,good
2217_right.jpeg,0,good
7457_right.jpeg,0,good
13693_left.jpeg,0,good
36921_left.jpeg,0,good
8129_right.jpeg,0,good
4818_right.jpeg,0,good
30249_right.jpeg,0,good
6186_left.jpeg,0,good
33679_left.jpeg,0,good
26020_left.jpeg,0,good
11618_left.jpeg,0,good
18187_left.jpeg,0,good
15981_left.jpeg,0,good
3973_left.jpeg,0,good
12410_left.jpeg,0,good
23850_right.jpeg,0,good
40265_right.jpeg,0,good
9821_right.jpeg,0,good
40840_left.jpeg,0,good
20965_right.jpeg,0,good
36229_left.jpeg,0,good
39705_left.jpeg,0,good
497_right.jpeg,0,good
13454_left.jpeg,0,good
13600_left.jpeg,0,good
8884_right.jpeg,0,good
5980_right.jpeg,0,good
34834_right.jpeg,0,good
39079_right.jpeg,0,good
1294_right.jpeg,0,good
2252_right.jpeg,0,good
7292_right.jpeg,0,good
27789_left.jpeg,0,good
39200_right.jpeg,0,good
26266_right.jpeg,0,good
13713_left.jpeg,0,good
28918_right.jpeg,0,good
5598_left.jpeg,0,good
2905_left.jpeg,0,good
19474_right.jpeg,0,good
33719_right.jpeg,0,good
12027_right.jpeg,0,good
19778_left.jpeg,0,good
44073_right.jpeg,0,good
29925_right.jpeg,0,good
2322_right.jpeg,0,good
41269_left.jpeg,0,good
37383_right.jpeg,0,good
1867_right.jpeg,0,good
32536_left.jpeg,0,good
286_right.jpeg,0,good
20047_left.jpeg,0,good
33049_left.jpeg,0,good
4754_left.jpeg,0,good
930_left.jpeg,0,good
18252_left.jpeg,0,good
17876_left.jpeg,0,good
8320_right.jpeg,0,good
14058_left.jpeg,0,good
12734_right.jpeg,0,good
10310_left.jpeg,0,good
29892_right.jpeg,0,good
6607_right.jpeg,0,good
7844_left.jpeg,0,good
1036_right.jpeg,0,good
34075_right.jpeg,0,good
15003_right.jpeg,0,good
29921_right.jpeg,0,good
37880_right.jpeg,0,good
39671_right.jpeg,0,good
9259_right.jpeg,0,good
21089_right.jpeg,0,good
25935_left.jpeg,0,good
31812_right.jpeg,0,good
11642_right.jpeg,0,good
26208_left.jpeg,0,good
40083_left.jpeg,0,good
34990_left.jpeg,0,good
21932_right.jpeg,0,good
19755_right.jpeg,0,good
27898_right.jpeg,0,good
35205_left.jpeg,0,good
18022_left.jpeg,0,good
15216_right.jpeg,0,good
6501_left.jpeg,0,good
41398_right.jpeg,0,good
13684_left.jpeg,0,good
5358_right.jpeg,0,good
21111_left.jpeg,0,good
22630_right.jpeg,0,good
13845_right.jpeg,0,good
14634_right.jpeg,0,good
29042_left.jpeg,0,good
18095_left.jpeg,0,good
40232_left.jpeg,0,good
42442_right.jpeg,0,good
6546_right.jpeg,0,good
7579_right.jpeg,0,good
21032_left.jpeg,0,good
16310_right.jpeg,0,good
24492_left.jpeg,0,good
31295_left.jpeg,0,good
22678_left.jpeg,0,good
20104_left.jpeg,0,good
21061_right.jpeg,0,good
35293_right.jpeg,0,good
32386_right.jpeg,0,good
37639_left.jpeg,0,good
780_right.jpeg,0,good
9148_right.jpeg,0,good
3372_left.jpeg,0,good
27165_left.jpeg,0,good
18817_left.jpeg,0,good
15339_left.jpeg,0,good
37974_right.jpeg,0,good
2838_left.jpeg,0,good
23989_right.jpeg,0,good
33818_left.jpeg,0,good
24405_left.jpeg,0,good
29320_right.jpeg,0,good
42981_right.jpeg,0,good
21813_left.jpeg,0,good
29690_left.jpeg,0,good
19096_left.jpeg,0,good
33971_right.jpeg,0,good
11966_right.jpeg,0,good
1036_left.jpeg,0,good
10085_left.jpeg,0,good
11703_right.jpeg,0,good
27804_right.jpeg,0,good
33_right.jpeg,0,good
38255_right.jpeg,0,good
31620_right.jpeg,0,good
21507_left.jpeg,0,good
39513_left.jpeg,0,good
24867_right.jpeg,0,good
29700_left.jpeg,0,good
37968_left.jpeg,0,good
24191_right.jpeg,0,good
26644_left.jpeg,0,good
12805_right.jpeg,0,good
43475_right.jpeg,0,good
33110_left.jpeg,0,good
35339_left.jpeg,0,good
8456_left.jpeg,0,good
5198_left.jpeg,0,good
12491_left.jpeg,0,good
35813_right.jpeg,0,good
17287_left.jpeg,0,good
28680_left.jpeg,0,good
12951_left.jpeg,0,good
963_right.jpeg,0,good
33_left.jpeg,0,good
43072_left.jpeg,0,good
34480_right.jpeg,0,good
1370_right.jpeg,0,good
42839_left.jpeg,0,good
6938_left.jpeg,0,good
41287_right.jpeg,0,good
39521_right.jpeg,0,good
28126_right.jpeg,0,good
8353_left.jpeg,0,good
24676_right.jpeg,0,good
26281_left.jpeg,0,good
13504_left.jpeg,0,good
16702_left.jpeg,0,good
17243_left.jpeg,0,good
37604_right.jpeg,0,good
16149_right.jpeg,0,good
26553_left.jpeg,0,good
41884_right.jpeg,0,good
37451_right.jpeg,0,good
26434_left.jpeg,0,good
43407_left.jpeg,0,good
13850_right.jpeg,0,good
27826_left.jpeg,0,good
29863_right.jpeg,0,good
14158_left.jpeg,0,good
38501_left.jpeg,0,good
32801_left.jpeg,0,good
35282_left.jpeg,0,good
23702_right.jpeg,0,good
3988_left.jpeg,0,good
14595_right.jpeg,0,good
39467_right.jpeg,0,good
35987_left.jpeg,0,good
1275_left.jpeg,0,good
39711_right.jpeg,0,good
10015_left.jpeg,0,good
43957_right.jpeg,0,good
14371_right.jpeg,0,good
3655_left.jpeg,0,good
28975_left.jpeg,0,good
792_left.jpeg,0,good
15293_left.jpeg,0,good
639_left.jpeg,0,good
7050_left.jpeg,0,good
18149_right.jpeg,0,good
40391_left.jpeg,0,good
16993_left.jpeg,0,good
9964_left.jpeg,0,good
28092_right.jpeg,0,good
44018_right.jpeg,0,good
12155_right.jpeg,0,good
27370_right.jpeg,0,good
37777_right.jpeg,0,good
7651_left.jpeg,0,good
627_left.jpeg,0,good
44278_left.jpeg,0,good
20774_left.jpeg,0,good
42862_left.jpeg,0,good
22864_right.jpeg,0,good
4727_right.jpeg,0,good
24086_right.jpeg,0,good
12396_right.jpeg,0,good
5813_left.jpeg,0,good
24737_right.jpeg,0,good
41526_left.jpeg,0,good
22854_right.jpeg,0,good
39823_right.jpeg,0,good
37583_right.jpeg,0,good
34719_right.jpeg,0,good
29342_right.jpeg,0,good
12586_left.jpeg,0,good
31014_right.jpeg,0,good
25474_left.jpeg,0,good
1972_left.jpeg,0,good
24714_right.jpeg,0,good
4358_right.jpeg,0,good
27489_right.jpeg,0,good
5448_right.jpeg,0,good
28571_right.jpeg,0,good
32386_left.jpeg,0,good
37389_right.jpeg,0,good
24490_right.jpeg,0,good
9884_left.jpeg,0,good
26838_left.jpeg,0,good
23887_left.jpeg,0,good
41213_right.jpeg,0,good
29975_right.jpeg,0,good
17627_right.jpeg,0,good
7250_right.jpeg,0,good
2888_right.jpeg,0,good
12743_right.jpeg,0,good
14899_right.jpeg,0,good
30322_right.jpeg,0,good
17002_left.jpeg,0,good
14913_right.jpeg,0,good
34338_left.jpeg,0,good
32017_right.jpeg,0,good
13064_right.jpeg,0,good
2161_left.jpeg,0,good
41173_left.jpeg,0,good
7989_left.jpeg,0,good
11655_left.jpeg,0,good
25931_left.jpeg,0,good
24386_right.jpeg,0,good
43330_left.jpeg,0,good
16148_right.jpeg,0,good
39988_left.jpeg,0,good
1916_right.jpeg,0,good
29542_left.jpeg,0,good
42093_left.jpeg,0,good
26811_right.jpeg,0,good
16013_right.jpeg,0,good
19097_right.jpeg,0,good
12565_right.jpeg,0,good
12844_left.jpeg,0,good
19249_right.jpeg,0,good
14950_left.jpeg,0,good
27972_left.jpeg,0,good
2483_left.jpeg,0,good
7065_right.jpeg,0,good
5448_left.jpeg,0,good
13210_left.jpeg,0,good
42233_left.jpeg,0,good
35938_right.jpeg,0,good
12106_right.jpeg,0,good
20867_right.jpeg,0,good
8215_right.jpeg,0,good
27085_right.jpeg,0,good
2548_left.jpeg,0,good
15780_left.jpeg,0,good
29503_left.jpeg,0,good
27782_right.jpeg,0,good
1630_right.jpeg,0,good
18300_left.jpeg,0,good
46_right.jpeg,0,good
3417_right.jpeg,0,good
39291_left.jpeg,0,good
28204_left.jpeg,0,good
38832_left.jpeg,0,good
11089_left.jpeg,0,good
11719_left.jpeg,0,good
27162_left.jpeg,0,good
7556_left.jpeg,0,good
24191_left.jpeg,0,good
19830_left.jpeg,0,good
30209_left.jpeg,0,good
58_right.jpeg,0,good
28729_right.jpeg,0,good
10427_right.jpeg,0,good
42768_left.jpeg,0,good
16178_right.jpeg,0,good
35169_right.jpeg,0,good
10751_left.jpeg,0,good
24533_left.jpeg,0,good
9967_left.jpeg,0,good
33971_left.jpeg,0,good
17653_left.jpeg,0,good
38573_right.jpeg,0,good
13998_left.jpeg,0,good
32411_right.jpeg,0,good
25594_right.jpeg,0,good
39079_left.jpeg,0,good
9793_right.jpeg,0,good
43139_left.jpeg,0,good
240_left.jpeg,0,good
10752_right.jpeg,0,good
32536_right.jpeg,0,good
38346_left.jpeg,0,good
22420_right.jpeg,0,good
14299_left.jpeg,0,good
44159_right.jpeg,0,good
10029_left.jpeg,0,good
11206_right.jpeg,0,good
33777_left.jpeg,0,good
14973_right.jpeg,0,good
6567_left.jpeg,0,good
31252_right.jpeg,0,good
23642_right.jpeg,0,good
34421_right.jpeg,0,good
12565_left.jpeg,0,good
27180_left.jpeg,0,good
8267_left.jpeg,0,good
35021_right.jpeg,0,good
42371_left.jpeg,0,good
42143_right.jpeg,0,good
21349_right.jpeg,0,good
6975_right.jpeg,0,good
44099_right.jpeg,0,good
32225_right.jpeg,0,good
5013_right.jpeg,0,good
25853_left.jpeg,0,good
9010_left.jpeg,0,good
19784_left.jpeg,0,good
20797_left.jpeg,0,good
42162_left.jpeg,0,good
43475_left.jpeg,0,good
12476_left.jpeg,0,good
25670_right.jpeg,0,good
11482_left.jpeg,0,good
41213_left.jpeg,0,good
4233_left.jpeg,0,good
15652_left.jpeg,0,good
3026_right.jpeg,0,good
3948_left.jpeg,0,good
27970_right.jpeg,0,good
17057_left.jpeg,0,good
5387_right.jpeg,0,good
17395_right.jpeg,0,good
37441_right.jpeg,0,good
43079_left.jpeg,0,good
34918_left.jpeg,0,good
17973_right.jpeg,0,good
16479_left.jpeg,0,good
28173_left.jpeg,0,good
21594_left.jpeg,0,good
11665_left.jpeg,0,good
35894_left.jpeg,0,good
32489_right.jpeg,0,good
39061_right.jpeg,0,good
9503_left.jpeg,0,good
42309_left.jpeg,0,good
862_right.jpeg,0,good
11770_left.jpeg,0,good
18434_right.jpeg,0,good
18205_left.jpeg,0,good
43161_right.jpeg,0,good
35580_left.jpeg,0,good
16301_right.jpeg,0,good
18309_right.jpeg,0,good
3469_right.jpeg,0,good
27363_left.jpeg,0,good
41965_right.jpeg,0,good
32863_right.jpeg,0,good
34372_left.jpeg,0,good
9972_right.jpeg,0,good
29021_right.jpeg,0,good
33222_right.jpeg,0,good
29145_right.jpeg,0,good
41624_left.jpeg,0,good
29953_left.jpeg,0,good
26541_right.jpeg,0,good
13041_right.jpeg,0,good
4290_left.jpeg,0,good
28018_right.jpeg,0,good
36047_left.jpeg,0,good
40201_left.jpeg,0,good
14257_right.jpeg,0,good
17494_left.jpeg,0,good
25574_left.jpeg,0,good
4754_right.jpeg,0,good
29270_left.jpeg,0,good
32932_right.jpeg,0,good
3662_left.jpeg,0,good
18904_left.jpeg,0,good
7198_left.jpeg,0,good
23627_left.jpeg,0,good
7093_right.jpeg,0,good
41334_right.jpeg,0,good
27443_left.jpeg,0,good
1732_right.jpeg,0,good
26103_right.jpeg,0,good
33285_right.jpeg,0,good
14630_right.jpeg,0,good
40470_left.jpeg,0,good
7563_right.jpeg,0,good
33507_right.jpeg,0,good
38058_left.jpeg,0,good
33482_right.jpeg,0,good
4802_left.jpeg,0,good
37449_left.jpeg,0,good
37298_left.jpeg,0,good
20442_left.jpeg,0,good
9379_left.jpeg,0,good
34417_left.jpeg,0,good
16594_right.jpeg,0,good
14344_right.jpeg,0,good
34413_right.jpeg,0,good
29679_right.jpeg,0,good
21630_left.jpeg,0,good
24744_right.jpeg,0,good
21090_left.jpeg,0,good
20071_left.jpeg,0,good
11639_right.jpeg,0,good
30465_right.jpeg,0,good
17067_left.jpeg,0,good
12678_left.jpeg,0,good
20905_right.jpeg,0,good
34547_right.jpeg,0,good
11180_left.jpeg,0,good
38673_left.jpeg,0,good
37688_left.jpeg,0,good
9220_left.jpeg,0,good
17229_left.jpeg,0,good
16392_right.jpeg,0,good
9080_right.jpeg,0,good
37156_right.jpeg,0,good
40706_left.jpeg,0,good
15255_left.jpeg,0,good
25496_right.jpeg,0,good
13176_right.jpeg,0,good
34302_left.jpeg,0,good
26281_right.jpeg,0,good
15304_right.jpeg,0,good
10771_right.jpeg,0,good
21296_right.jpeg,0,good
24876_left.jpeg,0,good
14418_right.jpeg,0,good
8223_right.jpeg,0,good
39333_left.jpeg,0,good
37146_right.jpeg,0,good
33274_left.jpeg,0,good
39483_left.jpeg,0,good
21127_right.jpeg,0,good
15696_right.jpeg,0,good
29883_right.jpeg,0,good
39163_right.jpeg,0,good
25260_left.jpeg,0,good
33853_left.jpeg,0,good
33860_left.jpeg,0,good
43245_right.jpeg,0,good
21718_right.jpeg,0,good
25978_right.jpeg,0,good
16132_right.jpeg,0,good
24268_left.jpeg,0,good
19026_right.jpeg,0,good
25462_right.jpeg,0,good
44349_left.jpeg,0,good
27773_left.jpeg,0,good
6106_right.jpeg,0,good
33015_left.jpeg,0,good
5041_right.jpeg,0,good
10947_right.jpeg,0,good
17855_left.jpeg,0,good
34864_right.jpeg,0,good
22753_left.jpeg,0,good
36515_right.jpeg,0,good
25449_right.jpeg,0,good
35858_right.jpeg,0,good
26898_left.jpeg,0,good
35376_left.jpeg,0,good
10969_right.jpeg,0,good
15930_right.jpeg,0,good
14451_right.jpeg,0,good
22867_left.jpeg,0,good
33762_left.jpeg,0,good
34408_left.jpeg,0,good
39650_left.jpeg,0,good
27820_left.jpeg,0,good
39305_left.jpeg,0,good
39969_right.jpeg,0,good
40144_left.jpeg,0,good
16302_right.jpeg,0,good
40676_right.jpeg,0,good
4672_right.jpeg,0,good
8418_left.jpeg,0,good
21873_left.jpeg,0,good
18715_right.jpeg,0,good
12146_right.jpeg,0,good
18458_left.jpeg,0,good
25316_left.jpeg,0,good
40593_left.jpeg,0,good
1029_left.jpeg,0,good
27356_right.jpeg,0,good
20098_right.jpeg,0,good
66_right.jpeg,0,good
34111_left.jpeg,0,good
40443_right.jpeg,0,good
43933_left.jpeg,0,good
21970_left.jpeg,0,good
16088_right.jpeg,0,good
37726_left.jpeg,0,good
10814_right.jpeg,0,good
17861_right.jpeg,0,good
28231_left.jpeg,0,good
31873_right.jpeg,0,good
4641_right.jpeg,0,good
40309_right.jpeg,0,good
8292_left.jpeg,0,good
10562_left.jpeg,0,good
31252_left.jpeg,0,good
18929_right.jpeg,0,good
16283_left.jpeg,0,good
2155_right.jpeg,0,good
11206_left.jpeg,0,good
41721_left.jpeg,0,good
36080_right.jpeg,0,good
19099_right.jpeg,0,good
16529_left.jpeg,0,good
20232_right.jpeg,0,good
3026_left.jpeg,0,good
34536_left.jpeg,0,good
4735_right.jpeg,0,good
4533_left.jpeg,0,good
8864_left.jpeg,0,good
38677_left.jpeg,0,good
360_right.jpeg,0,good
39908_right.jpeg,0,good
40684_right.jpeg,0,good
36289_left.jpeg,0,good
7032_right.jpeg,0,good
19155_right.jpeg,0,good
575_right.jpeg,0,good
36008_left.jpeg,0,good
28657_right.jpeg,0,good
7844_right.jpeg,0,good
34128_left.jpeg,0,good
23290_left.jpeg,0,good
21973_left.jpeg,0,good
7222_right.jpeg,0,good
24914_right.jpeg,0,good
5508_left.jpeg,0,good
4060_right.jpeg,0,good
41281_right.jpeg,0,good
37592_left.jpeg,0,good
20929_right.jpeg,0,good
34955_left.jpeg,0,good
17853_left.jpeg,0,good
17840_right.jpeg,0,good
3671_left.jpeg,0,good
24009_left.jpeg,0,good
28762_right.jpeg,0,good
30952_left.jpeg,0,good
27224_right.jpeg,0,good
20474_right.jpeg,0,good
43451_right.jpeg,0,good
36764_left.jpeg,0,good
33740_left.jpeg,0,good
35278_left.jpeg,0,good
32912_left.jpeg,0,good
22420_left.jpeg,0,good
31511_right.jpeg,0,good
7379_right.jpeg,0,good
25560_left.jpeg,0,good
3567_right.jpeg,0,good
20554_right.jpeg,0,good
17049_right.jpeg,0,good
28046_left.jpeg,0,good
30615_left.jpeg,0,good
40327_right.jpeg,0,good
24242_left.jpeg,0,good
42748_right.jpeg,0,good
19369_left.jpeg,0,good
9919_right.jpeg,0,good
22488_right.jpeg,0,good
1373_right.jpeg,0,good
39298_right.jpeg,0,good
395_right.jpeg,0,good
25978_left.jpeg,0,good
29126_left.jpeg,0,good
8812_left.jpeg,0,good
16136_right.jpeg,0,good
2643_right.jpeg,0,good
15351_right.jpeg,0,good
19252_right.jpeg,0,good
28947_left.jpeg,0,good
14811_left.jpeg,0,good
21024_right.jpeg,0,good
35005_right.jpeg,0,good
8679_left.jpeg,0,good
2468_left.jpeg,0,good
11292_left.jpeg,0,good
26973_right.jpeg,0,good
27440_right.jpeg,0,good
17083_right.jpeg,0,good
39063_left.jpeg,0,good
2078_right.jpeg,0,good
13309_right.jpeg,0,good
22365_right.jpeg,0,good
29553_right.jpeg,0,good
28402_right.jpeg,0,good
5542_right.jpeg,0,good
17_right.jpeg,0,good
23210_left.jpeg,0,good
31898_left.jpeg,0,good
40827_right.jpeg,0,good
35740_right.jpeg,0,good
29466_right.jpeg,0,good
4249_right.jpeg,0,good
17838_left.jpeg,0,good
30693_right.jpeg,0,good
2141_right.jpeg,0,good
19431_left.jpeg,0,good
32388_right.jpeg,0,good
41544_right.jpeg,0,good
19103_left.jpeg,0,good
6313_right.jpeg,0,good
337_right.jpeg,0,good
26902_left.jpeg,0,good
38555_right.jpeg,0,good
5891_left.jpeg,0,good
43555_left.jpeg,0,good
40631_right.jpeg,0,good
40232_right.jpeg,0,good
17940_right.jpeg,0,good
13638_right.jpeg,0,good
18113_left.jpeg,0,good
15930_left.jpeg,0,good
41573_left.jpeg,0,good
36645_right.jpeg,0,good
18625_right.jpeg,0,good
41020_right.jpeg,0,good
1161_left.jpeg,0,good
16740_right.jpeg,0,good
33274_right.jpeg,0,good
39024_right.jpeg,0,good
33740_right.jpeg,0,good
36692_right.jpeg,0,good
37122_left.jpeg,0,good
38048_left.jpeg,0,good
32980_left.jpeg,0,good
27939_right.jpeg,0,good
37137_left.jpeg,0,good
19189_right.jpeg,0,good
15102_left.jpeg,0,good
3372_right.jpeg,0,good
42150_left.jpeg,0,good
38624_left.jpeg,0,good
27378_right.jpeg,0,good
37688_right.jpeg,0,good
27009_left.jpeg,0,good
22647_right.jpeg,0,good
28002_right.jpeg,0,good
7014_right.jpeg,0,good
36928_right.jpeg,0,good
23829_right.jpeg,0,good
179_right.jpeg,0,good
41330_right.jpeg,0,good
4294_right.jpeg,0,good
20442_right.jpeg,0,good
11176_right.jpeg,0,good
39338_right.jpeg,0,good
23483_left.jpeg,0,good
16576_left.jpeg,0,good
15695_left.jpeg,0,good
21448_left.jpeg,0,good
13376_right.jpeg,0,good
17533_left.jpeg,0,good
19271_left.jpeg,0,good
27643_left.jpeg,0,good
19017_right.jpeg,0,good
19099_left.jpeg,0,good
8755_right.jpeg,0,good
26705_right.jpeg,0,good
39943_right.jpeg,0,good
4311_right.jpeg,0,good
6670_right.jpeg,0,good
1144_left.jpeg,0,good
35142_right.jpeg,0,good
26564_right.jpeg,0,good
9390_right.jpeg,0,good
8418_right.jpeg,0,good
23188_left.jpeg,0,good
11916_left.jpeg,0,good
13607_right.jpeg,0,good
19928_right.jpeg,0,good
23887_right.jpeg,0,good
35954_right.jpeg,0,good
29625_left.jpeg,0,good
11487_right.jpeg,0,good
32581_right.jpeg,0,good
39733_right.jpeg,0,good
20648_right.jpeg,0,good
38589_right.jpeg,0,good
41374_left.jpeg,0,good
27253_left.jpeg,0,good
27518_left.jpeg,0,good
2007_right.jpeg,0,good
39127_right.jpeg,0,good
5788_left.jpeg,0,good
29109_left.jpeg,0,good
24611_left.jpeg,0,good
1743_left.jpeg,0,good
5047_right.jpeg,0,good
8267_right.jpeg,0,good
32464_right.jpeg,0,good
40653_left.jpeg,0,good
7962_right.jpeg,0,good
15385_left.jpeg,0,good
16604_right.jpeg,0,good
554_left.jpeg,0,good
29679_left.jpeg,0,good
32782_right.jpeg,0,good
41926_right.jpeg,0,good
13036_left.jpeg,0,good
4911_left.jpeg,0,good
9895_right.jpeg,0,good
7851_right.jpeg,0,good
27912_left.jpeg,0,good
33138_left.jpeg,0,good
25979_right.jpeg,0,good
5788_right.jpeg,0,good
32635_left.jpeg,0,good
29524_right.jpeg,0,good
25444_right.jpeg,0,good
21130_right.jpeg,0,good
43664_right.jpeg,0,good
41415_right.jpeg,0,good
21130_left.jpeg,0,good
2683_right.jpeg,0,good
29569_right.jpeg,0,good
18046_left.jpeg,0,good
7486_left.jpeg,0,good
12124_right.jpeg,0,good
7187_right.jpeg,0,good
7130_left.jpeg,0,good
2097_right.jpeg,0,good
38410_left.jpeg,0,good
43657_right.jpeg,0,good
6765_right.jpeg,0,good
5407_right.jpeg,0,good
38733_right.jpeg,0,good
38410_right.jpeg,0,good
30357_right.jpeg,0,good
4652_right.jpeg,0,good
18663_right.jpeg,0,good
4544_left.jpeg,0,good
33192_right.jpeg,0,good
22228_left.jpeg,0,good
12725_left.jpeg,0,good
34754_left.jpeg,0,good
930_right.jpeg,0,good
8285_right.jpeg,0,good
15360_right.jpeg,0,good
10061_right.jpeg,0,good
30655_right.jpeg,0,good
3461_right.jpeg,0,good
22987_right.jpeg,0,good
9741_left.jpeg,0,good
34078_left.jpeg,0,good
25873_left.jpeg,0,good
29768_left.jpeg,0,good
13064_left.jpeg,0,good
11482_right.jpeg,0,good
31849_left.jpeg,0,good
2284_right.jpeg,0,good
10161_right.jpeg,0,good
38002_right.jpeg,0,good
26328_right.jpeg,0,good
2607_right.jpeg,0,good
29574_right.jpeg,0,good
29709_left.jpeg,0,good
28132_right.jpeg,0,good
18218_left.jpeg,0,good
18449_left.jpeg,0,good
42170_left.jpeg,0,good
22043_right.jpeg,0,good
35705_left.jpeg,0,good
44036_left.jpeg,0,good
666_right.jpeg,0,good
36237_right.jpeg,0,good
40102_right.jpeg,0,good
18924_right.jpeg,0,good
12258_left.jpeg,0,good
29239_right.jpeg,0,good
34050_left.jpeg,0,good
31746_right.jpeg,0,good
12484_right.jpeg,0,good
23787_left.jpeg,0,good
25395_right.jpeg,0,good
8280_left.jpeg,0,good
24848_right.jpeg,0,good
41599_left.jpeg,0,good
21063_right.jpeg,0,good
37194_right.jpeg,0,good
14549_left.jpeg,0,good
20023_right.jpeg,0,good
26192_right.jpeg,0,good
16035_right.jpeg,0,good
36465_left.jpeg,0,good
25260_right.jpeg,0,good
16863_right.jpeg,0,good
22530_right.jpeg,0,good
13137_right.jpeg,0,good
4545_right.jpeg,0,good
31011_right.jpeg,0,good
38589_left.jpeg,0,good
851_right.jpeg,0,good
25069_left.jpeg,0,good
39099_right.jpeg,0,good
24580_left.jpeg,0,good
28792_left.jpeg,0,good
5676_left.jpeg,0,good
36261_right.jpeg,0,good
34113_right.jpeg,0,good
43887_right.jpeg,0,good
41756_left.jpeg,0,good
681_left.jpeg,0,good
19270_right.jpeg,0,good
35697_right.jpeg,0,good
29011_right.jpeg,0,good
24543_right.jpeg,0,good
349_right.jpeg,0,good
41827_left.jpeg,0,good
40464_left.jpeg,0,good
30606_left.jpeg,0,good
15274_right.jpeg,0,good
12292_left.jpeg,0,good
7774_right.jpeg,0,good
12642_right.jpeg,0,good
11504_left.jpeg,0,good
18267_right.jpeg,0,good
2191_right.jpeg,0,good
2749_right.jpeg,0,good
24615_right.jpeg,0,good
20020_right.jpeg,0,good
32085_right.jpeg,0,good
39687_left.jpeg,0,good
39415_right.jpeg,0,good
28967_left.jpeg,0,good
33966_right.jpeg,0,good
15205_left.jpeg,0,good
11079_left.jpeg,0,good
11926_left.jpeg,0,good
36978_left.jpeg,0,good
26069_right.jpeg,0,good
3567_left.jpeg,0,good
2218_left.jpeg,0,good
42393_right.jpeg,0,good
7228_left.jpeg,0,good
4460_left.jpeg,0,good
11550_right.jpeg,0,good
39751_left.jpeg,0,good
2905_right.jpeg,0,good
14020_right.jpeg,0,good
22275_right.jpeg,0,good
13304_right.jpeg,0,good
8768_right.jpeg,0,good
10325_left.jpeg,0,good
25034_right.jpeg,0,good
33902_right.jpeg,0,good
24802_left.jpeg,0,good
11949_left.jpeg,0,good
12878_left.jpeg,0,good
7959_left.jpeg,0,good
9368_right.jpeg,0,good
241_right.jpeg,0,good
8162_left.jpeg,0,good
4302_left.jpeg,0,good
29482_left.jpeg,0,good
37666_right.jpeg,0,good
29963_left.jpeg,0,good
24106_right.jpeg,0,good
4266_left.jpeg,0,good
21064_right.jpeg,0,good
6558_right.jpeg,0,good
42730_right.jpeg,0,good
22987_left.jpeg,0,good
8000_right.jpeg,0,good
11158_left.jpeg,0,good
14762_left.jpeg,0,good
37592_right.jpeg,0,good
16679_left.jpeg,0,good
33718_right.jpeg,0,good
10966_left.jpeg,0,good
33761_left.jpeg,0,good
9632_left.jpeg,0,good
31762_left.jpeg,0,good
16604_left.jpeg,0,good
12210_right.jpeg,0,good
18261_right.jpeg,0,good
21034_left.jpeg,0,good
12144_right.jpeg,0,good
5891_right.jpeg,0,good
16065_right.jpeg,0,good
15585_right.jpeg,0,good
20952_right.jpeg,0,good
11937_right.jpeg,0,good
17030_left.jpeg,0,good
20300_left.jpeg,0,good
25238_right.jpeg,0,good
23560_right.jpeg,0,good
333_right.jpeg,0,good
25802_left.jpeg,0,good
11035_right.jpeg,0,good
31245_right.jpeg,0,good
37404_right.jpeg,0,good
34872_right.jpeg,0,good
14867_right.jpeg,0,good
987_right.jpeg,0,good
14466_left.jpeg,0,good
14086_left.jpeg,0,good
37106_left.jpeg,0,good
14380_right.jpeg,0,good
27264_right.jpeg,0,good
3196_right.jpeg,0,good
12241_left.jpeg,0,good
23114_right.jpeg,0,good
7238_left.jpeg,0,good
39241_right.jpeg,0,good
27028_left.jpeg,0,good
32833_right.jpeg,0,good
41588_left.jpeg,0,good
38919_left.jpeg,0,good
32893_left.jpeg,0,good
26163_right.jpeg,0,good
3655_right.jpeg,0,good
22468_right.jpeg,0,good
34120_left.jpeg,0,good
43611_right.jpeg,0,good
25720_right.jpeg,0,good
3160_left.jpeg,0,good
35749_left.jpeg,0,good
28381_left.jpeg,0,good
8089_right.jpeg,0,good
13566_right.jpeg,0,good
329_right.jpeg,0,good
20004_left.jpeg,0,good
35870_right.jpeg,0,good
6940_left.jpeg,0,good
14595_left.jpeg,0,good
6106_left.jpeg,0,good
16260_right.jpeg,0,good
10833_right.jpeg,0,good
30856_left.jpeg,0,good
42943_right.jpeg,0,good
15396_left.jpeg,0,good
10421_left.jpeg,0,good
40372_right.jpeg,0,good
3472_left.jpeg,0,good
7606_right.jpeg,0,good
32298_left.jpeg,0,good
16639_left.jpeg,0,good
43550_right.jpeg,0,good
33385_right.jpeg,0,good
8959_left.jpeg,0,good
3116_right.jpeg,0,good
19939_right.jpeg,0,good
8786_right.jpeg,0,good
10337_right.jpeg,0,good
21273_right.jpeg,0,good
20855_left.jpeg,0,good
17143_left.jpeg,0,good
39713_right.jpeg,0,good
27991_left.jpeg,0,good
16325_left.jpeg,0,good
15043_left.jpeg,0,good
20910_right.jpeg,0,good
33481_left.jpeg,0,good
6535_left.jpeg,0,good
35402_right.jpeg,0,good
31770_left.jpeg,0,good
35378_right.jpeg,0,good
20477_left.jpeg,0,good
4884_right.jpeg,0,good
30672_right.jpeg,0,good
4594_left.jpeg,0,good
44027_left.jpeg,0,good
25763_right.jpeg,0,good
39663_right.jpeg,0,good
4548_left.jpeg,0,good
24824_left.jpeg,0,good
9927_left.jpeg,0,good
23890_right.jpeg,0,good
6483_left.jpeg,0,good
6772_left.jpeg,0,good
43523_left.jpeg,0,good
43609_left.jpeg,0,good
43773_right.jpeg,0,good
38699_left.jpeg,0,good
32833_left.jpeg,0,good
5512_right.jpeg,0,good
418_right.jpeg,0,good
43310_left.jpeg,0,good
10448_right.jpeg,0,good
17356_left.jpeg,0,good
39456_left.jpeg,0,good
13972_left.jpeg,0,good
20857_right.jpeg,0,good
20513_right.jpeg,0,good
33214_right.jpeg,0,good
38258_right.jpeg,0,good
33498_left.jpeg,0,good
396_left.jpeg,0,good
21278_right.jpeg,0,good
12681_right.jpeg,0,good
29421_left.jpeg,0,good
40942_right.jpeg,0,good
8664_left.jpeg,0,good
25879_right.jpeg,0,good
39238_right.jpeg,0,good
28223_left.jpeg,0,good
40985_right.jpeg,0,good
38791_right.jpeg,0,good
25221_left.jpeg,0,good
34639_right.jpeg,0,good
7981_left.jpeg,0,good
27029_right.jpeg,0,good
26961_left.jpeg,0,good
5137_left.jpeg,0,good
42162_right.jpeg,0,good
28353_right.jpeg,0,good
14945_left.jpeg,0,good
36222_left.jpeg,0,good
38520_right.jpeg,0,good
38408_right.jpeg,0,good
33504_right.jpeg,0,good
11041_left.jpeg,0,good
29709_right.jpeg,0,good
37315_right.jpeg,0,good
20344_left.jpeg,0,good
14204_right.jpeg,0,good
34245_right.jpeg,0,good
41398_left.jpeg,0,good
39720_left.jpeg,0,good
40985_left.jpeg,0,good
32255_right.jpeg,0,good
40593_right.jpeg,0,good
25829_right.jpeg,0,good
34567_left.jpeg,0,good
6364_left.jpeg,0,good
21063_left.jpeg,0,good
15640_left.jpeg,0,good
31790_left.jpeg,0,good
25022_left.jpeg,0,good
25221_right.jpeg,0,good
32278_right.jpeg,0,good
20764_right.jpeg,0,good
7552_right.jpeg,0,good
20828_right.jpeg,0,good
24738_right.jpeg,0,good
36625_right.jpeg,0,good
41605_right.jpeg,0,good
299_right.jpeg,0,good
16327_right.jpeg,0,good
12878_right.jpeg,0,good
16236_right.jpeg,0,good
1021_left.jpeg,0,good
10284_right.jpeg,0,good
30287_right.jpeg,0,good
41236_left.jpeg,0,good
27004_right.jpeg,0,good
12596_left.jpeg,0,good
6839_left.jpeg,0,good
29885_right.jpeg,0,good
9964_right.jpeg,0,good
38375_right.jpeg,0,good
16720_right.jpeg,0,good
33123_right.jpeg,0,good
27500_right.jpeg,0,good
11183_right.jpeg,0,good
5963_right.jpeg,0,good
43781_left.jpeg,0,good
6947_left.jpeg,0,good
19206_left.jpeg,0,good
43903_left.jpeg,0,good
15454_right.jpeg,0,good
16881_right.jpeg,0,good
34084_right.jpeg,0,good
36523_left.jpeg,0,good
25456_right.jpeg,0,good
42651_left.jpeg,0,good
11997_right.jpeg,0,good
8110_left.jpeg,0,good
10511_right.jpeg,0,good
8610_right.jpeg,0,good
37500_left.jpeg,0,good
35737_right.jpeg,0,good
38245_left.jpeg,0,good
36442_right.jpeg,0,good
27799_right.jpeg,0,good
24654_left.jpeg,0,good
12247_left.jpeg,0,good
38622_right.jpeg,0,good
17942_right.jpeg,0,good
37448_right.jpeg,0,good
7085_right.jpeg,0,good
10183_right.jpeg,0,good
34814_right.jpeg,0,good
34734_left.jpeg,0,good
42730_left.jpeg,0,good
17639_left.jpeg,0,good
16049_right.jpeg,0,good
5066_left.jpeg,0,good
30147_left.jpeg,0,good
37026_right.jpeg,0,good
24679_left.jpeg,0,good
11157_right.jpeg,0,good
18065_right.jpeg,0,good
42150_right.jpeg,0,good
5061_left.jpeg,0,good
23050_left.jpeg,0,good
4852_right.jpeg,0,good
35557_right.jpeg,0,good
43160_right.jpeg,0,good
20556_right.jpeg,0,good
12187_right.jpeg,0,good
24909_right.jpeg,0,good
27585_left.jpeg,0,good
39309_right.jpeg,0,good
14398_left.jpeg,0,good
1034_right.jpeg,0,good
14774_left.jpeg,0,good
29518_right.jpeg,0,good
11385_right.jpeg,0,good
25979_left.jpeg,0,good
9463_left.jpeg,0,good
42690_right.jpeg,0,good
17940_left.jpeg,0,good
10996_right.jpeg,0,good
13611_right.jpeg,0,good
17506_left.jpeg,0,good
723_right.jpeg,0,good
22103_left.jpeg,0,good
29788_right.jpeg,0,good
16013_left.jpeg,0,good
19614_left.jpeg,0,good
19358_left.jpeg,0,good
15886_right.jpeg,0,good
3325_right.jpeg,0,good
23130_left.jpeg,0,good
13595_left.jpeg,0,good
37508_left.jpeg,0,good
41048_right.jpeg,0,good
11494_left.jpeg,0,good
30196_left.jpeg,0,good
16466_right.jpeg,0,good
22028_right.jpeg,0,good
14359_right.jpeg,0,good
12741_left.jpeg,0,good
38163_right.jpeg,0,good
18465_left.jpeg,0,good
7828_left.jpeg,0,good
36495_right.jpeg,0,good
7250_left.jpeg,0,good
26987_right.jpeg,0,good
22747_right.jpeg,0,good
10276_right.jpeg,0,good
33519_right.jpeg,0,good
8451_left.jpeg,0,good
4003_left.jpeg,0,good
18107_right.jpeg,0,good
13112_right.jpeg,0,good
9464_right.jpeg,0,good
42700_right.jpeg,0,good
1982_left.jpeg,0,good
966_right.jpeg,0,good
7722_right.jpeg,0,good
31961_right.jpeg,0,good
42471_left.jpeg,0,good
8455_right.jpeg,0,good
13977_left.jpeg,0,good
15720_left.jpeg,0,good
31000_right.jpeg,0,good
8503_right.jpeg,0,good
30102_right.jpeg,0,good
3375_left.jpeg,0,good
34752_left.jpeg,0,good
410_right.jpeg,0,good
9513_right.jpeg,0,good
3531_right.jpeg,0,good
13069_left.jpeg,0,good
8503_left.jpeg,0,good
4861_right.jpeg,0,good
662_right.jpeg,0,good
14380_left.jpeg,0,good
29146_right.jpeg,0,good
32696_left.jpeg,0,good
9366_left.jpeg,0,good
35591_left.jpeg,0,good
37026_left.jpeg,0,good
13633_right.jpeg,0,good
25518_left.jpeg,0,good
44069_right.jpeg,0,good
42728_right.jpeg,0,good
41592_left.jpeg,0,good
8919_left.jpeg,0,good
43664_left.jpeg,0,good
21658_right.jpeg,0,good
29299_left.jpeg,0,good
28572_right.jpeg,0,good
30322_left.jpeg,0,good
34994_left.jpeg,0,good
36150_right.jpeg,0,good
8034_right.jpeg,0,good
36384_left.jpeg,0,good
16395_right.jpeg,0,good
23731_left.jpeg,0,good
10177_right.jpeg,0,good
4732_left.jpeg,0,good
36176_left.jpeg,0,good
25929_right.jpeg,0,good
43996_left.jpeg,0,good
5930_right.jpeg,0,good
31545_right.jpeg,0,good
31888_left.jpeg,0,good
24665_right.jpeg,0,good
22672_right.jpeg,0,good
16877_left.jpeg,0,good
3196_left.jpeg,0,good
36146_right.jpeg,0,good
25765_right.jpeg,0,good
42834_left.jpeg,0,good
26944_right.jpeg,0,good
31811_right.jpeg,0,good
9871_left.jpeg,0,good
14359_left.jpeg,0,good
1343_right.jpeg,0,good
17739_left.jpeg,0,good
6131_right.jpeg,0,good
41501_right.jpeg,0,good
28919_right.jpeg,0,good
26741_right.jpeg,0,good
435_right.jpeg,0,good
32990_right.jpeg,0,good
12779_left.jpeg,0,good
27020_right.jpeg,0,good
18447_left.jpeg,0,good
11616_left.jpeg,0,good
26778_right.jpeg,0,good
9042_right.jpeg,0,good
7854_right.jpeg,0,good
29059_left.jpeg,0,good
208_right.jpeg,0,good
43001_left.jpeg,0,good
30495_left.jpeg,0,good
41317_right.jpeg,0,good
29917_right.jpeg,0,good
33010_right.jpeg,0,good
15337_right.jpeg,0,good
34905_right.jpeg,0,good
22747_left.jpeg,0,good
30832_left.jpeg,0,good
23178_right.jpeg,0,good
22240_left.jpeg,0,good
20414_right.jpeg,0,good
7906_left.jpeg,0,good
41377_right.jpeg,0,good
40700_left.jpeg,0,good
43134_left.jpeg,0,good
30433_left.jpeg,0,good
15410_right.jpeg,0,good
4324_right.jpeg,0,good
10915_left.jpeg,0,good
34380_right.jpeg,0,good
13126_left.jpeg,0,good
28555_right.jpeg,0,good
3989_right.jpeg,0,good
31863_left.jpeg,0,good
36074_right.jpeg,0,good
33501_right.jpeg,0,good
7640_right.jpeg,0,good
40078_right.jpeg,0,good
31770_right.jpeg,0,good
28568_left.jpeg,0,good
43549_right.jpeg,0,good
998_right.jpeg,0,good
36428_left.jpeg,0,good
36008_right.jpeg,0,good
10924_right.jpeg,0,good
6796_left.jpeg,0,good
14816_right.jpeg,0,good
42371_right.jpeg,0,good
40641_left.jpeg,0,good
15255_right.jpeg,0,good
22825_left.jpeg,0,good
8620_left.jpeg,0,good
16788_right.jpeg,0,good
31059_right.jpeg,0,good
35263_left.jpeg,0,good
3163_left.jpeg,0,good
26483_left.jpeg,0,good
27841_left.jpeg,0,good
4009_right.jpeg,0,good
169_right.jpeg,0,good
5315_right.jpeg,0,good
3607_left.jpeg,0,good
17811_right.jpeg,0,good
4255_left.jpeg,0,good
14701_left.jpeg,0,good
17936_right.jpeg,0,good
511_left.jpeg,0,good
5421_right.jpeg,0,good
31447_right.jpeg,0,good
17244_right.jpeg,0,good
40675_left.jpeg,0,good
11157_left.jpeg,0,good
17308_right.jpeg,0,good
25354_right.jpeg,0,good
8215_left.jpeg,0,good
21188_right.jpeg,0,good
10112_left.jpeg,0,good
42819_right.jpeg,0,good
38781_right.jpeg,0,good
15254_left.jpeg,0,good
34593_left.jpeg,0,good
40805_right.jpeg,0,good
25013_right.jpeg,0,good
18183_right.jpeg,0,good
19859_right.jpeg,0,good
26226_left.jpeg,0,good
21024_left.jpeg,0,good
5471_left.jpeg,0,good
15594_right.jpeg,0,good
36181_right.jpeg,0,good
17802_left.jpeg,0,good
19004_left.jpeg,0,good
9648_right.jpeg,0,good
27024_right.jpeg,0,good
33990_right.jpeg,0,good
42907_right.jpeg,0,good
288_left.jpeg,0,good
20809_left.jpeg,0,good
21833_right.jpeg,0,good
29342_left.jpeg,0,good
24453_right.jpeg,0,good
15443_right.jpeg,0,good
12205_left.jpeg,0,good
39207_right.jpeg,0,good
22711_left.jpeg,0,good
12480_left.jpeg,0,good
1192_right.jpeg,0,good
23654_right.jpeg,0,good
6990_right.jpeg,0,good
15708_left.jpeg,0,good
7032_left.jpeg,0,good
5579_left.jpeg,0,good
17916_left.jpeg,0,good
24166_left.jpeg,0,good
33682_right.jpeg,0,good
36185_right.jpeg,0,good
34274_right.jpeg,0,good
24955_right.jpeg,0,good
5387_left.jpeg,0,good
24335_left.jpeg,0,good
17769_left.jpeg,0,good
29777_right.jpeg,0,good
34512_right.jpeg,0,good
6702_right.jpeg,0,good
13610_left.jpeg,0,good
36666_right.jpeg,0,good
32211_left.jpeg,0,good
5014_right.jpeg,0,good
5276_right.jpeg,0,good
23290_right.jpeg,0,good
12126_right.jpeg,0,good
33639_right.jpeg,0,good
8486_right.jpeg,0,good
25073_left.jpeg,0,good
40575_left.jpeg,0,good
17950_right.jpeg,0,good
32381_left.jpeg,0,good
14361_right.jpeg,0,good
34560_right.jpeg,0,good
27585_right.jpeg,0,good
5835_right.jpeg,0,good
33889_right.jpeg,0,good
22842_left.jpeg,0,good
862_left.jpeg,0,good
11176_left.jpeg,0,good
8087_left.jpeg,0,good
34701_left.jpeg,0,good
3773_right.jpeg,0,good
33282_left.jpeg,0,good
4199_right.jpeg,0,good
32619_left.jpeg,0,good
14164_left.jpeg,0,good
21593_left.jpeg,0,good
36637_right.jpeg,0,good
13396_left.jpeg,0,good
5482_right.jpeg,0,good
37111_left.jpeg,0,good
27956_left.jpeg,0,good
12301_left.jpeg,0,good
13271_left.jpeg,0,good
2652_left.jpeg,0,good
40875_right.jpeg,0,good
20817_right.jpeg,0,good
15799_right.jpeg,0,good
42237_right.jpeg,0,good
4732_right.jpeg,0,good
12586_right.jpeg,0,good
29407_right.jpeg,0,good
12444_right.jpeg,0,good
8030_right.jpeg,0,good
37010_right.jpeg,0,good
43541_left.jpeg,0,good
37645_left.jpeg,0,good
41972_right.jpeg,0,good
22954_left.jpeg,0,good
43134_right.jpeg,0,good
17117_left.jpeg,0,good
30726_left.jpeg,0,good
14726_right.jpeg,0,good
20906_left.jpeg,0,good
32743_left.jpeg,0,good
38172_left.jpeg,0,good
15443_left.jpeg,0,good
29228_left.jpeg,0,good
33455_right.jpeg,0,good
31073_left.jpeg,0,good
866_right.jpeg,0,good
39823_left.jpeg,0,good
36492_right.jpeg,0,good
7651_right.jpeg,0,good
32881_left.jpeg,0,good
16203_right.jpeg,0,good
19717_left.jpeg,0,good
35429_left.jpeg,0,good
14874_left.jpeg,0,good
20683_right.jpeg,0,good
16417_right.jpeg,0,good
17785_right.jpeg,0,good
17375_right.jpeg,0,good
12519_left.jpeg,0,good
14754_right.jpeg,0,good
31584_right.jpeg,0,good
33019_right.jpeg,0,good
23385_right.jpeg,0,good
24092_left.jpeg,0,good
34485_left.jpeg,0,good
19687_right.jpeg,0,good
35169_left.jpeg,0,good
35130_left.jpeg,0,good
31511_left.jpeg,0,good
35307_right.jpeg,0,good
25475_right.jpeg,0,good
25543_right.jpeg,0,good
14323_right.jpeg,0,good
30122_right.jpeg,0,good
2908_right.jpeg,0,good
30850_right.jpeg,0,good
7251_left.jpeg,0,good
43742_right.jpeg,0,good
28268_left.jpeg,0,good
2261_left.jpeg,0,good
27659_right.jpeg,0,good
7320_right.jpeg,0,good
34456_right.jpeg,0,good
41353_left.jpeg,0,good
9793_left.jpeg,0,good
22299_right.jpeg,0,good
19405_right.jpeg,0,good
24304_right.jpeg,0,good
31190_left.jpeg,0,good
41623_left.jpeg,0,good
23942_left.jpeg,0,good
14945_right.jpeg,0,good
20616_right.jpeg,0,good
20738_right.jpeg,0,good
20683_left.jpeg,0,good
2676_left.jpeg,0,good
40790_right.jpeg,0,good
23830_left.jpeg,0,good
43223_left.jpeg,0,good
9993_right.jpeg,0,good
43363_left.jpeg,0,good
33695_right.jpeg,0,good
31849_right.jpeg,0,good
23231_right.jpeg,0,good
33990_left.jpeg,0,good
23832_right.jpeg,0,good
16286_right.jpeg,0,good
36404_right.jpeg,0,good
3610_right.jpeg,0,good
2683_left.jpeg,0,good
14048_right.jpeg,0,good
20070_left.jpeg,0,good
15641_right.jpeg,0,good
40694_left.jpeg,0,good
11736_right.jpeg,0,good
3585_left.jpeg,0,good
13158_right.jpeg,0,good
39351_left.jpeg,0,good
28438_right.jpeg,0,good
31580_right.jpeg,0,good
43451_left.jpeg,0,good
26108_right.jpeg,0,good
288_right.jpeg,0,good
21439_left.jpeg,0,good
10389_left.jpeg,0,good
25807_left.jpeg,0,good
3872_left.jpeg,0,good
40065_left.jpeg,0,good
32946_left.jpeg,0,good
4702_right.jpeg,0,good
8456_right.jpeg,0,good
41249_left.jpeg,0,good
9775_right.jpeg,0,good
12590_left.jpeg,0,good
40841_right.jpeg,0,good
44240_left.jpeg,0,good
3509_right.jpeg,0,good
5667_right.jpeg,0,good
310_right.jpeg,0,good
23722_right.jpeg,0,good
27977_left.jpeg,0,good
44068_right.jpeg,0,good
28548_left.jpeg,0,good
6368_right.jpeg,0,good
329_left.jpeg,0,good
13036_right.jpeg,0,good
17723_right.jpeg,0,good
38137_right.jpeg,0,good
24140_right.jpeg,0,good
38610_right.jpeg,0,good
43796_left.jpeg,0,good
24355_right.jpeg,0,good
30782_left.jpeg,0,good
41212_left.jpeg,0,good
24824_right.jpeg,0,good
24703_left.jpeg,0,good
7613_right.jpeg,0,good
13363_left.jpeg,0,good
33308_right.jpeg,0,good
1599_left.jpeg,0,good
21172_right.jpeg,0,good
31885_left.jpeg,0,good
3065_right.jpeg,0,good
14634_left.jpeg,0,good
16325_right.jpeg,0,good
14328_right.jpeg,0,good
42651_right.jpeg,0,good
36237_left.jpeg,0,good
9392_left.jpeg,0,good
30741_right.jpeg,0,good
24986_right.jpeg,0,good
26426_right.jpeg,0,good
40754_left.jpeg,0,good
8627_right.jpeg,0,good
13636_right.jpeg,0,good
192_right.jpeg,0,good
7162_right.jpeg,0,good
5083_right.jpeg,0,good
34941_right.jpeg,0,good
38753_left.jpeg,0,good
27168_right.jpeg,0,good
40688_right.jpeg,0,good
36225_right.jpeg,0,good
38800_left.jpeg,0,good
9333_left.jpeg,0,good
6995_left.jpeg,0,good
30481_right.jpeg,0,good
13324_right.jpeg,0,good
32180_left.jpeg,0,good
34832_left.jpeg,0,good
26334_right.jpeg,0,good
22601_right.jpeg,0,good
25959_right.jpeg,0,good
20128_right.jpeg,0,good
10781_right.jpeg,0,good
29730_left.jpeg,0,good
28975_right.jpeg,0,good
43550_left.jpeg,0,good
36225_left.jpeg,0,good
4311_left.jpeg,0,good
17934_right.jpeg,0,good
18566_right.jpeg,0,good
21754_right.jpeg,0,good
7410_right.jpeg,0,good
32160_right.jpeg,0,good
27378_left.jpeg,0,good
17798_right.jpeg,0,good
39691_left.jpeg,0,good
10212_right.jpeg,0,good
5713_left.jpeg,0,good
9068_left.jpeg,0,good
41480_right.jpeg,0,good
25233_right.jpeg,0,good
6024_right.jpeg,0,good
25755_left.jpeg,0,good
26493_right.jpeg,0,good
40449_left.jpeg,0,good
910_left.jpeg,0,good
12241_right.jpeg,0,good
43463_left.jpeg,0,good
40703_left.jpeg,0,good
18750_left.jpeg,0,good
8014_right.jpeg,0,good
28333_left.jpeg,0,good
35077_right.jpeg,0,good
24982_left.jpeg,0,good
30360_right.jpeg,0,good
28247_left.jpeg,0,good
12743_left.jpeg,0,good
23741_left.jpeg,0,good
22822_left.jpeg,0,good
43222_left.jpeg,0,good
3174_right.jpeg,0,good
4533_right.jpeg,0,good
10734_right.jpeg,0,good
5974_right.jpeg,0,good
30692_left.jpeg,0,good
29516_left.jpeg,0,good
12307_right.jpeg,0,good
33718_left.jpeg,0,good
10975_right.jpeg,0,good
40053_right.jpeg,0,good
29953_right.jpeg,0,good
30306_left.jpeg,0,good
32357_right.jpeg,0,good
15029_left.jpeg,0,good
2528_left.jpeg,0,good
40468_right.jpeg,0,good
30249_left.jpeg,0,good
41084_left.jpeg,0,good
24982_right.jpeg,0,good
44178_right.jpeg,0,good
33207_right.jpeg,0,good
11035_left.jpeg,0,good
40582_left.jpeg,0,good
32007_right.jpeg,0,good
38132_left.jpeg,0,good
14257_left.jpeg,0,good
4299_right.jpeg,0,good
17798_left.jpeg,0,good
36143_left.jpeg,0,good
41556_right.jpeg,0,good
15578_right.jpeg,0,good
32008_right.jpeg,0,good
18443_right.jpeg,0,good
32239_right.jpeg,0,good
35484_right.jpeg,0,good
21958_right.jpeg,0,good
16224_right.jpeg,0,good
18028_left.jpeg,0,good
8598_left.jpeg,0,good
41662_right.jpeg,0,good
40083_right.jpeg,0,good
13598_right.jpeg,0,good
1743_right.jpeg,0,good
12612_left.jpeg,0,good
28424_right.jpeg,0,good
43054_right.jpeg,0,good
1032_right.jpeg,0,good
26756_right.jpeg,0,good
10913_right.jpeg,0,good
28365_right.jpeg,0,good
19226_left.jpeg,0,good
14041_right.jpeg,0,good
13307_right.jpeg,0,good
2877_right.jpeg,0,good
20489_right.jpeg,0,good
13618_right.jpeg,0,good
31339_right.jpeg,0,good
39988_right.jpeg,0,good
8011_left.jpeg,0,good
31552_right.jpeg,0,good
11616_right.jpeg,0,good
39613_left.jpeg,0,good
28365_left.jpeg,0,good
26573_left.jpeg,0,good
2249_right.jpeg,0,good
13843_right.jpeg,0,good
25733_left.jpeg,0,good
32409_left.jpeg,0,good
21797_left.jpeg,0,good
22925_left.jpeg,0,good
22275_left.jpeg,0,good
4951_right.jpeg,0,good
23942_right.jpeg,0,good
39718_left.jpeg,0,good
34655_right.jpeg,0,good
37704_right.jpeg,0,good
3585_right.jpeg,0,good
13176_left.jpeg,0,good
140_left.jpeg,0,good
43927_right.jpeg,0,good
42627_left.jpeg,0,good
31333_right.jpeg,0,good
40469_left.jpeg,0,good
33682_left.jpeg,0,good
21768_left.jpeg,0,good
4843_right.jpeg,0,good
28786_right.jpeg,0,good
30583_right.jpeg,0,good
18842_left.jpeg,0,good
44145_right.jpeg,0,good
28628_right.jpeg,0,good
39671_left.jpeg,0,good
32745_right.jpeg,0,good
25632_right.jpeg,0,good
27556_right.jpeg,0,good
32998_right.jpeg,0,good
502_right.jpeg,0,good
36910_right.jpeg,0,good
38243_left.jpeg,0,good
31700_left.jpeg,0,good
38874_right.jpeg,0,good
20596_right.jpeg,0,good
43310_right.jpeg,0,good
1242_left.jpeg,0,good
32292_left.jpeg,0,good
3160_right.jpeg,0,good
38322_right.jpeg,0,good
26340_left.jpeg,0,good
42871_right.jpeg,0,good
29270_right.jpeg,0,good
1020_right.jpeg,0,good
19940_right.jpeg,0,good
19388_left.jpeg,0,good
6605_left.jpeg,0,good
29096_left.jpeg,0,good
25060_right.jpeg,0,good
35058_right.jpeg,0,good
15973_right.jpeg,0,good
40989_right.jpeg,0,good
30353_left.jpeg,0,good
21281_left.jpeg,0,good
19380_left.jpeg,0,good
29390_left.jpeg,0,good
16335_right.jpeg,0,good
21476_right.jpeg,0,good
33919_left.jpeg,0,good
27022_right.jpeg,0,good
2190_right.jpeg,0,good
43695_left.jpeg,0,good
17334_left.jpeg,0,good
650_right.jpeg,0,good
18205_right.jpeg,0,good
4727_left.jpeg,0,good
4294_left.jpeg,0,good
32510_right.jpeg,0,good
37079_right.jpeg,0,good
3610_left.jpeg,0,good
32825_right.jpeg,0,good
40739_right.jpeg,0,good
24424_right.jpeg,0,good
20024_right.jpeg,0,good
32180_right.jpeg,0,good
10743_left.jpeg,0,good
1285_left.jpeg,0,good
2633_left.jpeg,0,good
13160_right.jpeg,0,good
24996_right.jpeg,0,good
33619_right.jpeg,0,good
8284_right.jpeg,0,good
30402_right.jpeg,0,good
25948_right.jpeg,0,good
11041_right.jpeg,0,good
21985_right.jpeg,0,good
43982_right.jpeg,0,good
6272_left.jpeg,0,good
18574_left.jpeg,0,good
24856_right.jpeg,0,good
30785_left.jpeg,0,good
22814_right.jpeg,0,good
37677_right.jpeg,0,good
25141_left.jpeg,0,good
19458_right.jpeg,0,good
8247_right.jpeg,0,good
39958_left.jpeg,0,good
35679_left.jpeg,0,good
29921_left.jpeg,0,good
35064_right.jpeg,0,good
15239_left.jpeg,0,good
28947_right.jpeg,0,good
23171_left.jpeg,0,good
13326_right.jpeg,0,good
7300_right.jpeg,0,good
27961_right.jpeg,0,good
7852_left.jpeg,0,good
6275_right.jpeg,0,good
28316_right.jpeg,0,good
32888_left.jpeg,0,good
28737_right.jpeg,0,good
20774_right.jpeg,0,good
19635_right.jpeg,0,good
40683_right.jpeg,0,good
17578_right.jpeg,0,good
28643_right.jpeg,0,good
19180_right.jpeg,0,good
30108_right.jpeg,0,good
41764_right.jpeg,0,good
41277_right.jpeg,0,good
25904_right.jpeg,0,good
23196_right.jpeg,0,good
18008_left.jpeg,0,good
40036_left.jpeg,0,good
39281_right.jpeg,0,good
19727_left.jpeg,0,good
17340_right.jpeg,0,good
39414_left.jpeg,0,good
21255_left.jpeg,0,good
22782_right.jpeg,0,good
35908_left.jpeg,0,good
29150_right.jpeg,0,good
37584_left.jpeg,0,good
36940_left.jpeg,0,good
8640_left.jpeg,0,good
20890_right.jpeg,0,good
24485_left.jpeg,0,good
2669_right.jpeg,0,good
29313_left.jpeg,0,good
31869_right.jpeg,0,good
21250_right.jpeg,0,good
42555_right.jpeg,0,good
6609_left.jpeg,0,good
7516_right.jpeg,0,good
27589_right.jpeg,0,good
28408_left.jpeg,0,good
10210_right.jpeg,0,good
43194_left.jpeg,0,good
28015_right.jpeg,0,good
26810_right.jpeg,0,good
14081_left.jpeg,0,good
19649_left.jpeg,0,good
5508_right.jpeg,0,good
17303_right.jpeg,0,good
17044_left.jpeg,0,good
18515_left.jpeg,0,good
10606_left.jpeg,0,good
10325_right.jpeg,0,good
34492_right.jpeg,0,good
35606_right.jpeg,0,good
18612_right.jpeg,0,good
12092_right.jpeg,0,good
43978_left.jpeg,0,good
14601_left.jpeg,0,good
44084_left.jpeg,0,good
42155_left.jpeg,0,good
26944_left.jpeg,0,good
42709_left.jpeg,0,good
43713_left.jpeg,0,good
30897_right.jpeg,0,good
3682_right.jpeg,0,good
20381_left.jpeg,0,good
3866_left.jpeg,0,good
735_right.jpeg,0,good
18648_right.jpeg,0,good
33281_left.jpeg,0,good
10340_right.jpeg,0,good
5938_right.jpeg,0,good
1610_left.jpeg,0,good
30619_right.jpeg,0,good
20098_left.jpeg,0,good
30586_left.jpeg,0,good
30686_left.jpeg,0,good
27032_right.jpeg,0,good
11420_left.jpeg,0,good
24353_left.jpeg,0,good
17567_right.jpeg,0,good
19778_right.jpeg,0,good
16258_left.jpeg,0,good
4936_right.jpeg,0,good
5945_left.jpeg,0,good
21247_right.jpeg,0,good
9632_right.jpeg,0,good
31088_right.jpeg,0,good
6545_right.jpeg,0,good
23766_right.jpeg,0,good
10210_left.jpeg,0,good
39753_right.jpeg,0,good
17234_left.jpeg,0,good
16720_left.jpeg,0,good
29359_left.jpeg,0,good
15932_right.jpeg,0,good
26241_left.jpeg,0,good
42219_right.jpeg,0,good
6731_right.jpeg,0,good
249_left.jpeg,0,good
29608_left.jpeg,0,good
24464_right.jpeg,0,good
7603_right.jpeg,0,good
44107_left.jpeg,0,good
25932_right.jpeg,0,good
27286_left.jpeg,0,good
31558_right.jpeg,0,good
13946_right.jpeg,0,good
4915_right.jpeg,0,good
12075_left.jpeg,0,good
18716_right.jpeg,0,good
20626_left.jpeg,0,good
22207_left.jpeg,0,good
15251_left.jpeg,0,good
34234_left.jpeg,0,good
35492_right.jpeg,0,good
3434_right.jpeg,0,good
13660_right.jpeg,0,good
25241_left.jpeg,0,good
26942_left.jpeg,0,good
1579_left.jpeg,0,good
19518_left.jpeg,0,good
1361_right.jpeg,0,good
40900_left.jpeg,0,good
37265_right.jpeg,0,good
33251_left.jpeg,0,good
41383_left.jpeg,0,good
25265_right.jpeg,0,good
26383_right.jpeg,0,good
3094_right.jpeg,0,good
4917_right.jpeg,0,good
31475_right.jpeg,0,good
26052_left.jpeg,0,good
9925_right.jpeg,0,good
23967_left.jpeg,0,good
35285_left.jpeg,0,good
21813_right.jpeg,0,good
6235_right.jpeg,0,good
10061_left.jpeg,0,good
35380_left.jpeg,0,good
10710_right.jpeg,0,good
30900_left.jpeg,0,good
20205_right.jpeg,0,good
13_left.jpeg,0,good
1611_left.jpeg,0,good
263_left.jpeg,0,good
11149_right.jpeg,0,good
1206_right.jpeg,0,good
32418_right.jpeg,0,good
41383_right.jpeg,0,good
11089_right.jpeg,0,good
27156_left.jpeg,0,good
29213_right.jpeg,0,good
32154_right.jpeg,0,good
16881_left.jpeg,0,good
22737_right.jpeg,0,good
31976_right.jpeg,0,good
7695_right.jpeg,0,good
20197_right.jpeg,0,good
24266_right.jpeg,0,good
26619_left.jpeg,0,good
42219_left.jpeg,0,good
5729_right.jpeg,0,good
8132_left.jpeg,0,good
38791_left.jpeg,0,good
9651_right.jpeg,0,good
20540_left.jpeg,0,good
24712_left.jpeg,0,good
29777_left.jpeg,0,good
38958_right.jpeg,0,good
33520_right.jpeg,0,good
10116_right.jpeg,0,good
37156_left.jpeg,0,good
14016_right.jpeg,0,good
9148_left.jpeg,0,good
24955_left.jpeg,0,good
13427_left.jpeg,0,good
18176_right.jpeg,0,good
18239_left.jpeg,0,good
6605_right.jpeg,0,good
33747_right.jpeg,0,good
979_right.jpeg,0,good
26423_right.jpeg,0,good
11697_left.jpeg,0,good
14355_right.jpeg,0,good
9589_right.jpeg,0,good
33699_right.jpeg,0,good
41948_left.jpeg,0,good
16385_left.jpeg,0,good
40407_left.jpeg,0,good
18762_right.jpeg,0,good
25717_right.jpeg,0,good
41556_left.jpeg,0,good
36985_left.jpeg,0,good
24724_left.jpeg,0,good
13267_right.jpeg,0,good
30147_right.jpeg,0,good
23989_left.jpeg,0,good
20462_left.jpeg,0,good
42194_right.jpeg,0,good
19062_right.jpeg,0,good
24355_left.jpeg,0,good
32388_left.jpeg,0,good
6110_right.jpeg,0,good
18816_right.jpeg,0,good
34872_left.jpeg,0,good
24273_right.jpeg,0,good
149_right.jpeg,0,good
20539_left.jpeg,0,good
19518_right.jpeg,0,good
16148_left.jpeg,0,good
19421_left.jpeg,0,good
22525_left.jpeg,0,good
5776_right.jpeg,0,good
17882_right.jpeg,0,good
41733_right.jpeg,0,good
39379_right.jpeg,0,good
23431_right.jpeg,0,good
32478_left.jpeg,0,good
29262_right.jpeg,0,good
13054_left.jpeg,0,good
22330_right.jpeg,0,good
20472_right.jpeg,0,good
43162_right.jpeg,0,good
7200_left.jpeg,0,good
20927_right.jpeg,0,good
37884_left.jpeg,0,good
25802_right.jpeg,0,good
39063_right.jpeg,0,good
43040_right.jpeg,0,good
40989_left.jpeg,0,good
32307_left.jpeg,0,good
12714_right.jpeg,0,good
30089_right.jpeg,0,good
35961_right.jpeg,0,good
15797_left.jpeg,0,good
12175_right.jpeg,0,good
8303_right.jpeg,0,good
29486_left.jpeg,0,good
25560_right.jpeg,0,good
43514_left.jpeg,0,good
32046_right.jpeg,0,good
40372_left.jpeg,0,good
7070_left.jpeg,0,good
39585_left.jpeg,0,good
2749_left.jpeg,0,good
2535_right.jpeg,0,good
2503_right.jpeg,0,good
36979_right.jpeg,0,good
42748_left.jpeg,0,good
17222_left.jpeg,0,good
9463_right.jpeg,0,good
31885_right.jpeg,0,good
32085_left.jpeg,0,good
35082_right.jpeg,0,good
41950_left.jpeg,0,good
18574_right.jpeg,0,good
10452_left.jpeg,0,good
9694_left.jpeg,0,good
44023_right.jpeg,0,good
5952_right.jpeg,0,good
15795_right.jpeg,0,good
33208_left.jpeg,0,good
2350_left.jpeg,0,good
6836_right.jpeg,0,good
32851_left.jpeg,0,good
6678_right.jpeg,0,good
23123_left.jpeg,0,good
15161_right.jpeg,0,good
37229_right.jpeg,0,good
20162_right.jpeg,0,good
30284_left.jpeg,0,good
39697_right.jpeg,0,good
10672_left.jpeg,0,good
5618_right.jpeg,0,good
8885_left.jpeg,0,good
13019_left.jpeg,0,good
17899_left.jpeg,0,good
36403_left.jpeg,0,good
21611_right.jpeg,0,good
19155_left.jpeg,0,good
7106_left.jpeg,0,good
16710_right.jpeg,0,good
27931_left.jpeg,0,good
17461_right.jpeg,0,good
25478_left.jpeg,0,good
44213_right.jpeg,0,good
12536_left.jpeg,0,good
41698_right.jpeg,0,good
16283_right.jpeg,0,good
363_right.jpeg,0,good
38800_right.jpeg,0,good
10095_left.jpeg,0,good
35005_left.jpeg,0,good
15360_left.jpeg,0,good
7091_left.jpeg,0,good
22873_right.jpeg,0,good
32427_left.jpeg,0,good
23002_left.jpeg,0,good
36645_left.jpeg,0,good
35506_right.jpeg,0,good
19874_left.jpeg,0,good
21524_left.jpeg,0,good
42839_right.jpeg,0,good
39496_right.jpeg,0,good
15275_right.jpeg,0,good
650_left.jpeg,0,good
14806_right.jpeg,0,good
33855_right.jpeg,0,good
38330_left.jpeg,0,good
26870_right.jpeg,0,good
29059_right.jpeg,0,good
5436_left.jpeg,0,good
23636_right.jpeg,0,good
678_right.jpeg,0,good
994_right.jpeg,0,good
8233_right.jpeg,0,good
23945_right.jpeg,0,good
241_left.jpeg,0,good
33679_right.jpeg,0,good
25070_left.jpeg,0,good
31143_right.jpeg,0,good
3022_left.jpeg,0,good
36275_left.jpeg,0,good
13410_right.jpeg,0,good
10223_right.jpeg,0,good
41813_right.jpeg,0,good
19347_right.jpeg,0,good
1928_left.jpeg,0,good
20231_right.jpeg,0,good
42217_left.jpeg,0,good
13751_right.jpeg,0,good
43340_left.jpeg,0,good
26288_left.jpeg,0,good
25131_right.jpeg,0,good
30242_left.jpeg,0,good
32696_right.jpeg,0,good
21491_right.jpeg,0,good
34061_left.jpeg,0,good
24111_left.jpeg,0,good
13379_right.jpeg,0,good
35316_left.jpeg,0,good
25575_left.jpeg,0,good
1425_left.jpeg,0,good
43182_right.jpeg,0,good
27589_left.jpeg,0,good
38045_right.jpeg,0,good
914_right.jpeg,0,good
30246_right.jpeg,0,good
17023_left.jpeg,0,good
5407_left.jpeg,0,good
43642_left.jpeg,0,good
43372_left.jpeg,0,good
42965_right.jpeg,0,good
42973_left.jpeg,0,good
35795_right.jpeg,0,good
19400_left.jpeg,0,good
2453_right.jpeg,0,good
32256_left.jpeg,0,good
8246_right.jpeg,0,good
11080_left.jpeg,0,good
39819_right.jpeg,0,good
16110_right.jpeg,0,good
21188_left.jpeg,0,good
32815_left.jpeg,0,good
2369_right.jpeg,0,good
14967_right.jpeg,0,good
29639_left.jpeg,0,good
25238_left.jpeg,0,good
7552_left.jpeg,0,good
6816_left.jpeg,0,good
42207_left.jpeg,0,good
23993_right.jpeg,0,good
30928_right.jpeg,0,good
20916_left.jpeg,0,good
26503_right.jpeg,0,good
18000_right.jpeg,0,good
16109_left.jpeg,0,good
525_left.jpeg,0,good
14473_left.jpeg,0,good
5715_left.jpeg,0,good
16351_right.jpeg,0,good
38899_right.jpeg,0,good
40704_left.jpeg,0,good
4937_right.jpeg,0,good
14545_right.jpeg,0,good
15197_right.jpeg,0,good
33777_right.jpeg,0,good
8413_right.jpeg,0,good
43425_left.jpeg,0,good
34023_right.jpeg,0,good
35805_left.jpeg,0,good
5352_right.jpeg,0,good
24044_left.jpeg,0,good
22878_right.jpeg,0,good
19217_right.jpeg,0,good
20821_left.jpeg,0,good
5559_right.jpeg,0,good
2872_left.jpeg,0,good
1374_left.jpeg,0,good
6643_left.jpeg,0,good
39480_right.jpeg,0,good
27797_right.jpeg,0,good
17931_left.jpeg,0,good
30619_left.jpeg,0,good
32411_left.jpeg,0,good
13376_left.jpeg,0,good
37103_right.jpeg,0,good
1550_right.jpeg,0,good
1407_right.jpeg,0,good
18182_right.jpeg,0,good
40921_left.jpeg,0,good
44042_right.jpeg,0,good
30894_right.jpeg,0,good
3276_right.jpeg,0,good
25868_left.jpeg,0,good
15003_left.jpeg,0,good
35044_right.jpeg,0,good
15385_right.jpeg,0,good
41212_right.jpeg,0,good
7648_right.jpeg,0,good
9101_left.jpeg,0,good
39819_left.jpeg,0,good
43736_right.jpeg,0,good
33472_right.jpeg,0,good
33255_right.jpeg,0,good
38002_left.jpeg,0,good
19229_left.jpeg,0,good
34815_left.jpeg,0,good
14911_left.jpeg,0,good
30362_right.jpeg,0,good
30194_left.jpeg,0,good
525_right.jpeg,0,good
1418_left.jpeg,0,good
16964_right.jpeg,0,good
2820_left.jpeg,0,good
33481_right.jpeg,0,good
42561_right.jpeg,0,good
24335_right.jpeg,0,good
43289_right.jpeg,0,good
22970_right.jpeg,0,good
34984_right.jpeg,0,good
26861_right.jpeg,0,good
22422_left.jpeg,0,good
37905_left.jpeg,0,good
1471_right.jpeg,0,good
1040_right.jpeg,0,good
7722_left.jpeg,0,good
9663_right.jpeg,0,good
23201_left.jpeg,0,good
18486_right.jpeg,0,good
35708_right.jpeg,0,good
36244_right.jpeg,0,good
39626_left.jpeg,0,good
34350_right.jpeg,0,good
19721_right.jpeg,0,good
40575_right.jpeg,0,good
8975_right.jpeg,0,good
9528_left.jpeg,0,good
33907_right.jpeg,0,good
10563_right.jpeg,0,good
34879_left.jpeg,0,good
28126_left.jpeg,0,good
42532_right.jpeg,0,good
44213_left.jpeg,0,good
24488_right.jpeg,0,good
31863_right.jpeg,0,good
19343_left.jpeg,0,good
19812_left.jpeg,0,good
17113_right.jpeg,0,good
32656_right.jpeg,0,good
33493_right.jpeg,0,good
38309_left.jpeg,0,good
34959_left.jpeg,0,good
25449_left.jpeg,0,good
24033_right.jpeg,0,good
33493_left.jpeg,0,good
43982_left.jpeg,0,good
18583_left.jpeg,0,good
15000_left.jpeg,0,good
36441_right.jpeg,0,good
29137_right.jpeg,0,good
24864_left.jpeg,0,good
43911_left.jpeg,0,good
33440_right.jpeg,0,good
17766_right.jpeg,0,good
36655_left.jpeg,0,good
12476_right.jpeg,0,good
26534_right.jpeg,0,good
34428_left.jpeg,0,good
21820_right.jpeg,0,good
30891_left.jpeg,0,good
5558_right.jpeg,0,good
25736_right.jpeg,0,good
10243_right.jpeg,0,good
22043_left.jpeg,0,good
12464_right.jpeg,0,good
25796_right.jpeg,0,good
31337_right.jpeg,0,good
39171_right.jpeg,0,good
19344_right.jpeg,0,good
37054_left.jpeg,0,good
11545_right.jpeg,0,good
34084_left.jpeg,0,good
15322_right.jpeg,0,good
33953_left.jpeg,0,good
14149_right.jpeg,0,good
15980_left.jpeg,0,good
7854_left.jpeg,0,good
58_left.jpeg,0,good
14674_left.jpeg,0,good
38592_left.jpeg,0,good
29732_right.jpeg,0,good
5457_right.jpeg,0,good
23039_right.jpeg,0,good
35368_right.jpeg,0,good
17375_left.jpeg,0,good
37528_right.jpeg,0,good
16414_right.jpeg,0,good
42909_right.jpeg,0,good
23454_right.jpeg,0,good
41784_right.jpeg,0,good
35798_right.jpeg,0,good
39297_left.jpeg,0,good
17802_right.jpeg,0,good
39483_right.jpeg,0,good
40845_right.jpeg,0,good
25500_left.jpeg,0,good
24173_right.jpeg,0,good
25754_right.jpeg,0,good
27024_left.jpeg,0,good
28113_right.jpeg,0,good
33555_left.jpeg,0,good
33835_right.jpeg,0,good
42206_left.jpeg,0,good
39752_left.jpeg,0,good
43934_right.jpeg,0,good
380_left.jpeg,0,good
3895_left.jpeg,0,good
12321_right.jpeg,0,good
5496_right.jpeg,0,good
8965_right.jpeg,0,good
11247_right.jpeg,0,good
44019_left.jpeg,0,good
4861_left.jpeg,0,good
11890_right.jpeg,0,good
22214_right.jpeg,0,good
42194_left.jpeg,0,good
4289_right.jpeg,0,good
42834_right.jpeg,0,good
13112_left.jpeg,0,good
29145_left.jpeg,0,good
39575_left.jpeg,0,good
23133_right.jpeg,0,good
1610_right.jpeg,0,good
18449_right.jpeg,0,good
43271_left.jpeg,0,good
39945_right.jpeg,0,good
41645_left.jpeg,0,good
5149_right.jpeg,0,good
28231_right.jpeg,0,good
15165_left.jpeg,0,good
28476_left.jpeg,0,good
31185_right.jpeg,0,good
43258_left.jpeg,0,good
17298_left.jpeg,0,good
19877_left.jpeg,0,good
11858_left.jpeg,0,good
2077_left.jpeg,0,good
9456_right.jpeg,0,good
28402_left.jpeg,0,good
9925_left.jpeg,0,good
21614_left.jpeg,0,good
12941_right.jpeg,0,good
35445_right.jpeg,0,good
37954_right.jpeg,0,good
31159_right.jpeg,0,good
8893_right.jpeg,0,good
25988_left.jpeg,0,good
17334_right.jpeg,0,good
38798_left.jpeg,0,good
43959_right.jpeg,0,good
25134_right.jpeg,0,good
35933_right.jpeg,0,good
18780_left.jpeg,0,good
12602_left.jpeg,0,good
22144_left.jpeg,0,good
8493_right.jpeg,0,good
7739_right.jpeg,0,good
7637_left.jpeg,0,good
4633_right.jpeg,0,good
10842_left.jpeg,0,good
16627_left.jpeg,0,good
37818_right.jpeg,0,good
23245_left.jpeg,0,good
39613_right.jpeg,0,good
41528_left.jpeg,0,good
6896_right.jpeg,0,good
21127_left.jpeg,0,good
30141_left.jpeg,0,good
32200_right.jpeg,0,good
26798_left.jpeg,0,good
22959_left.jpeg,0,good
28092_left.jpeg,0,good
28204_right.jpeg,0,good
18417_left.jpeg,0,good
27836_right.jpeg,0,good
1471_left.jpeg,0,good
17234_right.jpeg,0,good
34651_right.jpeg,0,good
29089_right.jpeg,0,good
30300_left.jpeg,0,good
18584_right.jpeg,0,good
31622_right.jpeg,0,good
39480_left.jpeg,0,good
9317_left.jpeg,0,good
19206_right.jpeg,0,good
3897_right.jpeg,0,good
29828_right.jpeg,0,good
21618_right.jpeg,0,good
25739_left.jpeg,0,good
40525_right.jpeg,0,good
7522_left.jpeg,0,good
35606_left.jpeg,0,good
31732_right.jpeg,0,good
33440_left.jpeg,0,good
35996_right.jpeg,0,good
19350_left.jpeg,0,good
992_right.jpeg,0,good
37656_right.jpeg,0,good
18182_left.jpeg,0,good
145_left.jpeg,0,good
22059_left.jpeg,0,good
30089_left.jpeg,0,good
17871_right.jpeg,0,good
14852_right.jpeg,0,good
4527_left.jpeg,0,good
43555_right.jpeg,0,good
21103_left.jpeg,0,good
21103_right.jpeg,0,good
6839_right.jpeg,0,good
9016_right.jpeg,0,good
4475_right.jpeg,0,good
5284_left.jpeg,0,good
20568_right.jpeg,0,good
19612_left.jpeg,0,good
977_right.jpeg,0,good
43161_left.jpeg,0,good
40612_right.jpeg,0,good
13598_left.jpeg,0,good
13935_left.jpeg,0,good
17450_left.jpeg,0,good
28675_right.jpeg,0,good
34655_left.jpeg,0,good
32821_left.jpeg,0,good
35186_right.jpeg,0,good
27525_right.jpeg,0,good
7438_right.jpeg,0,good
42958_right.jpeg,0,good
26376_right.jpeg,0,good
30297_right.jpeg,0,good
27953_left.jpeg,0,good
16035_left.jpeg,0,good
41079_left.jpeg,0,good
5457_left.jpeg,0,good
4545_left.jpeg,0,good
41573_right.jpeg,0,good
8320_left.jpeg,0,good
22101_right.jpeg,0,good
22921_left.jpeg,0,good
36131_left.jpeg,0,good
2336_left.jpeg,0,good
13078_right.jpeg,0,good
32893_right.jpeg,0,good
35678_right.jpeg,0,good
25807_right.jpeg,0,good
36724_right.jpeg,0,good
22154_right.jpeg,0,good
24745_left.jpeg,0,good
17226_right.jpeg,0,good
18310_left.jpeg,0,good
8434_right.jpeg,0,good
17709_right.jpeg,0,good
4984_right.jpeg,0,good
32816_right.jpeg,0,good
33281_right.jpeg,0,good
13613_left.jpeg,0,good
20275_right.jpeg,0,good
42083_right.jpeg,0,good
14751_left.jpeg,0,good
18417_right.jpeg,0,good
8981_left.jpeg,0,good
43072_right.jpeg,0,good
9101_right.jpeg,0,good
26470_left.jpeg,0,good
28492_right.jpeg,0,good
21354_left.jpeg,0,good
30686_right.jpeg,0,good
24252_right.jpeg,0,good
16754_left.jpeg,0,good
27489_left.jpeg,0,good
21065_right.jpeg,0,good
31347_right.jpeg,0,good
21751_right.jpeg,0,good
23076_right.jpeg,0,good
7290_left.jpeg,0,good
17240_right.jpeg,0,good
29096_right.jpeg,0,good
28912_right.jpeg,0,good
23702_left.jpeg,0,good
15424_left.jpeg,0,good
1736_left.jpeg,0,good
43470_right.jpeg,0,good
3017_left.jpeg,0,good
27676_right.jpeg,0,good
17441_right.jpeg,0,good
35571_left.jpeg,0,good
35186_left.jpeg,0,good
4127_left.jpeg,0,good
7875_right.jpeg,0,good
22168_left.jpeg,0,good
3723_left.jpeg,0,good
3872_right.jpeg,0,good
36205_left.jpeg,0,good
20020_left.jpeg,0,good
24676_left.jpeg,0,good
37494_right.jpeg,0,good
43367_right.jpeg,0,good
42233_right.jpeg,0,good
5521_right.jpeg,0,good
21111_right.jpeg,0,good
29588_right.jpeg,0,good
18842_right.jpeg,0,good
2097_left.jpeg,0,good
4199_left.jpeg,0,good
26368_right.jpeg,0,good
44036_right.jpeg,0,good
38914_right.jpeg,0,good
23076_left.jpeg,0,good
9855_right.jpeg,0,good
19755_left.jpeg,0,good
11652_right.jpeg,0,good
37626_left.jpeg,0,good
24867_left.jpeg,0,good
6104_left.jpeg,0,good
30741_left.jpeg,0,good
39943_left.jpeg,0,good
2525_left.jpeg,0,good
33013_right.jpeg,0,good
44013_left.jpeg,0,good
17452_right.jpeg,0,good
15151_left.jpeg,0,good
14723_left.jpeg,0,good
13375_right.jpeg,0,good
7934_right.jpeg,0,good
26340_right.jpeg,0,good
389_left.jpeg,0,good
11273_right.jpeg,0,good
24199_right.jpeg,0,good
12817_right.jpeg,0,good
2303_right.jpeg,0,good
23428_right.jpeg,0,good
26426_left.jpeg,0,good
4937_left.jpeg,0,good
6578_left.jpeg,0,good
8025_right.jpeg,0,good
22625_right.jpeg,0,good
4058_right.jpeg,0,good
31099_left.jpeg,0,good
23385_left.jpeg,0,good
15162_right.jpeg,0,good
36081_right.jpeg,0,good
9008_right.jpeg,0,good
20174_right.jpeg,0,good
9288_left.jpeg,0,good
5319_left.jpeg,0,good
12303_right.jpeg,0,good
22820_right.jpeg,0,good
33591_left.jpeg,0,good
16515_right.jpeg,0,good
39111_right.jpeg,0,good
25701_right.jpeg,0,good
26007_left.jpeg,0,good
28232_left.jpeg,0,good
32936_left.jpeg,0,good
41170_right.jpeg,0,good
23124_right.jpeg,0,good
3889_left.jpeg,0,good
35973_right.jpeg,0,good
26987_left.jpeg,0,good
43779_right.jpeg,0,good
24924_left.jpeg,0,good
43458_right.jpeg,0,good
4911_right.jpeg,0,good
36169_right.jpeg,0,good
11816_right.jpeg,0,good
17356_right.jpeg,0,good
24931_right.jpeg,0,good
10585_right.jpeg,0,good
8006_left.jpeg,0,good
12255_left.jpeg,0,good
41754_right.jpeg,0,good
10009_left.jpeg,0,good
14568_left.jpeg,0,good
13874_left.jpeg,0,good
7828_right.jpeg,0,good
34456_left.jpeg,0,good
16359_right.jpeg,0,good
1322_right.jpeg,0,good
10141_left.jpeg,0,good
41020_left.jpeg,0,good
7952_right.jpeg,0,good
18904_right.jpeg,0,good
17441_left.jpeg,0,good
2820_right.jpeg,0,good
13683_right.jpeg,0,good
6018_left.jpeg,0,good
1396_left.jpeg,0,good
2001_left.jpeg,0,good
38423_left.jpeg,0,good
980_right.jpeg,0,good
41379_right.jpeg,0,good
2650_right.jpeg,0,good
26473_right.jpeg,0,good
15347_right.jpeg,0,good
6668_right.jpeg,0,good
7940_left.jpeg,0,good
28895_right.jpeg,0,good
29486_right.jpeg,0,good
39111_left.jpeg,0,good
16307_right.jpeg,0,good
34373_right.jpeg,0,good
8760_left.jpeg,0,good
40643_right.jpeg,0,good
169_left.jpeg,0,good
27244_left.jpeg,0,good
40913_right.jpeg,0,good
16392_left.jpeg,0,good
11818_right.jpeg,0,good
40917_left.jpeg,0,good
23064_right.jpeg,0,good
43747_left.jpeg,0,good
13517_left.jpeg,0,good
7623_left.jpeg,0,good
17629_right.jpeg,0,good
39604_right.jpeg,0,good
29892_left.jpeg,0,good
44145_left.jpeg,0,good
23135_right.jpeg,0,good
13714_right.jpeg,0,good
29064_left.jpeg,0,good
1277_left.jpeg,0,good
18120_left.jpeg,0,good
36479_right.jpeg,0,good
23237_left.jpeg,0,good
13178_left.jpeg,0,good
2448_right.jpeg,0,good
36778_right.jpeg,0,good
11770_right.jpeg,0,good
11294_right.jpeg,0,good
42449_right.jpeg,0,good
21472_left.jpeg,0,good
18022_right.jpeg,0,good
35322_left.jpeg,0,good
42403_left.jpeg,0,good
15154_right.jpeg,0,good
43899_left.jpeg,0,good
9462_right.jpeg,0,good
7910_left.jpeg,0,good
43448_right.jpeg,0,good
36318_right.jpeg,0,good
4078_right.jpeg,0,good
16623_right.jpeg,0,good
12511_right.jpeg,0,good
3708_right.jpeg,0,good
39667_right.jpeg,0,good
17853_right.jpeg,0,good
5841_right.jpeg,0,good
17509_left.jpeg,0,good
8486_left.jpeg,0,good
24979_left.jpeg,0,good
40407_right.jpeg,0,good
6518_right.jpeg,0,good
42424_right.jpeg,0,good
9736_left.jpeg,0,good
20898_left.jpeg,0,good
31089_left.jpeg,0,good
1733_right.jpeg,0,good
9694_right.jpeg,0,good
44331_right.jpeg,0,good
13019_right.jpeg,0,good
17083_left.jpeg,0,good
33973_right.jpeg,0,good
24140_left.jpeg,0,good
37233_left.jpeg,0,good
24592_right.jpeg,0,good
15603_left.jpeg,0,good
6715_left.jpeg,0,good
28579_right.jpeg,0,good
15717_left.jpeg,0,good
18665_left.jpeg,0,good
27957_right.jpeg,0,good
31307_left.jpeg,0,good
497_left.jpeg,0,good
13169_right.jpeg,0,good
10400_left.jpeg,0,good
34512_left.jpeg,0,good
12965_left.jpeg,0,good
18471_right.jpeg,0,good
39453_right.jpeg,0,good
16993_right.jpeg,0,good
18495_right.jpeg,0,good
8487_right.jpeg,0,good
38400_left.jpeg,0,good
10150_right.jpeg,0,good
13856_left.jpeg,0,good
36143_right.jpeg,0,good
22315_right.jpeg,0,good
18929_left.jpeg,0,good
5993_left.jpeg,0,good
36036_left.jpeg,0,good
31191_left.jpeg,0,good
24279_left.jpeg,0,good
28436_right.jpeg,0,good
16401_left.jpeg,0,good
12133_right.jpeg,0,good
36057_right.jpeg,0,good
28571_left.jpeg,0,good
19073_right.jpeg,0,good
5980_left.jpeg,0,good
15708_right.jpeg,0,good
24492_right.jpeg,0,good
11547_left.jpeg,0,good
23114_left.jpeg,0,good
37562_right.jpeg,0,good
12714_left.jpeg,0,good
12311_right.jpeg,0,good
8593_left.jpeg,0,good
27994_right.jpeg,0,good
31035_left.jpeg,0,good
4318_left.jpeg,0,good
6878_right.jpeg,0,good
38790_right.jpeg,0,good
11638_right.jpeg,0,good
30109_left.jpeg,0,good
31790_right.jpeg,0,good
15661_right.jpeg,0,good
19967_right.jpeg,0,good
7106_right.jpeg,0,good
37072_right.jpeg,0,good
5293_right.jpeg,0,good
13995_left.jpeg,0,good
16835_right.jpeg,0,good
44084_right.jpeg,0,good
33605_right.jpeg,0,good
10391_left.jpeg,0,good
27224_left.jpeg,0,good
34428_right.jpeg,0,good
13042_left.jpeg,0,good
31190_right.jpeg,0,good
31731_right.jpeg,0,good
14950_right.jpeg,0,good
30986_left.jpeg,0,good
3060_left.jpeg,0,good
29050_left.jpeg,0,good
33991_left.jpeg,0,good
1579_right.jpeg,0,good
38874_left.jpeg,0,good
15083_left.jpeg,0,good
8113_right.jpeg,0,good
644_left.jpeg,0,good
31938_left.jpeg,0,good
3332_right.jpeg,0,good
18999_right.jpeg,0,good
20189_left.jpeg,0,good
20165_left.jpeg,0,good
10234_left.jpeg,0,good
38259_right.jpeg,0,good
15897_right.jpeg,0,good
26618_left.jpeg,0,good
4915_left.jpeg,0,good
4182_left.jpeg,0,good
38423_right.jpeg,0,good
22678_right.jpeg,0,good
38884_right.jpeg,0,good
31811_left.jpeg,0,good
939_left.jpeg,0,good
5059_left.jpeg,0,good
39126_right.jpeg,0,good
31584_left.jpeg,0,good
2558_right.jpeg,0,good
6066_left.jpeg,0,good
21174_right.jpeg,0,good
2956_left.jpeg,0,good
21973_right.jpeg,0,good
6732_right.jpeg,0,good
37865_right.jpeg,0,good
6410_right.jpeg,0,good
17998_right.jpeg,0,good
26862_left.jpeg,0,good
26043_right.jpeg,0,good
44309_left.jpeg,0,good
15576_right.jpeg,0,good
636_left.jpeg,0,good
18020_right.jpeg,0,good
18486_left.jpeg,0,good
15644_left.jpeg,0,good
41415_left.jpeg,0,good
35803_left.jpeg,0,good
42927_right.jpeg,0,good
40212_left.jpeg,0,good
31343_right.jpeg,0,good
10969_left.jpeg,0,good
39126_left.jpeg,0,good
19888_left.jpeg,0,good
10907_right.jpeg,0,good
31449_left.jpeg,0,good
20815_right.jpeg,0,good
14947_left.jpeg,0,good
15205_right.jpeg,0,good
24971_right.jpeg,0,good
13807_left.jpeg,0,good
16021_left.jpeg,0,good
8115_right.jpeg,0,good
430_right.jpeg,0,good
36921_right.jpeg,0,good
26994_left.jpeg,0,good
23193_right.jpeg,0,good
5015_right.jpeg,0,good
12951_right.jpeg,0,good
19572_left.jpeg,0,good
33504_left.jpeg,0,good
27295_right.jpeg,0,good
32703_right.jpeg,0,good
14440_left.jpeg,0,good
5444_left.jpeg,0,good
43160_left.jpeg,0,good
30762_left.jpeg,0,good
13320_right.jpeg,0,good
34863_left.jpeg,0,good
30748_left.jpeg,0,good
35508_right.jpeg,0,good
2435_left.jpeg,0,good
15002_left.jpeg,0,good
435_left.jpeg,0,good
41157_left.jpeg,0,good
40_left.jpeg,0,good
42601_right.jpeg,0,good
24249_right.jpeg,0,good
33030_left.jpeg,0,good
26986_right.jpeg,0,good
14093_right.jpeg,0,good
24199_left.jpeg,0,good
38899_left.jpeg,0,good
44343_left.jpeg,0,good
18420_right.jpeg,0,good
21596_left.jpeg,0,good
27782_left.jpeg,0,good
3795_right.jpeg,0,good
7959_right.jpeg,0,good
8387_right.jpeg,0,good
10457_right.jpeg,0,good
32779_left.jpeg,0,good
31015_left.jpeg,0,good
1411_left.jpeg,0,good
7682_right.jpeg,0,good
7899_left.jpeg,0,good
37865_left.jpeg,0,good
10675_left.jpeg,0,good
25523_right.jpeg,0,good
18090_right.jpeg,0,good
5183_right.jpeg,0,good
20503_left.jpeg,0,good
35788_left.jpeg,0,good
8447_right.jpeg,0,good
34939_left.jpeg,0,good
12933_right.jpeg,0,good
5009_right.jpeg,0,good
31379_right.jpeg,0,good
20635_left.jpeg,0,good
14204_left.jpeg,0,good
13521_right.jpeg,0,good
8981_right.jpeg,0,good
37595_left.jpeg,0,good
28287_right.jpeg,0,good
28797_left.jpeg,0,good
23847_right.jpeg,0,good
20205_left.jpeg,0,good
43222_right.jpeg,0,good
18993_right.jpeg,0,good
39664_left.jpeg,0,good
18133_left.jpeg,0,good
23697_right.jpeg,0,good
28556_right.jpeg,0,good
6643_right.jpeg,0,good
40081_right.jpeg,0,good
26007_right.jpeg,0,good
42072_left.jpeg,0,good
21673_left.jpeg,0,good
42377_right.jpeg,0,good
6574_right.jpeg,0,good
9280_left.jpeg,0,good
2607_left.jpeg,0,good
39169_right.jpeg,0,good
8395_right.jpeg,0,good
40551_right.jpeg,0,good
16302_left.jpeg,0,good
18583_right.jpeg,0,good
38759_right.jpeg,0,good
19097_left.jpeg,0,good
662_left.jpeg,0,good
35221_right.jpeg,0,good
16773_right.jpeg,0,good
24304_left.jpeg,0,good
28076_left.jpeg,0,good
23193_left.jpeg,0,good
13958_left.jpeg,0,good
39011_left.jpeg,0,good
12156_right.jpeg,0,good
9845_right.jpeg,0,good
15991_right.jpeg,0,good
17018_left.jpeg,0,good
7880_right.jpeg,0,good
8642_right.jpeg,0,good
8093_left.jpeg,0,good
36465_right.jpeg,0,good
6591_left.jpeg,0,good
9544_right.jpeg,0,good
31549_right.jpeg,0,good
40706_right.jpeg,0,good
29262_left.jpeg,0,good
13481_right.jpeg,0,good
10923_right.jpeg,0,good
19005_left.jpeg,0,good
12148_left.jpeg,0,good
19402_left.jpeg,0,good
5255_left.jpeg,0,good
34814_left.jpeg,0,good
25207_right.jpeg,0,good
18120_right.jpeg,0,good
43683_right.jpeg,0,good
936_left.jpeg,0,good
16684_left.jpeg,0,good
11816_left.jpeg,0,good
39852_right.jpeg,0,good
904_right.jpeg,0,good
33163_left.jpeg,0,good
12822_right.jpeg,0,good
18405_left.jpeg,0,good
13745_left.jpeg,0,good
36603_left.jpeg,0,good
33794_right.jpeg,0,good
42170_right.jpeg,0,good
10369_left.jpeg,0,good
33936_right.jpeg,0,good
41695_left.jpeg,0,good
8949_right.jpeg,0,good
22871_right.jpeg,0,good
13066_right.jpeg,0,good
9975_right.jpeg,0,good
8029_left.jpeg,0,good
16520_left.jpeg,0,good
40941_left.jpeg,0,good
37146_left.jpeg,0,good
31981_left.jpeg,0,good
24092_right.jpeg,0,good
11707_right.jpeg,0,good
34410_right.jpeg,0,good
16136_left.jpeg,0,good
14029_left.jpeg,0,good
39729_right.jpeg,0,good
37130_right.jpeg,0,good
32344_left.jpeg,0,good
12779_right.jpeg,0,good
12626_right.jpeg,0,good
20738_left.jpeg,0,good
39061_left.jpeg,0,good
15477_left.jpeg,0,good
18612_left.jpeg,0,good
33732_right.jpeg,0,good
42164_right.jpeg,0,good
15431_right.jpeg,0,good
22492_left.jpeg,0,good
34501_left.jpeg,0,good
33255_left.jpeg,0,good
7466_right.jpeg,0,good
42826_left.jpeg,0,good
29388_left.jpeg,0,good
23844_right.jpeg,0,good
1827_right.jpeg,0,good
3061_left.jpeg,0,good
162_left.jpeg,0,good
27301_right.jpeg,0,good
42138_right.jpeg,0,good
40719_left.jpeg,0,good
14913_left.jpeg,0,good
28295_left.jpeg,0,good
16752_left.jpeg,0,good
11246_left.jpeg,0,good
12301_right.jpeg,0,good
14863_right.jpeg,0,good
33347_right.jpeg,0,good
3541_right.jpeg,0,good
19793_left.jpeg,0,good
7314_right.jpeg,0,good
42690_left.jpeg,0,good
35580_right.jpeg,0,good
31970_right.jpeg,0,good
969_right.jpeg,0,good
17023_right.jpeg,0,good
6532_left.jpeg,0,good
27539_right.jpeg,0,good
28550_right.jpeg,0,good
5534_left.jpeg,0,good
7922_right.jpeg,0,good
36065_right.jpeg,0,good
18434_left.jpeg,0,good
2468_right.jpeg,0,good
7940_right.jpeg,0,good
5245_right.jpeg,0,good
2982_left.jpeg,0,good
36940_right.jpeg,0,good
1035_right.jpeg,0,good
27165_right.jpeg,0,good
11952_right.jpeg,0,good
7025_left.jpeg,0,good
28368_right.jpeg,0,good
5537_left.jpeg,0,good
9080_left.jpeg,0,good
18253_right.jpeg,0,good
15293_right.jpeg,0,good
36999_right.jpeg,0,good
26051_left.jpeg,0,good
39546_left.jpeg,0,good
24941_right.jpeg,0,good
27496_right.jpeg,0,good
10100_left.jpeg,0,good
22625_left.jpeg,0,good
40438_right.jpeg,0,good
6736_left.jpeg,0,good
9741_right.jpeg,0,good
30233_left.jpeg,0,good
30689_right.jpeg,0,good
9310_right.jpeg,0,good
35867_left.jpeg,0,good
12865_left.jpeg,0,good
34458_right.jpeg,0,good
349_left.jpeg,0,good
8006_right.jpeg,0,good
34173_left.jpeg,0,good
2462_left.jpeg,0,good
28346_right.jpeg,0,good
8410_left.jpeg,0,good
20232_left.jpeg,0,good
36080_left.jpeg,0,good
26874_left.jpeg,0,good
32069_left.jpeg,0,good
34361_right.jpeg,0,good
7091_right.jpeg,0,good
36979_left.jpeg,0,good
6018_right.jpeg,0,good
11165_right.jpeg,0,good
5284_right.jpeg,0,good
40873_right.jpeg,0,good
44097_left.jpeg,0,good
14224_right.jpeg,0,good
18817_right.jpeg,0,good
37278_right.jpeg,0,good
20506_left.jpeg,0,good
11504_right.jpeg,0,good
42210_left.jpeg,0,good
1649_right.jpeg,0,good
19200_left.jpeg,0,good
36460_right.jpeg,0,good
14466_right.jpeg,0,good
16218_right.jpeg,0,good
2015_left.jpeg,0,good
23245_right.jpeg,0,good
31413_left.jpeg,0,good
6669_right.jpeg,0,good
17490_left.jpeg,0,good
39481_right.jpeg,0,good
27542_right.jpeg,0,good
32415_left.jpeg,0,good
4182_right.jpeg,0,good
14575_right.jpeg,0,good
20965_left.jpeg,0,good
33935_right.jpeg,0,good
2443_left.jpeg,0,good
35795_left.jpeg,0,good
12106_left.jpeg,0,good
40556_right.jpeg,0,good
13796_right.jpeg,0,good
22746_left.jpeg,0,good
23696_left.jpeg,0,good
16272_right.jpeg,0,good
36937_left.jpeg,0,good
22350_right.jpeg,0,good
41926_left.jpeg,0,good
30141_right.jpeg,0,good
35421_left.jpeg,0,good
10437_right.jpeg,0,good
20975_left.jpeg,0,good
33783_right.jpeg,0,good
32445_left.jpeg,0,good
5061_right.jpeg,0,good
2887_left.jpeg,0,good
2110_right.jpeg,0,good
16877_right.jpeg,0,good
32239_left.jpeg,0,good
4519_left.jpeg,0,good
1916_left.jpeg,0,good
6696_left.jpeg,0,good
10523_right.jpeg,0,good
44204_left.jpeg,0,good
37227_right.jpeg,0,good
43250_left.jpeg,0,good
39773_right.jpeg,0,good
7667_right.jpeg,0,good
36684_left.jpeg,0,good
31143_left.jpeg,0,good
31452_right.jpeg,0,good
32405_right.jpeg,0,good
5454_right.jpeg,0,good
22314_left.jpeg,0,good
20361_right.jpeg,0,good
40832_right.jpeg,0,good
25131_left.jpeg,0,good
42154_left.jpeg,0,good
19184_right.jpeg,0,good
40081_left.jpeg,0,good
32702_right.jpeg,0,good
20747_right.jpeg,0,good
6541_right.jpeg,0,good
43359_left.jpeg,0,good
24405_right.jpeg,0,good
21670_left.jpeg,0,good
41079_right.jpeg,0,good
16843_left.jpeg,0,good
31000_left.jpeg,0,good
31898_right.jpeg,0,good
122_left.jpeg,0,good
39718_right.jpeg,0,good
9462_left.jpeg,0,good
40309_left.jpeg,0,good
17218_left.jpeg,0,good
20101_left.jpeg,0,good
23669_left.jpeg,0,good
36150_left.jpeg,0,good
14397_right.jpeg,0,good
30660_left.jpeg,0,good
5559_left.jpeg,0,good
29313_right.jpeg,0,good
25060_left.jpeg,0,good
23601_right.jpeg,0,good
39876_left.jpeg,0,good
40793_left.jpeg,0,good
35010_left.jpeg,0,good
18951_right.jpeg,0,good
1492_right.jpeg,0,good
38779_left.jpeg,0,good
15576_left.jpeg,0,good
20022_left.jpeg,0,good
41875_right.jpeg,0,good
1775_left.jpeg,0,good
36030_right.jpeg,0,good
4484_right.jpeg,0,good
22063_left.jpeg,0,good
8029_right.jpeg,0,good
38517_right.jpeg,0,good
1211_left.jpeg,0,good
7910_right.jpeg,0,good
29690_right.jpeg,0,good
25929_left.jpeg,0,good
31326_left.jpeg,0,good
16095_left.jpeg,0,good
17218_right.jpeg,0,good
36081_left.jpeg,0,good
8810_right.jpeg,0,good
19169_right.jpeg,0,good
6822_right.jpeg,0,good
11294_left.jpeg,0,good
40074_right.jpeg,0,good
5332_right.jpeg,0,good
38058_right.jpeg,0,good
9869_right.jpeg,0,good
22241_left.jpeg,0,good
26830_right.jpeg,0,good
27556_left.jpeg,0,good
17543_left.jpeg,0,good
42428_left.jpeg,0,good
27237_right.jpeg,0,good
28713_right.jpeg,0,good
33304_right.jpeg,0,good
36072_right.jpeg,0,good
35021_left.jpeg,0,good
31326_right.jpeg,0,good
27539_left.jpeg,0,good
17481_right.jpeg,0,good
4070_left.jpeg,0,good
36717_right.jpeg,0,good
20407_left.jpeg,0,good
19344_left.jpeg,0,good
24645_left.jpeg,0,good
34417_right.jpeg,0,good
22825_right.jpeg,0,good
20730_right.jpeg,0,good
30269_left.jpeg,0,good
39554_left.jpeg,0,good
17314_left.jpeg,0,good
20197_left.jpeg,0,good
42204_left.jpeg,0,good
17750_left.jpeg,0,good
41381_right.jpeg,0,good
14751_right.jpeg,0,good
37032_left.jpeg,0,good
33115_right.jpeg,0,good
18864_right.jpeg,0,good
15596_left.jpeg,0,good
14016_left.jpeg,0,good
38866_right.jpeg,0,good
42973_right.jpeg,0,good
43936_left.jpeg,0,good
12506_right.jpeg,0,good
31209_left.jpeg,0,good
30348_right.jpeg,0,good
35428_right.jpeg,0,good
36571_right.jpeg,0,good
23642_left.jpeg,0,good
36044_right.jpeg,0,good
10835_left.jpeg,0,good
30157_right.jpeg,0,good
42210_right.jpeg,0,good
41039_right.jpeg,0,good
40132_right.jpeg,0,good
2007_left.jpeg,0,good
23752_left.jpeg,0,good
41853_right.jpeg,0,good
44331_left.jpeg,0,good
25149_right.jpeg,0,good
43975_right.jpeg,0,good
13014_left.jpeg,0,good
36733_left.jpeg,0,good
11271_right.jpeg,0,good
15347_left.jpeg,0,good
15380_right.jpeg,0,good
37666_left.jpeg,0,good
16620_right.jpeg,0,good
5032_right.jpeg,0,good
25808_right.jpeg,0,good
25507_left.jpeg,0,good
41134_left.jpeg,0,good
11494_right.jpeg,0,good
44010_left.jpeg,0,good
28223_right.jpeg,0,good
37519_right.jpeg,0,good
9467_left.jpeg,0,good
22607_right.jpeg,0,good
36695_left.jpeg,0,good
16223_left.jpeg,0,good
39170_left.jpeg,0,good
13969_right.jpeg,0,good
25064_right.jpeg,0,good
42631_left.jpeg,0,good
44168_left.jpeg,0,good
24166_right.jpeg,0,good
34651_left.jpeg,0,good
6368_left.jpeg,0,good
15431_left.jpeg,0,good
23718_left.jpeg,0,good
1508_right.jpeg,0,good
17953_right.jpeg,0,good
15696_left.jpeg,0,good
16233_right.jpeg,0,good
4090_left.jpeg,0,good
36103_right.jpeg,0,good
37408_left.jpeg,0,good
11738_left.jpeg,0,good
18198_right.jpeg,0,good
3335_right.jpeg,0,good
19207_right.jpeg,0,good
29980_left.jpeg,0,good
28413_left.jpeg,0,good
16629_right.jpeg,0,good
35325_right.jpeg,0,good
34690_left.jpeg,0,good
10658_right.jpeg,0,good
396_right.jpeg,0,good
9167_right.jpeg,0,good
14269_left.jpeg,0,good
34302_right.jpeg,0,good
7857_right.jpeg,0,good
23848_right.jpeg,0,good
22948_left.jpeg,0,good
11325_right.jpeg,0,good
14115_right.jpeg,0,good
17326_left.jpeg,0,good
38370_right.jpeg,0,good
31231_left.jpeg,0,good
1641_left.jpeg,0,good
42363_left.jpeg,0,good
30689_left.jpeg,0,good
6442_left.jpeg,0,good
19458_left.jpeg,0,good
33869_right.jpeg,0,good
15549_left.jpeg,0,good
20047_right.jpeg,0,good
15477_right.jpeg,0,good
15894_right.jpeg,0,good
8295_left.jpeg,0,good
28946_left.jpeg,0,good
12079_right.jpeg,0,good
17320_right.jpeg,0,good
939_right.jpeg,0,good
7505_left.jpeg,0,good
8074_left.jpeg,0,good
1422_left.jpeg,0,good
39060_right.jpeg,0,good
22397_left.jpeg,0,good
13042_right.jpeg,0,good
34479_left.jpeg,0,good
41536_right.jpeg,0,good
27009_right.jpeg,0,good
46_left.jpeg,0,good
17746_left.jpeg,0,good
40252_left.jpeg,0,good
19409_right.jpeg,0,good
38309_right.jpeg,0,good
43713_right.jpeg,0,good
15339_right.jpeg,0,good
18570_right.jpeg,0,good
21852_right.jpeg,0,good
21367_left.jpeg,0,good
17097_left.jpeg,0,good
15674_right.jpeg,0,good
17639_right.jpeg,0,good
33156_right.jpeg,0,good
10558_left.jpeg,0,good
40551_left.jpeg,0,good
34955_right.jpeg,0,good
16607_right.jpeg,0,good
5773_right.jpeg,0,good
36021_left.jpeg,0,good
6567_right.jpeg,0,good
2336_right.jpeg,0,good
21627_right.jpeg,0,good
13170_left.jpeg,0,good
3754_right.jpeg,0,good
5995_left.jpeg,0,good
42760_right.jpeg,0,good
2582_left.jpeg,0,good
37761_left.jpeg,0,good
2102_right.jpeg,0,good
42678_left.jpeg,0,good
15410_left.jpeg,0,good
6734_right.jpeg,0,good
25197_right.jpeg,0,good
386_left.jpeg,0,good
25826_right.jpeg,0,good
18345_left.jpeg,0,good
33605_left.jpeg,0,good
34792_right.jpeg,0,good
33959_right.jpeg,0,good
14109_left.jpeg,0,good
17229_right.jpeg,0,good
21847_left.jpeg,0,good
21006_left.jpeg,0,good
5259_left.jpeg,0,good
23237_right.jpeg,0,good
16744_left.jpeg,0,good
19699_right.jpeg,0,good
27298_right.jpeg,0,good
3306_right.jpeg,0,good
25094_right.jpeg,0,good
18345_right.jpeg,0,good
13210_right.jpeg,0,good
29150_left.jpeg,0,good
29330_right.jpeg,0,good
34234_right.jpeg,0,good
7732_right.jpeg,0,good
8936_left.jpeg,0,good
14683_left.jpeg,0,good
12233_left.jpeg,0,good
3429_right.jpeg,0,good
37054_right.jpeg,0,good
43267_right.jpeg,0,good
37974_left.jpeg,0,good
9845_left.jpeg,0,good
43233_left.jpeg,0,good
42322_right.jpeg,0,good
12146_left.jpeg,0,good
17736_right.jpeg,0,good
14371_left.jpeg,0,good
31359_left.jpeg,0,good
21023_left.jpeg,0,good
43943_right.jpeg,0,good
26670_left.jpeg,0,good
20176_right.jpeg,0,good
30105_left.jpeg,0,good
12141_left.jpeg,0,good
18767_left.jpeg,0,good
14685_right.jpeg,0,good
17591_left.jpeg,0,good
4532_left.jpeg,0,good
1832_left.jpeg,0,good
41219_right.jpeg,0,good
9636_right.jpeg,0,good
5763_left.jpeg,0,good
37599_right.jpeg,0,good
10560_left.jpeg,0,good
37777_left.jpeg,0,good
39711_left.jpeg,0,good
1493_left.jpeg,0,good
33915_right.jpeg,0,good
20910_left.jpeg,0,good
22538_left.jpeg,0,good
5471_right.jpeg,0,good
29205_left.jpeg,0,good
8449_left.jpeg,0,good
15722_right.jpeg,0,good
20022_right.jpeg,0,good
42485_right.jpeg,0,good
4514_left.jpeg,0,good
29117_right.jpeg,0,good
17186_right.jpeg,0,good
17009_left.jpeg,0,good
29214_left.jpeg,0,good
2161_right.jpeg,0,good
17425_left.jpeg,0,good
41287_left.jpeg,0,good
11305_right.jpeg,0,good
13952_right.jpeg,0,good
3332_left.jpeg,0,good
26483_right.jpeg,0,good
27214_left.jpeg,0,good
19367_left.jpeg,0,good
43348_left.jpeg,0,good
28817_left.jpeg,0,good
18185_right.jpeg,0,good
33395_left.jpeg,0,good
13136_right.jpeg,0,good
44097_right.jpeg,0,good
13447_left.jpeg,0,good
42846_left.jpeg,0,good
29246_left.jpeg,0,good
12511_left.jpeg,0,good
26994_right.jpeg,0,good
39294_right.jpeg,0,good
10657_left.jpeg,0,good
11203_left.jpeg,0,good
2551_right.jpeg,0,good
39218_left.jpeg,0,good
7396_right.jpeg,0,good
4025_right.jpeg,0,good
11598_left.jpeg,0,good
28623_right.jpeg,0,good
38457_right.jpeg,0,good
2272_left.jpeg,0,good
38610_left.jpeg,0,good
28227_right.jpeg,0,good
27407_left.jpeg,0,good
38634_left.jpeg,0,good
38457_left.jpeg,0,good
26724_left.jpeg,0,good
9096_left.jpeg,0,good
38597_right.jpeg,0,good
38980_right.jpeg,0,good
42908_right.jpeg,0,good
35802_left.jpeg,0,good
29518_left.jpeg,0,good
1422_right.jpeg,0,good
7251_right.jpeg,0,good
8812_right.jpeg,0,good
13379_left.jpeg,0,good
14051_left.jpeg,0,good
33519_left.jpeg,0,good
41134_right.jpeg,0,good
24546_right.jpeg,0,good
24398_right.jpeg,0,good
24421_right.jpeg,0,good
20822_left.jpeg,0,good
22582_left.jpeg,0,good
22223_right.jpeg,0,good
18481_right.jpeg,0,good
11811_right.jpeg,0,good
1370_left.jpeg,0,good
29293_left.jpeg,0,good
37265_left.jpeg,0,good
17111_right.jpeg,0,good
40808_right.jpeg,0,good
25162_right.jpeg,0,good
9521_right.jpeg,0,good
43267_left.jpeg,0,good
20499_left.jpeg,0,good
37770_right.jpeg,0,good
40470_right.jpeg,0,good
8238_left.jpeg,0,good
42753_left.jpeg,0,good
39790_left.jpeg,0,good
41645_right.jpeg,0,good
28788_left.jpeg,0,good
33219_right.jpeg,0,good
3973_right.jpeg,0,good
27876_left.jpeg,0,good
30682_left.jpeg,0,good
20809_right.jpeg,0,good
39351_right.jpeg,0,good
11471_left.jpeg,0,good
42072_right.jpeg,0,good
31275_right.jpeg,0,good
42898_left.jpeg,0,good
12527_left.jpeg,0,good
1552_left.jpeg,0,good
6995_right.jpeg,0,good
43394_right.jpeg,0,good
44179_right.jpeg,0,good
34024_right.jpeg,0,good
6235_left.jpeg,0,good
39880_right.jpeg,0,good
29965_left.jpeg,0,good
32242_left.jpeg,0,good
40683_left.jpeg,0,good
5082_left.jpeg,0,good
42958_left.jpeg,0,good
41330_left.jpeg,0,good
30785_right.jpeg,0,good
24206_left.jpeg,0,good
34841_left.jpeg,0,good
40442_left.jpeg,0,good
41033_left.jpeg,0,good
7580_left.jpeg,0,good
35229_right.jpeg,0,good
36545_left.jpeg,0,good
32881_right.jpeg,0,good
8455_left.jpeg,0,good
16201_left.jpeg,0,good
40468_left.jpeg,0,good
4302_right.jpeg,0,good
18452_right.jpeg,0,good
17252_left.jpeg,0,good
41103_right.jpeg,0,good
28264_right.jpeg,0,good
20101_right.jpeg,0,good
4195_left.jpeg,0,good
495_left.jpeg,0,good
17018_right.jpeg,0,good
7580_right.jpeg,0,good
11265_right.jpeg,0,good
26218_left.jpeg,0,good
20568_left.jpeg,0,good
5032_left.jpeg,0,good
22101_left.jpeg,0,good
28788_right.jpeg,0,good
15981_right.jpeg,0,good
19207_left.jpeg,0,good
21504_left.jpeg,0,good
17586_left.jpeg,0,good
22314_right.jpeg,0,good
32063_right.jpeg,0,good
10832_right.jpeg,0,good
20764_left.jpeg,0,good
34692_left.jpeg,0,good
13447_right.jpeg,0,good
36815_right.jpeg,0,good
13633_left.jpeg,0,good
4488_left.jpeg,0,good
26258_right.jpeg,0,good
29922_right.jpeg,0,good
4133_right.jpeg,0,good
41453_right.jpeg,0,good
32076_right.jpeg,0,good
38231_left.jpeg,0,good
36733_right.jpeg,0,good
38838_right.jpeg,0,good
25312_right.jpeg,0,good
39833_right.jpeg,0,good
15396_right.jpeg,0,good
41592_right.jpeg,0,good
5569_left.jpeg,0,good
21252_left.jpeg,0,good
43783_right.jpeg,0,good
40723_right.jpeg,0,good
19166_right.jpeg,0,good
36213_left.jpeg,0,good
24102_left.jpeg,0,good
20082_right.jpeg,0,good
5505_right.jpeg,0,good
23021_right.jpeg,0,good
9051_right.jpeg,0,good
5383_right.jpeg,0,good
43805_right.jpeg,0,good
13714_left.jpeg,0,good
30109_right.jpeg,0,good
19612_right.jpeg,0,good
28628_left.jpeg,0,good
41278_left.jpeg,0,good
13320_left.jpeg,0,good
1055_right.jpeg,0,good
38331_left.jpeg,0,good
12496_right.jpeg,0,good
14819_right.jpeg,0,good
38569_right.jpeg,0,good
39500_right.jpeg,0,good
11625_right.jpeg,0,good
37508_right.jpeg,0,good
13432_left.jpeg,0,good
16744_right.jpeg,0,good
8479_right.jpeg,0,good
3957_left.jpeg,0,good
29645_right.jpeg,0,good
22684_left.jpeg,0,good
15029_right.jpeg,0,good
15980_right.jpeg,0,good
149_left.jpeg,0,good
19029_left.jpeg,0,good
33709_right.jpeg,0,good
2087_right.jpeg,0,good
7797_left.jpeg,0,good
40074_left.jpeg,0,good
12642_left.jpeg,0,good
11665_right.jpeg,0,good
13492_right.jpeg,0,good
22469_left.jpeg,0,good
29213_left.jpeg,0,good
42898_right.jpeg,0,good
9083_right.jpeg,0,good
42011_left.jpeg,0,good
17495_right.jpeg,0,good
7346_right.jpeg,0,good
22981_left.jpeg,0,good
19166_left.jpeg,0,good
11292_right.jpeg,0,good
24898_right.jpeg,0,good
17688_right.jpeg,0,good
31629_left.jpeg,0,good
30388_left.jpeg,0,good
42168_right.jpeg,0,good
16327_left.jpeg,0,good
10481_left.jpeg,0,good
23517_left.jpeg,0,good
7315_left.jpeg,0,good
19331_left.jpeg,0,good
24993_left.jpeg,0,good
16697_right.jpeg,0,good
9657_left.jpeg,0,good
28353_left.jpeg,0,good
23084_right.jpeg,0,good
157_right.jpeg,0,good
32614_left.jpeg,0,good
19029_right.jpeg,0,good
28295_right.jpeg,0,good
23709_left.jpeg,0,good
33251_right.jpeg,0,good
37677_left.jpeg,0,good
8162_right.jpeg,0,good
39462_right.jpeg,0,good
4362_left.jpeg,0,good
23709_right.jpeg,0,good
17303_left.jpeg,0,good
6967_left.jpeg,0,good
33853_right.jpeg,0,good
39287_right.jpeg,0,good
37137_right.jpeg,0,good
10182_left.jpeg,0,good
37968_right.jpeg,0,good
31713_right.jpeg,0,good
43781_right.jpeg,0,good
24895_left.jpeg,0,good
12156_left.jpeg,0,good
29388_right.jpeg,0,good
6236_right.jpeg,0,good
38231_right.jpeg,0,good
41325_right.jpeg,0,good
40953_right.jpeg,0,good
30568_left.jpeg,0,good
22041_right.jpeg,0,good
11697_right.jpeg,0,good
32954_right.jpeg,0,good
28002_left.jpeg,0,good
12139_left.jpeg,0,good
37030_right.jpeg,0,good
18101_left.jpeg,0,good
1275_right.jpeg,0,good
32676_left.jpeg,0,good
43618_left.jpeg,0,good
25748_left.jpeg,0,good
204_right.jpeg,0,good
31787_right.jpeg,0,good
10523_left.jpeg,0,good
32381_right.jpeg,0,good
10913_left.jpeg,0,good
34029_right.jpeg,0,good
2886_right.jpeg,0,good
27836_left.jpeg,0,good
8334_left.jpeg,0,good
1285_right.jpeg,0,good
32758_right.jpeg,0,good
43359_right.jpeg,0,good
7050_right.jpeg,0,good
8285_left.jpeg,0,good
752_left.jpeg,0,good
12639_right.jpeg,0,good
4850_left.jpeg,0,good
5924_right.jpeg,0,good
43183_left.jpeg,0,good
21034_right.jpeg,0,good
6757_left.jpeg,0,good
12000_right.jpeg,0,good
1698_right.jpeg,0,good
29829_left.jpeg,0,good
36057_left.jpeg,0,good
22946_right.jpeg,0,good
39761_left.jpeg,0,good
39713_left.jpeg,0,good
39467_left.jpeg,0,good
42873_right.jpeg,0,good
15522_right.jpeg,0,good
43179_right.jpeg,0,good
43549_left.jpeg,0,good
39604_left.jpeg,0,good
14534_left.jpeg,0,good
27999_right.jpeg,0,good
32242_right.jpeg,0,good
23734_left.jpeg,0,good
4951_left.jpeg,0,good
26874_right.jpeg,0,good
22959_right.jpeg,0,good
10501_right.jpeg,0,good
38259_left.jpeg,0,good
22110_left.jpeg,0,good
731_right.jpeg,0,good
34403_right.jpeg,0,good
40863_right.jpeg,0,good
32225_left.jpeg,0,good
32675_right.jpeg,0,good
41993_right.jpeg,0,good
3149_left.jpeg,0,good
31167_left.jpeg,0,good
33761_right.jpeg,0,good
42308_left.jpeg,0,good
37483_right.jpeg,0,good
34324_left.jpeg,0,good
5505_left.jpeg,0,good
30175_right.jpeg,0,good
38944_left.jpeg,0,good
26756_left.jpeg,0,good
22652_right.jpeg,0,good
21273_left.jpeg,0,good
8651_right.jpeg,0,good
162_right.jpeg,0,good
2182_right.jpeg,0,good
44107_right.jpeg,0,good
15102_right.jpeg,0,good
3072_right.jpeg,0,good
16781_left.jpeg,0,good
1920_left.jpeg,0,good
35396_left.jpeg,0,good
36566_right.jpeg,0,good
2780_right.jpeg,0,good
28076_right.jpeg,0,good
31705_left.jpeg,0,good
19800_left.jpeg,0,good
37266_right.jpeg,0,good
23171_right.jpeg,0,good
1139_left.jpeg,0,good
19400_right.jpeg,0,good
30376_right.jpeg,0,good
31939_right.jpeg,0,good
24931_left.jpeg,0,good
29106_left.jpeg,0,good
38661_right.jpeg,0,good
1136_right.jpeg,0,good
22570_left.jpeg,0,good
19388_right.jpeg,0,good
17852_right.jpeg,0,good
44178_left.jpeg,0,good
12975_left.jpeg,0,good
1696_right.jpeg,0,good
12471_right.jpeg,0,good
43642_right.jpeg,0,good
23419_left.jpeg,0,good
28333_right.jpeg,0,good
37227_left.jpeg,0,good
34147_left.jpeg,0,good
37016_right.jpeg,0,good
14970_right.jpeg,0,good
22797_left.jpeg,0,good
5769_right.jpeg,0,good
6278_right.jpeg,0,good
38935_right.jpeg,0,good
26693_left.jpeg,0,good
19184_left.jpeg,0,good
29105_right.jpeg,0,good
9419_right.jpeg,0,good
15447_right.jpeg,0,good
31265_right.jpeg,0,good
8779_left.jpeg,0,good
38059_right.jpeg,0,good
11904_left.jpeg,0,good
23157_right.jpeg,0,good
31762_right.jpeg,0,good
15643_left.jpeg,0,good
15821_left.jpeg,0,good
27261_right.jpeg,0,good
21714_left.jpeg,0,good
29297_right.jpeg,0,good
24524_right.jpeg,0,good
37584_right.jpeg,0,good
35322_right.jpeg,0,good
43927_left.jpeg,0,good
42561_left.jpeg,0,good
9467_right.jpeg,0,good
11534_right.jpeg,0,good
12433_right.jpeg,0,good
36427_right.jpeg,0,good
29535_right.jpeg,0,good
16468_left.jpeg,0,good
23507_right.jpeg,0,good
28950_right.jpeg,0,good
41884_left.jpeg,0,good
26698_right.jpeg,0,good
19843_right.jpeg,0,good
24476_right.jpeg,0,good
34792_left.jpeg,0,good
7349_left.jpeg,0,good
22991_right.jpeg,0,good
21026_left.jpeg,0,good
19073_left.jpeg,0,good
16835_left.jpeg,0,good
35544_left.jpeg,0,good
34095_right.jpeg,0,good
10160_right.jpeg,0,good
25868_right.jpeg,0,good
1034_left.jpeg,0,good
6347_right.jpeg,0,good
26503_left.jpeg,0,good
13765_right.jpeg,0,good
6671_left.jpeg,0,good
41698_left.jpeg,0,good
39611_left.jpeg,0,good
41875_left.jpeg,0,good
43298_right.jpeg,0,good
18495_left.jpeg,0,good
39714_left.jpeg,0,good
35010_right.jpeg,0,good
814_right.jpeg,0,good
8105_right.jpeg,0,good
25085_left.jpeg,0,good
38919_right.jpeg,0,good
27065_left.jpeg,0,good
39778_right.jpeg,0,good
40223_right.jpeg,0,good
140_right.jpeg,0,good
11957_left.jpeg,0,good
30769_right.jpeg,0,good
8115_left.jpeg,0,good
12626_left.jpeg,0,good
27436_left.jpeg,0,good
12286_left.jpeg,0,good
26114_right.jpeg,0,good
29632_left.jpeg,0,good
17384_right.jpeg,0,good
16639_right.jpeg,0,good
2059_left.jpeg,0,good
40959_left.jpeg,0,good
43552_right.jpeg,0,good
25628_right.jpeg,0,good
40460_left.jpeg,0,good
3866_right.jpeg,0,good
36985_right.jpeg,0,good
41113_left.jpeg,0,good
35854_right.jpeg,0,good
21221_right.jpeg,0,good
30858_right.jpeg,0,good
22323_right.jpeg,0,good
16385_right.jpeg,0,good
24738_left.jpeg,0,good
4116_right.jpeg,0,good
26442_right.jpeg,0,good
9546_left.jpeg,0,good
40431_left.jpeg,0,good
39367_left.jpeg,0,good
38569_left.jpeg,0,good
17370_left.jpeg,0,good
33520_left.jpeg,0,good
16201_right.jpeg,0,good
11393_right.jpeg,0,good
39627_right.jpeg,0,good
42679_right.jpeg,0,good
31133_left.jpeg,0,good
31441_left.jpeg,0,good
37556_right.jpeg,0,good
29676_left.jpeg,0,good
6391_right.jpeg,0,good
11534_left.jpeg,0,good
42321_left.jpeg,0,good
18172_right.jpeg,0,good
29658_right.jpeg,0,good
18054_right.jpeg,0,good
4133_left.jpeg,0,good
8726_left.jpeg,0,good
27715_right.jpeg,0,good
38258_left.jpeg,0,good
12527_right.jpeg,0,good
33818_right.jpeg,0,good
34252_left.jpeg,0,good
34075_left.jpeg,0,good
1196_right.jpeg,0,good
35380_right.jpeg,0,good
17796_right.jpeg,0,good
10594_right.jpeg,0,good
41784_left.jpeg,0,good
10030_right.jpeg,0,good
5319_right.jpeg,0,good
13865_right.jpeg,0,good
17429_left.jpeg,0,good
14620_left.jpeg,0,good
34287_right.jpeg,0,good
29654_left.jpeg,0,good
26040_right.jpeg,0,good
30922_left.jpeg,0,good
5343_left.jpeg,0,good
3897_left.jpeg,0,good
4771_left.jpeg,0,good
39323_right.jpeg,0,good
31827_left.jpeg,0,good
33455_left.jpeg,0,good
2433_right.jpeg,0,good
37892_right.jpeg,0,good
43966_right.jpeg,0,good
22905_right.jpeg,0,good
28870_left.jpeg,0,good
3773_left.jpeg,0,good
17005_right.jpeg,0,good
602_right.jpeg,0,good
32201_right.jpeg,0,good
14008_left.jpeg,0,good
35229_left.jpeg,0,good
32827_right.jpeg,0,good
8310_right.jpeg,0,good
26898_right.jpeg,0,good
38661_left.jpeg,0,good
24134_right.jpeg,0,good
27966_right.jpeg,0,good
25716_right.jpeg,0,good
37399_left.jpeg,0,good
26545_left.jpeg,0,good
40464_right.jpeg,0,good
11802_left.jpeg,0,good
33932_left.jpeg,0,good
34547_left.jpeg,0,good
10468_right.jpeg,0,good
7192_right.jpeg,0,good
25873_right.jpeg,0,good
28657_left.jpeg,0,good
20288_right.jpeg,0,good
21510_left.jpeg,0,good
29049_left.jpeg,0,good
4249_left.jpeg,0,good
35648_right.jpeg,0,good
39513_right.jpeg,0,good
21593_right.jpeg,0,good
44019_right.jpeg,0,good
7522_right.jpeg,0,good
22948_right.jpeg,0,good
8755_left.jpeg,0,good
29811_right.jpeg,0,good
30753_right.jpeg,0,good
4602_left.jpeg,0,good
36404_left.jpeg,0,good
5657_right.jpeg,0,good
16631_right.jpeg,0,good
42702_right.jpeg,0,good
7357_left.jpeg,0,good
31473_left.jpeg,0,good
8553_right.jpeg,0,good
30432_left.jpeg,0,good
21924_right.jpeg,0,good
7947_left.jpeg,0,good
24142_left.jpeg,0,good
41914_left.jpeg,0,good
28573_right.jpeg,0,good
30215_right.jpeg,0,good
17616_right.jpeg,0,good
29321_left.jpeg,0,good
37174_left.jpeg,0,good
26591_left.jpeg,0,good
19448_right.jpeg,0,good
24623_right.jpeg,0,good
15039_left.jpeg,0,good
39496_left.jpeg,0,good
43525_left.jpeg,0,good
32807_right.jpeg,0,good
11143_right.jpeg,0,good
18866_left.jpeg,0,good
24206_right.jpeg,0,good
11007_right.jpeg,0,good
39420_right.jpeg,0,good
11106_right.jpeg,0,good
26630_left.jpeg,0,good
25783_right.jpeg,0,good
33516_right.jpeg,0,good
16594_left.jpeg,0,good
8223_left.jpeg,0,good
39453_left.jpeg,0,good
880_left.jpeg,0,good
4527_right.jpeg,0,good
22467_left.jpeg,0,good
20608_right.jpeg,0,good
10647_right.jpeg,0,good
2190_left.jpeg,0,good
30613_left.jpeg,0,good
14353_right.jpeg,0,good
40029_right.jpeg,0,good
35536_left.jpeg,0,good
30300_right.jpeg,0,good
21124_right.jpeg,0,good
23162_right.jpeg,0,good
31039_right.jpeg,0,good
10758_right.jpeg,0,good
4602_right.jpeg,0,good
10961_left.jpeg,0,good
23734_right.jpeg,0,good
20692_left.jpeg,0,good
26870_left.jpeg,0,good
37454_left.jpeg,0,good
39291_right.jpeg,0,good
42753_right.jpeg,0,good
20361_left.jpeg,0,good
1374_right.jpeg,0,good
12948_left.jpeg,0,good
24018_right.jpeg,0,good
43699_left.jpeg,0,good
1424_right.jpeg,0,good
18863_left.jpeg,0,good
20286_left.jpeg,0,good
25039_right.jpeg,0,good
9663_left.jpeg,0,good
15522_left.jpeg,0,good
13959_left.jpeg,0,good
11106_left.jpeg,0,good
23282_right.jpeg,0,good
13969_left.jpeg,0,good
978_left.jpeg,0,good
26470_right.jpeg,0,good
25739_right.jpeg,0,good
34989_left.jpeg,0,good
23190_right.jpeg,0,good
12971_right.jpeg,0,good
12716_right.jpeg,0,good
41095_right.jpeg,0,good
30912_right.jpeg,0,good
20506_right.jpeg,0,good
15439_left.jpeg,0,good
12700_right.jpeg,0,good
14640_right.jpeg,0,good
39309_left.jpeg,0,good
40942_left.jpeg,0,good
17350_right.jpeg,0,good
28476_right.jpeg,0,good
37399_right.jpeg,0,good
44257_left.jpeg,0,good
3053_right.jpeg,0,good
9207_right.jpeg,0,good
27457_right.jpeg,0,good
2613_left.jpeg,0,good
20090_right.jpeg,0,good
2826_right.jpeg,0,good
37206_left.jpeg,0,good
43573_left.jpeg,0,good
18101_right.jpeg,0,good
16272_left.jpeg,0,good
7185_right.jpeg,0,good
31620_left.jpeg,0,good
8726_right.jpeg,0,good
38130_left.jpeg,0,good
23866_left.jpeg,0,good
26996_right.jpeg,0,good
35421_right.jpeg,0,good
29479_right.jpeg,0,good
21808_left.jpeg,0,good
1136_left.jpeg,0,good
37819_left.jpeg,0,good
22350_left.jpeg,0,good
5233_right.jpeg,0,good
22416_left.jpeg,0,good
30884_right.jpeg,0,good
38595_left.jpeg,0,good
30714_right.jpeg,0,good
37347_right.jpeg,0,good
40917_right.jpeg,0,good
27038_right.jpeg,0,good
36722_right.jpeg,0,good
43552_left.jpeg,0,good
5212_left.jpeg,0,good
9368_left.jpeg,0,good
19104_left.jpeg,0,good
438_right.jpeg,0,good
8810_left.jpeg,0,good
2548_right.jpeg,0,good
3072_left.jpeg,0,good
18231_left.jpeg,0,good
2307_right.jpeg,0,good
1971_left.jpeg,0,good
14021_left.jpeg,0,good
7724_right.jpeg,0,good
38567_right.jpeg,0,good
11677_right.jpeg,0,good
29390_right.jpeg,0,good
43604_right.jpeg,0,good
23106_right.jpeg,0,good
25658_left.jpeg,0,good
19302_left.jpeg,0,good
26564_left.jpeg,0,good
2684_right.jpeg,0,good
30284_right.jpeg,0,good
25094_left.jpeg,0,good
34989_right.jpeg,0,good
7322_right.jpeg,0,good
260_right.jpeg,0,good
40327_left.jpeg,0,good
29619_left.jpeg,0,good
38561_right.jpeg,0,good
12929_right.jpeg,0,good
866_left.jpeg,0,good
38520_left.jpeg,0,good
35579_right.jpeg,0,good
24876_right.jpeg,0,good
43604_left.jpeg,0,good
7702_left.jpeg,0,good
7644_right.jpeg,0,good
23557_right.jpeg,0,good
26507_right.jpeg,0,good
35684_left.jpeg,0,good
9648_left.jpeg,0,good
40250_left.jpeg,0,good
6088_right.jpeg,0,good
30623_left.jpeg,0,good
9975_left.jpeg,0,good
44115_right.jpeg,0,good
20993_left.jpeg,0,good
31397_right.jpeg,0,good
16122_right.jpeg,0,good
40694_right.jpeg,0,good
11655_right.jpeg,0,good
11087_right.jpeg,0,good
17616_left.jpeg,0,good
16454_left.jpeg,0,good
20671_left.jpeg,0,good
33207_left.jpeg,0,good
5134_right.jpeg,0,good
27077_left.jpeg,0,good
38944_right.jpeg,0,good
42657_right.jpeg,0,good
9683_left.jpeg,0,good
6947_right.jpeg,0,good
11265_left.jpeg,0,good
12311_left.jpeg,0,good
18363_left.jpeg,0,good
13742_left.jpeg,0,good
41932_right.jpeg,0,good
17459_left.jpeg,0,good
25680_left.jpeg,0,good
34252_right.jpeg,0,good
37090_left.jpeg,0,good
1418_right.jpeg,0,good
20674_left.jpeg,0,good
8000_left.jpeg,0,good
1167_left.jpeg,0,good
6389_right.jpeg,0,good
34893_right.jpeg,0,good
32635_right.jpeg,0,good
28341_right.jpeg,0,good
35330_right.jpeg,0,good
10100_right.jpeg,0,good
31334_left.jpeg,0,good
33225_right.jpeg,0,good
18762_left.jpeg,0,good
10660_left.jpeg,0,good
5409_left.jpeg,0,good
26573_right.jpeg,0,good
15274_left.jpeg,0,good
16769_left.jpeg,0,good
2129_right.jpeg,0,good
41599_right.jpeg,0,good
27264_left.jpeg,0,good
8834_right.jpeg,0,good
14780_left.jpeg,0,good
33310_right.jpeg,0,good
18038_left.jpeg,0,good
20659_right.jpeg,0,good
29057_right.jpeg,0,good
33214_left.jpeg,0,good
36176_right.jpeg,0,good
35124_right.jpeg,0,good
15893_right.jpeg,0,good
39272_right.jpeg,0,good
21474_right.jpeg,0,good
19568_right.jpeg,0,good
21270_right.jpeg,0,good
8499_right.jpeg,0,good
12614_left.jpeg,0,good
38744_left.jpeg,0,good
11594_left.jpeg,0,good
39697_left.jpeg,0,good
5964_right.jpeg,0,good
16607_left.jpeg,0,good
13776_right.jpeg,0,good
9517_right.jpeg,0,good
43683_left.jpeg,0,good
23216_right.jpeg,0,good
43283_right.jpeg,0,good
24953_left.jpeg,0,good
34907_left.jpeg,0,good
41851_left.jpeg,0,good
32708_right.jpeg,0,good
4514_right.jpeg,0,good
26545_right.jpeg,0,good
38674_left.jpeg,0,good
20165_right.jpeg,0,good
27480_right.jpeg,0,good
3408_right.jpeg,0,good
20286_right.jpeg,0,good
8233_left.jpeg,0,good
44199_right.jpeg,0,good
735_left.jpeg,0,good
26024_right.jpeg,0,good
23351_left.jpeg,0,good
1409_right.jpeg,0,good
12614_right.jpeg,0,good
5596_left.jpeg,0,good
3895_right.jpeg,0,good
32445_right.jpeg,0,good
40638_left.jpeg,0,good
17792_left.jpeg,0,good
2443_right.jpeg,0,good
41157_right.jpeg,0,good
1425_right.jpeg,0,good
39628_left.jpeg,0,good
8593_right.jpeg,0,good
17667_right.jpeg,0,good
23834_left.jpeg,0,good
36492_left.jpeg,0,good
15351_left.jpeg,0,good
8860_right.jpeg,0,good
259_left.jpeg,0,good
13770_right.jpeg,0,good
15722_left.jpeg,0,good
3743_right.jpeg,0,good
31499_left.jpeg,0,good
26494_left.jpeg,0,good
14898_left.jpeg,0,good
37441_left.jpeg,0,good
44151_left.jpeg,0,good
9698_right.jpeg,0,good
35598_left.jpeg,0,good
17945_right.jpeg,0,good
35973_left.jpeg,0,good
36584_right.jpeg,0,good
7014_left.jpeg,0,good
34283_left.jpeg,0,good
11211_right.jpeg,0,good
42256_right.jpeg,0,good
35107_right.jpeg,0,good
11080_right.jpeg,0,good
40265_left.jpeg,0,good
33103_right.jpeg,0,good
19727_right.jpeg,0,good
25631_right.jpeg,0,good
27244_right.jpeg,0,good
6149_right.jpeg,0,good
4214_right.jpeg,0,good
41623_right.jpeg,0,good
16825_right.jpeg,0,good
28586_right.jpeg,0,good
8936_right.jpeg,0,good
19945_right.jpeg,0,good
13841_left.jpeg,0,good
42154_right.jpeg,0,good
43054_left.jpeg,0,good
21896_right.jpeg,0,good
4324_left.jpeg,0,good
7801_left.jpeg,0,good
42138_left.jpeg,0,good
27763_left.jpeg,0,good
30016_left.jpeg,0,good
16496_right.jpeg,0,good
3391_left.jpeg,0,good
8251_left.jpeg,0,good
16181_left.jpeg,0,good
5183_left.jpeg,0,good
25801_left.jpeg,0,good
19598_right.jpeg,0,good
38322_left.jpeg,0,good
26720_right.jpeg,0,good
23007_left.jpeg,0,good
16978_right.jpeg,0,good
34959_right.jpeg,0,good
39764_left.jpeg,0,good
42514_right.jpeg,0,good
19041_right.jpeg,0,good
18566_left.jpeg,0,good
20605_right.jpeg,0,good
41673_right.jpeg,0,good
14905_right.jpeg,0,good
5861_right.jpeg,0,good
13708_left.jpeg,0,good
40370_right.jpeg,0,good
36658_right.jpeg,0,good
30432_right.jpeg,0,good
929_left.jpeg,0,good
780_left.jpeg,0,good
36495_left.jpeg,0,good
43139_right.jpeg,0,good
30641_right.jpeg,0,good
39036_left.jpeg,0,good
18355_right.jpeg,0,good
44134_right.jpeg,0,good
12917_right.jpeg,0,good
20483_right.jpeg,0,good
16454_right.jpeg,0,good
10085_right.jpeg,0,good
3067_right.jpeg,0,good
31452_left.jpeg,0,good
31274_left.jpeg,0,good
15447_left.jpeg,0,good
31732_left.jpeg,0,good
34317_right.jpeg,0,good
34928_left.jpeg,0,good
43131_right.jpeg,0,good
19626_left.jpeg,0,good
19878_right.jpeg,0,good
35082_left.jpeg,0,good
13006_left.jpeg,0,good
2441_left.jpeg,0,good
17759_left.jpeg,0,good
21655_left.jpeg,0,good
19070_left.jpeg,0,good
1199_left.jpeg,0,good
24218_right.jpeg,0,good
43494_right.jpeg,0,good
19329_left.jpeg,0,good
17344_right.jpeg,0,good
21594_right.jpeg,0,good
41281_left.jpeg,0,good
22872_right.jpeg,0,good
31011_left.jpeg,0,good
32874_right.jpeg,0,good
19340_right.jpeg,0,good
40900_right.jpeg,0,good
39127_left.jpeg,0,good
36846_left.jpeg,0,good
39660_right.jpeg,0,good
34928_right.jpeg,0,good
3605_right.jpeg,0,good
40777_left.jpeg,0,good
355_left.jpeg,0,good
36767_right.jpeg,0,good
37097_right.jpeg,0,good
41564_right.jpeg,0,good
26262_right.jpeg,0,good
34338_right.jpeg,0,good
22484_right.jpeg,0,good
4214_left.jpeg,0,good
29549_left.jpeg,0,good
24073_right.jpeg,0,good
41060_left.jpeg,0,good
9966_right.jpeg,0,good
30115_right.jpeg,0,good
23162_left.jpeg,0,good
4127_right.jpeg,0,good
25720_left.jpeg,0,good
11598_right.jpeg,0,good
20608_left.jpeg,0,good
10734_left.jpeg,0,good
19252_left.jpeg,0,good
43117_right.jpeg,0,good
17782_left.jpeg,0,good
1088_right.jpeg,0,good
12417_left.jpeg,0,good
12787_right.jpeg,0,good
19160_left.jpeg,0,good
27964_left.jpeg,0,good
26986_left.jpeg,0,good
24762_right.jpeg,0,good
41756_right.jpeg,0,good
6278_left.jpeg,0,good
9243_right.jpeg,0,good
35868_right.jpeg,0,good
14313_right.jpeg,0,good
30136_left.jpeg,0,good
42436_right.jpeg,0,good
3479_right.jpeg,0,good
17550_left.jpeg,0,good
6236_left.jpeg,0,good
43394_left.jpeg,0,good
38166_right.jpeg,0,good
34641_right.jpeg,0,good
31435_left.jpeg,0,good
22365_left.jpeg,0,good
31089_right.jpeg,0,good
29293_right.jpeg,0,good
12326_right.jpeg,0,good
29407_left.jpeg,0,good
22835_left.jpeg,0,good
5570_left.jpeg,0,good
4665_left.jpeg,0,good
17962_left.jpeg,0,good
42760_left.jpeg,0,good
31789_right.jpeg,0,good
28176_left.jpeg,0,good
13432_right.jpeg,0,good
17202_right.jpeg,0,good
16754_right.jpeg,0,good
20023_left.jpeg,0,good
27807_left.jpeg,0,good
43311_left.jpeg,0,good
5995_right.jpeg,0,good
44118_right.jpeg,0,good
4626_left.jpeg,0,good
25314_right.jpeg,0,good
30230_right.jpeg,0,good
26501_left.jpeg,0,good
6404_left.jpeg,0,good
37979_left.jpeg,0,good
16060_right.jpeg,0,good
1827_left.jpeg,0,good
6997_left.jpeg,0,good
15603_right.jpeg,0,good
13933_left.jpeg,0,good
15022_left.jpeg,0,good
40134_right.jpeg,0,good
21043_right.jpeg,0,good
44027_right.jpeg,0,good
2613_right.jpeg,0,good
43872_right.jpeg,0,good
8637_left.jpeg,0,good
22287_right.jpeg,0,good
34631_right.jpeg,0,good
851_left.jpeg,0,good
18993_left.jpeg,0,good
16414_left.jpeg,0,good
17429_right.jpeg,0,good
43936_right.jpeg,0,good
41214_right.jpeg,0,good
6727_right.jpeg,0,good
18648_left.jpeg,0,good
10400_right.jpeg,0,good
30158_left.jpeg,0,good
7991_right.jpeg,0,good
13078_left.jpeg,0,good
43367_left.jpeg,0,good
32929_left.jpeg,0,good
928_right.jpeg,0,good
2640_right.jpeg,0,good
9502_right.jpeg,0,good
39021_right.jpeg,0,good
12397_right.jpeg,0,good
38256_right.jpeg,0,good
8295_right.jpeg,0,good
9513_left.jpeg,0,good
10502_right.jpeg,0,good
38781_left.jpeg,0,good
15250_right.jpeg,0,good
21262_right.jpeg,0,good
16479_right.jpeg,0,good
9549_left.jpeg,0,good
36366_left.jpeg,0,good
13751_left.jpeg,0,good
15366_left.jpeg,0,good
2650_left.jpeg,0,good
21652_right.jpeg,0,good
36188_right.jpeg,0,good
9929_right.jpeg,0,good
37509_right.jpeg,0,good
14495_left.jpeg,0,good
7807_left.jpeg,0,good
33025_left.jpeg,0,good
19966_left.jpeg,0,good
26006_right.jpeg,0,good
41297_right.jpeg,0,good
41802_right.jpeg,0,good
43695_right.jpeg,0,good
27616_left.jpeg,0,good
38276_right.jpeg,0,good
13997_right.jpeg,0,good
28355_left.jpeg,0,good
18570_left.jpeg,0,good
6822_left.jpeg,0,good
35449_right.jpeg,0,good
10907_left.jpeg,0,good
40277_left.jpeg,0,good
15960_left.jpeg,0,good
25070_right.jpeg,0,good
14933_right.jpeg,0,good
904_left.jpeg,0,good
41739_left.jpeg,0,good
21250_left.jpeg,0,good
28970_left.jpeg,0,good
12425_right.jpeg,0,good
16515_left.jpeg,0,good
19516_left.jpeg,0,good
25004_left.jpeg,0,good
42862_right.jpeg,0,good
6075_left.jpeg,0,good
10337_left.jpeg,0,good
36222_right.jpeg,0,good
30362_left.jpeg,0,good
38066_right.jpeg,0,good
11362_left.jpeg,0,good
2633_right.jpeg,0,good
39359_right.jpeg,0,good
2908_left.jpeg,0,good
37621_left.jpeg,0,good
24658_left.jpeg,0,good
40243_right.jpeg,0,good
4548_right.jpeg,0,good
34761_right.jpeg,0,good
30900_right.jpeg,0,good
37235_right.jpeg,0,good
36527_left.jpeg,0,good
42448_right.jpeg,0,good
14601_right.jpeg,0,good
19736_right.jpeg,0,good
22193_right.jpeg,0,good
42947_left.jpeg,0,good
15248_left.jpeg,0,good
39232_left.jpeg,0,good
29828_left.jpeg,0,good
14858_right.jpeg,0,good
39362_left.jpeg,0,good
27180_right.jpeg,0,good
22298_right.jpeg,0,good
41113_right.jpeg,0,good
6800_right.jpeg,0,good
6617_right.jpeg,0,good
40675_right.jpeg,0,good
37758_right.jpeg,0,good
11365_left.jpeg,0,good
39693_right.jpeg,0,good
37087_right.jpeg,0,good
26092_left.jpeg,0,good
3462_right.jpeg,0,good
33208_right.jpeg,0,good
6021_right.jpeg,0,good
41033_right.jpeg,0,good
2684_left.jpeg,0,good
31027_left.jpeg,0,good
1412_right.jpeg,0,good
22473_left.jpeg,0,good
38907_left.jpeg,0,good
16286_left.jpeg,0,good
38137_left.jpeg,0,good
43283_left.jpeg,0,good
30914_left.jpeg,0,good
4508_left.jpeg,0,good
31397_left.jpeg,0,good
13867_right.jpeg,0,good
41932_left.jpeg,0,good
9728_right.jpeg,0,good
24525_right.jpeg,0,good
20596_left.jpeg,0,good
42704_right.jpeg,0,good
14398_right.jpeg,0,good
10727_left.jpeg,0,good
16307_left.jpeg,0,good
13845_left.jpeg,0,good
43162_left.jpeg,0,good
28970_right.jpeg,0,good
23554_right.jpeg,0,good
18756_right.jpeg,0,good
1358_left.jpeg,0,good
16848_left.jpeg,0,good
5352_left.jpeg,0,good
27022_left.jpeg,0,good
35650_right.jpeg,0,good
36584_left.jpeg,0,good
39238_left.jpeg,0,good
30769_left.jpeg,0,good
25631_left.jpeg,0,good
31245_left.jpeg,0,good
17759_right.jpeg,0,good
502_left.jpeg,0,good
33907_left.jpeg,0,good
28046_right.jpeg,0,good
23517_right.jpeg,0,good
31413_right.jpeg,0,good
10636_left.jpeg,0,good
25272_left.jpeg,0,good
10069_right.jpeg,0,good
28982_left.jpeg,0,good
22171_right.jpeg,0,good
24745_right.jpeg,0,good
34839_left.jpeg,0,good
43583_right.jpeg,0,good
27020_left.jpeg,0,good
43259_right.jpeg,0,good
12484_left.jpeg,0,good
31752_left.jpeg,0,good
8610_left.jpeg,0,good
19421_right.jpeg,0,good
35307_left.jpeg,0,good
23513_left.jpeg,0,good
3749_left.jpeg,0,good
41536_left.jpeg,0,good
17186_left.jpeg,0,good
42420_left.jpeg,0,good
44151_right.jpeg,0,good
5715_right.jpeg,0,good
19431_right.jpeg,0,good
42322_left.jpeg,0,good
8675_right.jpeg,0,good
10758_left.jpeg,0,good
12154_right.jpeg,0,good
17520_right.jpeg,0,good
35057_left.jpeg,0,good
7201_right.jpeg,0,good
35581_right.jpeg,0,good
22660_right.jpeg,0,good
32676_right.jpeg,0,good
1409_left.jpeg,0,good
16702_right.jpeg,0,good
29917_left.jpeg,0,good
20288_left.jpeg,0,good
12079_left.jpeg,0,good
36238_left.jpeg,0,good
8231_left.jpeg,0,good
18046_right.jpeg,0,good
16593_left.jpeg,0,good
2305_right.jpeg,0,good
10206_left.jpeg,0,good
2334_right.jpeg,0,good
25005_left.jpeg,0,good
27994_left.jpeg,0,good
35880_left.jpeg,0,good
18011_left.jpeg,0,good
19784_right.jpeg,0,good
4802_right.jpeg,0,good
8153_right.jpeg,0,good
30015_left.jpeg,0,good
31775_right.jpeg,0,good
13745_right.jpeg,0,good
42702_left.jpeg,0,good
40739_left.jpeg,0,good
687_right.jpeg,0,good
3988_right.jpeg,0,good
43223_right.jpeg,0,good
20991_right.jpeg,0,good
10276_left.jpeg,0,good
27541_left.jpeg,0,good
5856_right.jpeg,0,good
4987_left.jpeg,0,good
1088_left.jpeg,0,good
30_left.jpeg,0,good
12863_left.jpeg,0,good
438_left.jpeg,0,good
27768_left.jpeg,0,good
40254_left.jpeg,0,good
42873_left.jpeg,0,good
19462_left.jpeg,0,good
33049_right.jpeg,0,good
12072_left.jpeg,0,good
8651_left.jpeg,0,good
15062_right.jpeg,0,good
28328_right.jpeg,0,good
356_left.jpeg,0,good
11037_right.jpeg,0,good
6175_right.jpeg,0,good
42991_left.jpeg,0,good
25475_left.jpeg,0,good
40915_left.jpeg,0,good
16826_left.jpeg,0,good
32542_right.jpeg,0,good
31999_left.jpeg,0,good
4672_left.jpeg,0,good
34522_left.jpeg,0,good
681_right.jpeg,0,good
240_right.jpeg,0,good
6872_right.jpeg,0,good
2807_right.jpeg,0,good
15660_right.jpeg,0,good
6301_left.jpeg,0,good
17838_right.jpeg,0,good
9869_left.jpeg,0,good
9602_right.jpeg,0,good
31999_right.jpeg,0,good
18816_left.jpeg,0,good
13684_right.jpeg,0,good
10585_left.jpeg,0,good
35376_right.jpeg,0,good
15040_right.jpeg,0,good
44152_right.jpeg,0,good
12941_left.jpeg,0,good
35489_right.jpeg,0,good
9913_right.jpeg,0,good
4058_left.jpeg,0,good
25412_left.jpeg,0,good
29050_right.jpeg,0,good
22416_right.jpeg,0,good
15798_left.jpeg,0,good
2778_left.jpeg,0,good
10966_right.jpeg,0,good
825_right.jpeg,0,good
4843_left.jpeg,0,good
13878_right.jpeg,0,good
1744_right.jpeg,0,good
17833_right.jpeg,0,good
34361_left.jpeg,0,good
4060_left.jpeg,0,good
44309_right.jpeg,0,good
5134_left.jpeg,0,good
3096_right.jpeg,0,good
27391_left.jpeg,0,good
20821_right.jpeg,0,good
35802_right.jpeg,0,good
36088_left.jpeg,0,good
6603_right.jpeg,0,good
37460_right.jpeg,0,good
18363_right.jpeg,0,good
22601_left.jpeg,0,good
7172_right.jpeg,0,good
34829_left.jpeg,0,good
28113_left.jpeg,0,good
64_left.jpeg,0,good
32978_right.jpeg,0,good
8334_right.jpeg,0,good
17723_left.jpeg,0,good
745_right.jpeg,0,good
10790_right.jpeg,0,good
36352_right.jpeg,0,good
11124_left.jpeg,0,good
15300_left.jpeg,0,good
29299_right.jpeg,0,good
7371_right.jpeg,0,good
41695_right.jpeg,0,good
34628_right.jpeg,0,good
41986_right.jpeg,0,good
21837_right.jpeg,0,good
4232_left.jpeg,0,good
6136_right.jpeg,0,good
31196_right.jpeg,0,good
19266_right.jpeg,0,good
980_left.jpeg,0,good
13128_left.jpeg,0,good
10429_right.jpeg,0,good
10022_right.jpeg,0,good
39733_left.jpeg,0,good
1732_left.jpeg,0,good
6424_right.jpeg,0,good
25172_right.jpeg,0,good
43308_left.jpeg,0,good
10975_left.jpeg,0,good
18400_left.jpeg,0,good
22535_left.jpeg,0,good
29919_right.jpeg,0,good
19800_right.jpeg,0,good
706_left.jpeg,0,good
16788_left.jpeg,0,good
32929_right.jpeg,0,good
7887_right.jpeg,0,good
16769_right.jpeg,0,good
23824_right.jpeg,0,good
24989_left.jpeg,0,good
18481_left.jpeg,0,good
9036_right.jpeg,0,good
13325_right.jpeg,0,good
38861_right.jpeg,0,good
28713_left.jpeg,0,good
4036_right.jpeg,0,good
6182_left.jpeg,0,good
20626_right.jpeg,0,good
20461_left.jpeg,0,good
42021_left.jpeg,0,good
16978_left.jpeg,0,good
37477_left.jpeg,0,good
24378_right.jpeg,0,good
27931_right.jpeg,0,good
19160_right.jpeg,0,good
18172_left.jpeg,0,good
8310_left.jpeg,0,good
41948_right.jpeg,0,good
3727_right.jpeg,0,good
10647_left.jpeg,0,good
11546_right.jpeg,0,good
43573_right.jpeg,0,good
27232_right.jpeg,0,good
30600_left.jpeg,0,good
3401_right.jpeg,0,good
16417_left.jpeg,0,good
38048_right.jpeg,0,good
13173_left.jpeg,0,good
12027_left.jpeg,0,good
26967_left.jpeg,0,good
34830_left.jpeg,0,good
27664_right.jpeg,0,good
13770_left.jpeg,0,good
6452_left.jpeg,0,good
36360_right.jpeg,0,good
14701_right.jpeg,0,good
19812_right.jpeg,0,good
42633_right.jpeg,0,good
28754_right.jpeg,0,good
8496_left.jpeg,0,good
39171_left.jpeg,0,good
32542_left.jpeg,0,good
21124_left.jpeg,0,good
13128_right.jpeg,0,good
42481_left.jpeg,0,good
32200_left.jpeg,0,good
33584_right.jpeg,0,good
11117_right.jpeg,0,good
18945_left.jpeg,0,good
38367_left.jpeg,0,good
32891_left.jpeg,0,good
33165_left.jpeg,0,good
14811_right.jpeg,0,good
21280_right.jpeg,0,good
15594_left.jpeg,0,good
222_right.jpeg,0,good
39149_left.jpeg,0,good
32277_right.jpeg,0,good
19592_right.jpeg,0,good
31352_right.jpeg,0,good
34806_right.jpeg,0,good
35969_right.jpeg,0,good
186_left.jpeg,0,good
42555_left.jpeg,0,good
41993_left.jpeg,0,good
21604_left.jpeg,0,good
7198_right.jpeg,0,good
2285_right.jpeg,0,good
558_left.jpeg,0,good
22905_left.jpeg,0,good
33359_right.jpeg,0,good
13977_right.jpeg,0,good
39964_right.jpeg,0,good
11427_right.jpeg,0,good
2354_right.jpeg,0,good
15022_right.jpeg,0,good
20898_right.jpeg,0,good
16576_right.jpeg,0,good
6442_right.jpeg,0,good
9033_left.jpeg,0,good
28438_left.jpeg,0,good
34111_right.jpeg,0,good
32821_right.jpeg,0,good
23005_left.jpeg,0,good
12715_right.jpeg,0,good
37722_left.jpeg,0,good
40612_left.jpeg,0,good
18023_right.jpeg,0,good
21123_right.jpeg,0,good
29040_left.jpeg,0,good
38673_right.jpeg,0,good
3600_right.jpeg,0,good
6473_right.jpeg,0,good
39660_left.jpeg,0,good
43061_left.jpeg,0,good
17675_right.jpeg,0,good
41576_left.jpeg,0,good
1929_right.jpeg,0,good
41376_right.jpeg,0,good
2517_right.jpeg,0,good
36261_left.jpeg,0,good
42843_left.jpeg,0,good
18337_right.jpeg,0,good
25073_right.jpeg,0,good
5896_left.jpeg,0,good
38573_left.jpeg,0,good
12741_right.jpeg,0,good
39415_left.jpeg,0,good
35749_right.jpeg,0,good
33076_right.jpeg,0,good
39149_right.jpeg,0,good
24988_right.jpeg,0,good
23832_left.jpeg,0,good
10672_right.jpeg,0,good
4257_right.jpeg,0,good
3359_right.jpeg,0,good
26103_left.jpeg,0,good
7162_left.jpeg,0,good
36318_left.jpeg,0,good
38649_left.jpeg,0,good
27851_left.jpeg,0,good
22921_right.jpeg,0,good
11574_right.jpeg,0,good
27626_right.jpeg,0,good
41480_left.jpeg,0,good
13454_right.jpeg,0,good
35936_right.jpeg,0,good
20967_left.jpeg,0,good
13945_left.jpeg,0,good
35462_right.jpeg,0,good
11915_right.jpeg,0,good
35996_left.jpeg,0,good
28123_right.jpeg,0,good
38866_left.jpeg,0,good
30196_right.jpeg,0,good
20355_left.jpeg,0,good
38649_right.jpeg,0,good
17230_left.jpeg,0,good
40224_right.jpeg,0,good
39717_right.jpeg,0,good
9381_left.jpeg,0,good
4665_right.jpeg,0,good
355_right.jpeg,0,good
30749_right.jpeg,0,good
42461_left.jpeg,0,good
21026_right.jpeg,0,good
31193_left.jpeg,0,good
2676_right.jpeg,0,good
6311_right.jpeg,0,good
27715_left.jpeg,0,good
29656_left.jpeg,0,good
1307_left.jpeg,0,good
18779_left.jpeg,0,good
13178_right.jpeg,0,good
29776_right.jpeg,0,good
18716_left.jpeg,0,good
32031_left.jpeg,0,good
42251_left.jpeg,0,good
41527_left.jpeg,0,good
14115_left.jpeg,0,good
17845_left.jpeg,0,good
24343_left.jpeg,0,good
43736_left.jpeg,0,good
22240_right.jpeg,0,good
36724_left.jpeg,0,good
1967_left.jpeg,0,good
40153_right.jpeg,0,good
14780_right.jpeg,0,good
16862_right.jpeg,0,good
42308_right.jpeg,0,good
37639_right.jpeg,0,good
6075_right.jpeg,0,good
41214_left.jpeg,0,good
29902_right.jpeg,0,good
21233_left.jpeg,0,good
5945_right.jpeg,0,good
17252_right.jpeg,0,good
21673_right.jpeg,0,good
21354_right.jpeg,0,good
3464_right.jpeg,0,good
14774_right.jpeg,0,good
35256_right.jpeg,0,good
31405_left.jpeg,0,good
8059_left.jpeg,0,good
36509_right.jpeg,0,good
35616_right.jpeg,0,good
22469_right.jpeg,0,good
1589_right.jpeg,0,good
15051_right.jpeg,0,good
12159_right.jpeg,0,good
37389_left.jpeg,0,good
1188_right.jpeg,0,good
11896_right.jpeg,0,good
17833_left.jpeg,0,good
398_right.jpeg,0,good
3983_right.jpeg,0,good
12210_left.jpeg,0,good
39510_left.jpeg,0,good
2754_left.jpeg,0,good
24593_right.jpeg,0,good
16273_right.jpeg,0,good
8329_right.jpeg,0,good
36527_right.jpeg,0,good
39841_right.jpeg,0,good
40812_left.jpeg,0,good
40556_left.jpeg,0,good
14198_left.jpeg,0,good
2830_left.jpeg,0,good
35894_right.jpeg,0,good
19357_right.jpeg,0,good
28577_right.jpeg,0,good
8375_right.jpeg,0,good
21161_right.jpeg,0,good
38501_right.jpeg,0,good
20464_right.jpeg,0,good
10657_right.jpeg,0,good
41325_left.jpeg,0,good
32418_left.jpeg,0,good
2965_right.jpeg,0,good
6287_right.jpeg,0,good
8269_left.jpeg,0,good
9810_left.jpeg,0,good
33272_left.jpeg,0,good
32104_right.jpeg,0,good
27379_right.jpeg,0,good
29993_right.jpeg,0,good
15745_right.jpeg,0,good
9370_left.jpeg,0,good
11547_right.jpeg,0,good
33227_right.jpeg,0,good
16221_left.jpeg,0,good
10437_left_rot90.jpeg,1,usable
1727_left_rot90.jpeg,1,usable
20574_left_rot180.jpeg,1,usable
41589_left_rot270.jpeg,1,usable
29755_right_rot90.jpeg,1,usable
30000_left_flip.jpeg,1,usable
40118_left_flip.jpeg,1,usable
35890_left_rot180.jpeg,1,usable
31312_right_rot90.jpeg,1,usable
6656_left_rot180.jpeg,1,usable
27353_right_flip.jpeg,1,usable
35979_left_rot270.jpeg,1,usable
22667_right_rot270.jpeg,1,usable
2712_right_rot270.jpeg,1,usable
23991_left_rot270.jpeg,1,usable
33901_right_rot180.jpeg,1,usable
44249_left_rot90.jpeg,1,usable
31777_right_flip.jpeg,1,usable
42636_right_rot270.jpeg,1,usable
38676_left_rot90.jpeg,1,usable
6440_right_rot180.jpeg,1,usable
18163_right_flip.jpeg,1,usable
8073_right_rot180.jpeg,1,usable
12945_left_rot180.jpeg,1,usable
23446_left_rot180.jpeg,1,usable
17183_right_rot270.jpeg,1,usable
17114_right_rot90.jpeg,1,usable
12014_right_rot90.jpeg,1,usable
39993_right_rot90.jpeg,1,usable
37763_right_rot270.jpeg,1,usable
20248_left_rot270.jpeg,1,usable
24163_left_rot270.jpeg,1,usable
26856_left_rot90.jpeg,1,usable
38030_right_rot180.jpeg,1,usable
36167_left_rot90.jpeg,1,usable
26240_right_flip.jpeg,1,usable
22647_left_rot180.jpeg,1,usable
38479_left_rot270.jpeg,1,usable
30996_right_rot270.jpeg,1,usable
31784_right_rot270.jpeg,1,usable
6067_right_rot90.jpeg,1,usable
12208_left_rot90.jpeg,1,usable
1504_right_rot270.jpeg,1,usable
9177_right_flip.jpeg,1,usable
21675_right_rot180.jpeg,1,usable
34221_right_rot90.jpeg,1,usable
27299_left_flip.jpeg,1,usable
28721_right_flip.jpeg,1,usable
10295_left_rot180.jpeg,1,usable
5033_right_flip.jpeg,1,usable
22523_right_rot90.jpeg,1,usable
10297_right_rot270.jpeg,1,usable
1959_right_rot90.jpeg,1,usable
12208_right_flip.jpeg,1,usable
30701_right_rot180.jpeg,1,usable
23715_left_flip.jpeg,1,usable
3557_right_rot90.jpeg,1,usable
28380_right_rot90.jpeg,1,usable
1981_left_flip.jpeg,1,usable
8795_right_rot90.jpeg,1,usable
33283_right_flip.jpeg,1,usable
7761_left_rot180.jpeg,1,usable
37081_right_rot270.jpeg,1,usable
15914_right_rot90.jpeg,1,usable
8663_right_rot180.jpeg,1,usable
37529_right_rot180.jpeg,1,usable
6217_left_rot90.jpeg,1,usable
40376_right_flip.jpeg,1,usable
28318_right_flip.jpeg,1,usable
29961_left_flip.jpeg,1,usable
35861_right_rot180.jpeg,1,usable
35873_left_rot270.jpeg,1,usable
20808_right_rot270.jpeg,1,usable
13493_left_rot270.jpeg,1,usable
6835_left_rot90.jpeg,1,usable
2880_left_rot90.jpeg,1,usable
40712_right_rot270.jpeg,1,usable
37616_right_rot90.jpeg,1,usable
9638_right_rot90.jpeg,1,usable
9308_right_rot90.jpeg,1,usable
31117_right_rot180.jpeg,1,usable
34420_right_rot90.jpeg,1,usable
12014_right_rot270.jpeg,1,usable
1348_right_rot180.jpeg,1,usable
9526_right_flip.jpeg,1,usable
9233_right_rot90.jpeg,1,usable
2124_left_rot90.jpeg,1,usable
9626_left_flip.jpeg,1,usable
7448_right_rot270.jpeg,1,usable
39336_left_flip.jpeg,1,usable
12870_left_rot90.jpeg,1,usable
18408_left_rot270.jpeg,1,usable
37918_left_rot180.jpeg,1,usable
4523_right_rot180.jpeg,1,usable
23371_right_flip.jpeg,1,usable
15480_right_flip.jpeg,1,usable
32842_left_flip.jpeg,1,usable
22647_left_rot270.jpeg,1,usable
28791_left_rot90.jpeg,1,usable
15646_left_rot270.jpeg,1,usable
9213_left_rot90.jpeg,1,usable
3661_left_rot180.jpeg,1,usable
10612_right_rot180.jpeg,1,usable
12040_left_flip.jpeg,1,usable
28019_right_rot180.jpeg,1,usable
27374_left_rot180.jpeg,1,usable
12646_right_flip.jpeg,1,usable
20248_left_flip.jpeg,1,usable
28424_left_rot270.jpeg,1,usable
2000_right_flip.jpeg,1,usable
29941_left_rot270.jpeg,1,usable
9098_left_rot180.jpeg,1,usable
16138_left_rot270.jpeg,1,usable
36085_right_rot270.jpeg,1,usable
2701_right_rot270.jpeg,1,usable
24263_right_rot180.jpeg,1,usable
15942_left_rot270.jpeg,1,usable
7217_right_rot270.jpeg,1,usable
32896_left_rot270.jpeg,1,usable
26864_right_rot90.jpeg,1,usable
431_right_flip.jpeg,1,usable
22424_right_rot180.jpeg,1,usable
10963_left_rot180.jpeg,1,usable
21312_left_rot270.jpeg,1,usable
29673_left_rot180.jpeg,1,usable
19257_right_rot180.jpeg,1,usable
52_right_rot270.jpeg,1,usable
29702_left_rot270.jpeg,1,usable
34913_right_rot90.jpeg,1,usable
31759_right_rot180.jpeg,1,usable
15218_right_rot90.jpeg,1,usable
23647_left_rot90.jpeg,1,usable
43036_right_rot180.jpeg,1,usable
22122_right_rot180.jpeg,1,usable
1500_right_rot270.jpeg,1,usable
8538_left_rot180.jpeg,1,usable
25479_left_flip.jpeg,1,usable
24104_left_flip.jpeg,1,usable
5911_left_rot180.jpeg,1,usable
8939_left_rot180.jpeg,1,usable
36044_left_rot180.jpeg,1,usable
10891_right_flip.jpeg,1,usable
19460_right_rot180.jpeg,1,usable
19803_right_flip.jpeg,1,usable
24730_right_rot90.jpeg,1,usable
6656_left_rot270.jpeg,1,usable
42896_right_rot90.jpeg,1,usable
6727_left_rot180.jpeg,1,usable
762_right_rot180.jpeg,1,usable
18915_left_rot180.jpeg,1,usable
39902_right_rot180.jpeg,1,usable
34697_right_flip.jpeg,1,usable
35931_left_rot270.jpeg,1,usable
42828_left_rot90.jpeg,1,usable
192_left_rot90.jpeg,1,usable
5194_left_rot90.jpeg,1,usable
6638_left_rot90.jpeg,1,usable
12525_right_rot180.jpeg,1,usable
30170_left_rot90.jpeg,1,usable
23614_left_rot270.jpeg,1,usable
31625_left_rot90.jpeg,1,usable
27094_right_rot90.jpeg,1,usable
34057_right_flip.jpeg,1,usable
14570_left_flip.jpeg,1,usable
18402_right_rot90.jpeg,1,usable
24002_left_rot90.jpeg,1,usable
37587_left_flip.jpeg,1,usable
812_left_rot270.jpeg,1,usable
2869_left_rot270.jpeg,1,usable
531_right_rot90.jpeg,1,usable
25120_left_flip.jpeg,1,usable
37286_right_rot90.jpeg,1,usable
22201_right_rot90.jpeg,1,usable
12256_left_rot180.jpeg,1,usable
1509_left_rot270.jpeg,1,usable
38175_right_rot180.jpeg,1,usable
29494_left_flip.jpeg,1,usable
1222_right_rot90.jpeg,1,usable
8895_left_rot270.jpeg,1,usable
31344_left_rot180.jpeg,1,usable
35873_left_flip.jpeg,1,usable
15638_right_flip.jpeg,1,usable
18732_right_rot90.jpeg,1,usable
1872_right_rot90.jpeg,1,usable
509_left_flip.jpeg,1,usable
24150_left_rot90.jpeg,1,usable
35066_right_flip.jpeg,1,usable
12018_left_flip.jpeg,1,usable
6653_left_rot90.jpeg,1,usable
3661_left_rot270.jpeg,1,usable
9535_left_rot270.jpeg,1,usable
16579_right_rot90.jpeg,1,usable
28581_right_rot180.jpeg,1,usable
40897_right_rot270.jpeg,1,usable
32564_left_rot180.jpeg,1,usable
4689_right_rot180.jpeg,1,usable
18157_left_flip.jpeg,1,usable
32796_left_flip.jpeg,1,usable
2436_left_rot270.jpeg,1,usable
38434_left_rot90.jpeg,1,usable
18556_left_rot90.jpeg,1,usable
37463_left_rot270.jpeg,1,usable
35254_right_rot270.jpeg,1,usable
4282_right_flip.jpeg,1,usable
35583_right_rot180.jpeg,1,usable
30913_right_flip.jpeg,1,usable
29755_right_rot270.jpeg,1,usable
18402_right_rot270.jpeg,1,usable
5220_left_rot270.jpeg,1,usable
23851_right_rot90.jpeg,1,usable
41298_left_rot270.jpeg,1,usable
1361_left_flip.jpeg,1,usable
8091_left_rot180.jpeg,1,usable
35487_right_rot90.jpeg,1,usable
17779_right_rot90.jpeg,1,usable
2710_left_rot90.jpeg,1,usable
1977_left_rot270.jpeg,1,usable
8190_right_rot270.jpeg,1,usable
21206_right_rot180.jpeg,1,usable
3759_left_rot180.jpeg,1,usable
25890_right_flip.jpeg,1,usable
41827_right_flip.jpeg,1,usable
3896_left_rot180.jpeg,1,usable
27143_right_flip.jpeg,1,usable
8974_left_rot90.jpeg,1,usable
20666_left_flip.jpeg,1,usable
25271_left_flip.jpeg,1,usable
1749_right_rot90.jpeg,1,usable
8222_left_flip.jpeg,1,usable
15868_left_rot90.jpeg,1,usable
8360_left_rot180.jpeg,1,usable
38220_right_flip.jpeg,1,usable
1749_right_flip.jpeg,1,usable
21190_right_rot270.jpeg,1,usable
9183_right_rot90.jpeg,1,usable
32500_right_rot180.jpeg,1,usable
37529_right_flip.jpeg,1,usable
3932_right_rot90.jpeg,1,usable
42183_left_rot90.jpeg,1,usable
16543_right_rot90.jpeg,1,usable
41961_right_rot90.jpeg,1,usable
41626_right_rot180.jpeg,1,usable
16497_right_flip.jpeg,1,usable
1588_right_rot90.jpeg,1,usable
4689_right_flip.jpeg,1,usable
8062_right_rot90.jpeg,1,usable
20574_left_flip.jpeg,1,usable
18483_left_rot180.jpeg,1,usable
21079_left_rot180.jpeg,1,usable
27466_left_rot90.jpeg,1,usable
43124_left_rot270.jpeg,1,usable
8798_left_rot90.jpeg,1,usable
27086_left_flip.jpeg,1,usable
39652_left_rot270.jpeg,1,usable
38200_right_rot90.jpeg,1,usable
17272_left_rot90.jpeg,1,usable
1660_left_flip.jpeg,1,usable
4764_right_rot270.jpeg,1,usable
26766_left_flip.jpeg,1,usable
30790_right_rot180.jpeg,1,usable
41961_right_rot270.jpeg,1,usable
29909_right_rot90.jpeg,1,usable
42364_right_rot90.jpeg,1,usable
11624_left_rot270.jpeg,1,usable
29712_right_rot180.jpeg,1,usable
2844_right_rot270.jpeg,1,usable
14467_left_flip.jpeg,1,usable
7487_left_rot180.jpeg,1,usable
192_left_rot270.jpeg,1,usable
38220_right_rot270.jpeg,1,usable
9807_left_rot90.jpeg,1,usable
2435_right_rot90.jpeg,1,usable
23902_left_rot180.jpeg,1,usable
9977_left_rot90.jpeg,1,usable
41589_left_rot180.jpeg,1,usable
5220_left_flip.jpeg,1,usable
9840_left_rot90.jpeg,1,usable
31916_right_rot90.jpeg,1,usable
12133_left_rot180.jpeg,1,usable
37340_right_rot180.jpeg,1,usable
316_right_rot270.jpeg,1,usable
30778_right_rot180.jpeg,1,usable
16336_left_flip.jpeg,1,usable
35992_right_rot270.jpeg,1,usable
30487_left_rot180.jpeg,1,usable
8190_right_rot90.jpeg,1,usable
8663_right_flip.jpeg,1,usable
4689_right_rot90.jpeg,1,usable
11684_right_flip.jpeg,1,usable
19641_right_rot180.jpeg,1,usable
41889_left_rot270.jpeg,1,usable
23236_left_rot90.jpeg,1,usable
30471_right_flip.jpeg,1,usable
37210_left_rot270.jpeg,1,usable
26543_left_rot180.jpeg,1,usable
15595_right_rot90.jpeg,1,usable
7063_left_rot270.jpeg,1,usable
16042_left_rot180.jpeg,1,usable
44330_right_rot180.jpeg,1,usable
6801_left_rot90.jpeg,1,usable
1650_left_rot270.jpeg,1,usable
14778_left_rot90.jpeg,1,usable
7378_right_flip.jpeg,1,usable
27642_left_rot180.jpeg,1,usable
20321_left_rot90.jpeg,1,usable
2372_right_flip.jpeg,1,usable
31554_right_rot270.jpeg,1,usable
18404_left_rot180.jpeg,1,usable
43603_left_rot90.jpeg,1,usable
10134_left_rot90.jpeg,1,usable
10409_left_rot270.jpeg,1,usable
35487_left_flip.jpeg,1,usable
27657_right_rot90.jpeg,1,usable
4158_left_rot270.jpeg,1,usable
11091_left_rot90.jpeg,1,usable
38878_left_rot270.jpeg,1,usable
31621_left_rot270.jpeg,1,usable
8743_left_flip.jpeg,1,usable
44249_left_rot270.jpeg,1,usable
43005_right_rot270.jpeg,1,usable
29334_right_rot270.jpeg,1,usable
40052_left_flip.jpeg,1,usable
35836_left_rot180.jpeg,1,usable
24170_left_flip.jpeg,1,usable
10614_right_flip.jpeg,1,usable
27504_left_rot180.jpeg,1,usable
31615_left_flip.jpeg,1,usable
2544_left_flip.jpeg,1,usable
6700_right_rot90.jpeg,1,usable
2423_left_rot180.jpeg,1,usable
5595_left_flip.jpeg,1,usable
43476_right_rot180.jpeg,1,usable
4161_left_rot90.jpeg,1,usable
6314_right_rot270.jpeg,1,usable
26814_right_rot270.jpeg,1,usable
19280_left_rot270.jpeg,1,usable
11624_left_rot90.jpeg,1,usable
2695_right_rot90.jpeg,1,usable
15219_left_rot180.jpeg,1,usable
7810_right_rot270.jpeg,1,usable
33849_left_rot180.jpeg,1,usable
32483_left_flip.jpeg,1,usable
4495_left_rot180.jpeg,1,usable
21948_right_rot90.jpeg,1,usable
37582_right_rot270.jpeg,1,usable
42386_left_rot180.jpeg,1,usable
28458_left_rot90.jpeg,1,usable
7527_right_rot270.jpeg,1,usable
6889_right_rot180.jpeg,1,usable
23446_left_rot90.jpeg,1,usable
18901_right_rot180.jpeg,1,usable
31967_left_flip.jpeg,1,usable
30489_right_flip.jpeg,1,usable
10028_left_flip.jpeg,1,usable
27512_left_flip.jpeg,1,usable
22478_right_rot270.jpeg,1,usable
26955_left_rot270.jpeg,1,usable
34011_left_flip.jpeg,1,usable
44317_left_rot270.jpeg,1,usable
2423_left_rot270.jpeg,1,usable
18915_left_flip.jpeg,1,usable
26814_left_rot180.jpeg,1,usable
14424_left_rot90.jpeg,1,usable
24828_right_rot90.jpeg,1,usable
38162_right_rot270.jpeg,1,usable
27893_right_flip.jpeg,1,usable
40052_right_rot180.jpeg,1,usable
37757_right_rot180.jpeg,1,usable
17887_left_rot90.jpeg,1,usable
24681_left_flip.jpeg,1,usable
26797_right_rot180.jpeg,1,usable
38650_left_rot270.jpeg,1,usable
16191_left_flip.jpeg,1,usable
8673_left_rot90.jpeg,1,usable
19586_left_rot90.jpeg,1,usable
4289_left_flip.jpeg,1,usable
14608_right_rot270.jpeg,1,usable
44268_right_rot270.jpeg,1,usable
9396_left_rot180.jpeg,1,usable
11155_right_rot180.jpeg,1,usable
12214_right_flip.jpeg,1,usable
21565_left_rot270.jpeg,1,usable
8533_left_rot270.jpeg,1,usable
1977_left_rot90.jpeg,1,usable
21558_left_rot180.jpeg,1,usable
33422_right_rot180.jpeg,1,usable
30513_right_rot180.jpeg,1,usable
11099_left_rot180.jpeg,1,usable
7063_right_flip.jpeg,1,usable
37624_right_flip.jpeg,1,usable
38150_right_flip.jpeg,1,usable
13300_left_rot90.jpeg,1,usable
29474_left_rot90.jpeg,1,usable
30906_left_rot90.jpeg,1,usable
37387_left_rot90.jpeg,1,usable
12769_left_rot180.jpeg,1,usable
21179_left_rot180.jpeg,1,usable
28798_left_rot90.jpeg,1,usable
41606_right_rot90.jpeg,1,usable
28265_right_rot90.jpeg,1,usable
11058_left_rot180.jpeg,1,usable
24613_left_rot90.jpeg,1,usable
17477_right_rot180.jpeg,1,usable
42340_left_rot270.jpeg,1,usable
19402_right_rot180.jpeg,1,usable
31621_right_rot270.jpeg,1,usable
26024_left_rot180.jpeg,1,usable
20057_right_rot270.jpeg,1,usable
40357_right_rot270.jpeg,1,usable
13043_right_rot180.jpeg,1,usable
17048_left_rot90.jpeg,1,usable
33746_left_rot270.jpeg,1,usable
40897_right_rot90.jpeg,1,usable
34682_right_rot180.jpeg,1,usable
4793_left_rot90.jpeg,1,usable
762_left_rot270.jpeg,1,usable
33938_left_flip.jpeg,1,usable
32500_right_rot270.jpeg,1,usable
199_right_flip.jpeg,1,usable
9846_left_rot270.jpeg,1,usable
18995_left_rot90.jpeg,1,usable
11026_left_rot180.jpeg,1,usable
13130_right_rot180.jpeg,1,usable
28039_right_rot90.jpeg,1,usable
6835_left_rot270.jpeg,1,usable
11937_left_rot270.jpeg,1,usable
14587_left_rot180.jpeg,1,usable
29577_left_rot270.jpeg,1,usable
27265_left_rot90.jpeg,1,usable
30294_left_rot90.jpeg,1,usable
1100_right_rot180.jpeg,1,usable
40357_left_rot90.jpeg,1,usable
19014_left_rot270.jpeg,1,usable
35816_left_rot270.jpeg,1,usable
31621_left_rot90.jpeg,1,usable
18915_left_rot90.jpeg,1,usable
17277_left_flip.jpeg,1,usable
9183_right_flip.jpeg,1,usable
16773_left_rot270.jpeg,1,usable
7276_left_rot270.jpeg,1,usable
21096_left_rot180.jpeg,1,usable
33283_right_rot180.jpeg,1,usable
17106_left_rot90.jpeg,1,usable
12666_left_rot270.jpeg,1,usable
19936_left_flip.jpeg,1,usable
34097_left_rot180.jpeg,1,usable
14228_right_rot90.jpeg,1,usable
2695_right_flip.jpeg,1,usable
22210_right_flip.jpeg,1,usable
34368_right_flip.jpeg,1,usable
22330_left_rot90.jpeg,1,usable
52_left_flip.jpeg,1,usable
17284_right_rot180.jpeg,1,usable
17048_left_rot180.jpeg,1,usable
14424_left_flip.jpeg,1,usable
23715_right_flip.jpeg,1,usable
22410_right_rot270.jpeg,1,usable
24549_left_rot270.jpeg,1,usable
43501_left_flip.jpeg,1,usable
17272_left_flip.jpeg,1,usable
20054_left_flip.jpeg,1,usable
694_left_flip.jpeg,1,usable
11946_left_rot270.jpeg,1,usable
19472_left_rot90.jpeg,1,usable
23975_left_rot180.jpeg,1,usable
14292_right_rot90.jpeg,1,usable
35283_left_rot180.jpeg,1,usable
23704_right_flip.jpeg,1,usable
2000_right_rot90.jpeg,1,usable
31764_left_rot270.jpeg,1,usable
28246_left_rot180.jpeg,1,usable
25154_right_rot180.jpeg,1,usable
28120_right_rot270.jpeg,1,usable
20145_left_flip.jpeg,1,usable
35547_left_rot270.jpeg,1,usable
34862_left_rot270.jpeg,1,usable
31278_right_flip.jpeg,1,usable
18422_right_rot270.jpeg,1,usable
34913_right_rot270.jpeg,1,usable
11026_left_flip.jpeg,1,usable
3938_left_rot180.jpeg,1,usable
7310_right_rot90.jpeg,1,usable
7063_right_rot270.jpeg,1,usable
6049_left_rot270.jpeg,1,usable
5814_right_rot90.jpeg,1,usable
41894_right_rot90.jpeg,1,usable
31967_right_flip.jpeg,1,usable
29666_left_flip.jpeg,1,usable
18995_left_rot270.jpeg,1,usable
23572_left_flip.jpeg,1,usable
36860_left_rot180.jpeg,1,usable
24391_left_flip.jpeg,1,usable
20751_left_rot90.jpeg,1,usable
3661_left_rot90.jpeg,1,usable
30163_right_flip.jpeg,1,usable
34686_left_flip.jpeg,1,usable
18594_left_rot270.jpeg,1,usable
42944_left_flip.jpeg,1,usable
20423_left_flip.jpeg,1,usable
20421_left_flip.jpeg,1,usable
40757_right_rot270.jpeg,1,usable
10241_right_flip.jpeg,1,usable
25955_left_rot90.jpeg,1,usable
7520_left_rot180.jpeg,1,usable
16403_right_rot270.jpeg,1,usable
28586_left_rot270.jpeg,1,usable
15711_right_rot180.jpeg,1,usable
22202_right_rot90.jpeg,1,usable
27144_left_rot180.jpeg,1,usable
4253_left_rot270.jpeg,1,usable
15988_left_rot270.jpeg,1,usable
31278_right_rot90.jpeg,1,usable
29494_right_rot270.jpeg,1,usable
35388_left_flip.jpeg,1,usable
27353_right_rot270.jpeg,1,usable
15554_right_flip.jpeg,1,usable
23949_right_flip.jpeg,1,usable
29412_right_rot90.jpeg,1,usable
30205_left_rot180.jpeg,1,usable
2701_right_flip.jpeg,1,usable
12316_right_flip.jpeg,1,usable
3908_right_flip.jpeg,1,usable
42689_right_rot90.jpeg,1,usable
17106_left_flip.jpeg,1,usable
39739_left_flip.jpeg,1,usable
23597_right_flip.jpeg,1,usable
1446_left_rot90.jpeg,1,usable
9266_left_rot90.jpeg,1,usable
11942_left_rot270.jpeg,1,usable
8673_left_flip.jpeg,1,usable
31784_right_flip.jpeg,1,usable
15582_right_flip.jpeg,1,usable
31312_right_flip.jpeg,1,usable
7067_left_rot90.jpeg,1,usable
8361_right_rot90.jpeg,1,usable
30294_left_rot270.jpeg,1,usable
7560_left_rot270.jpeg,1,usable
32655_left_flip.jpeg,1,usable
34697_right_rot90.jpeg,1,usable
41525_right_rot180.jpeg,1,usable
11289_left_rot180.jpeg,1,usable
23902_left_rot270.jpeg,1,usable
2399_left_rot270.jpeg,1,usable
35575_right_rot90.jpeg,1,usable
26701_left_rot270.jpeg,1,usable
19803_right_rot180.jpeg,1,usable
25331_right_rot180.jpeg,1,usable
4563_right_rot90.jpeg,1,usable
863_left_rot90.jpeg,1,usable
2423_left_rot90.jpeg,1,usable
23704_right_rot90.jpeg,1,usable
10994_left_flip.jpeg,1,usable
5530_left_flip.jpeg,1,usable
4065_right_flip.jpeg,1,usable
21534_left_rot90.jpeg,1,usable
25425_left_flip.jpeg,1,usable
23095_right_rot90.jpeg,1,usable
35283_left_rot270.jpeg,1,usable
13230_left_rot180.jpeg,1,usable
9840_left_rot270.jpeg,1,usable
26438_left_rot180.jpeg,1,usable
34029_left_rot90.jpeg,1,usable
35131_left_rot180.jpeg,1,usable
10295_left_flip.jpeg,1,usable
8968_right_rot180.jpeg,1,usable
25650_left_rot90.jpeg,1,usable
16579_right_rot270.jpeg,1,usable
19043_left_rot180.jpeg,1,usable
13597_left_rot270.jpeg,1,usable
28007_right_rot90.jpeg,1,usable
25558_left_flip.jpeg,1,usable
42386_left_rot270.jpeg,1,usable
18446_right_rot180.jpeg,1,usable
15948_right_flip.jpeg,1,usable
19549_right_rot180.jpeg,1,usable
41749_left_rot180.jpeg,1,usable
39441_right_rot180.jpeg,1,usable
9628_right_rot90.jpeg,1,usable
30923_right_rot90.jpeg,1,usable
3661_right_rot270.jpeg,1,usable
19076_left_rot90.jpeg,1,usable
43196_left_rot180.jpeg,1,usable
12149_right_flip.jpeg,1,usable
41298_left_rot180.jpeg,1,usable
25425_left_rot180.jpeg,1,usable
9177_right_rot180.jpeg,1,usable
3723_right_rot270.jpeg,1,usable
13180_right_rot270.jpeg,1,usable
9553_left_flip.jpeg,1,usable
17967_right_rot270.jpeg,1,usable
6030_right_rot90.jpeg,1,usable
40711_right_rot180.jpeg,1,usable
21176_left_rot90.jpeg,1,usable
26196_left_rot90.jpeg,1,usable
31951_left_rot270.jpeg,1,usable
30073_right_rot270.jpeg,1,usable
16452_left_rot90.jpeg,1,usable
26814_left_rot90.jpeg,1,usable
9897_left_rot270.jpeg,1,usable
21563_right_rot180.jpeg,1,usable
29712_right_flip.jpeg,1,usable
15582_right_rot270.jpeg,1,usable
12316_left_rot270.jpeg,1,usable
25154_right_rot90.jpeg,1,usable
19892_right_rot180.jpeg,1,usable
13554_right_flip.jpeg,1,usable
24457_left_rot90.jpeg,1,usable
31816_left_rot180.jpeg,1,usable
41085_right_rot90.jpeg,1,usable
1959_right_rot270.jpeg,1,usable
19328_right_flip.jpeg,1,usable
27136_left_rot90.jpeg,1,usable
39315_right_rot180.jpeg,1,usable
27920_left_rot180.jpeg,1,usable
38994_left_rot90.jpeg,1,usable
23803_right_rot90.jpeg,1,usable
43317_right_rot270.jpeg,1,usable
38253_right_rot270.jpeg,1,usable
6970_right_rot90.jpeg,1,usable
28120_right_flip.jpeg,1,usable
34484_left_rot270.jpeg,1,usable
1985_right_flip.jpeg,1,usable
30073_right_flip.jpeg,1,usable
41427_left_rot90.jpeg,1,usable
41085_left_rot90.jpeg,1,usable
14186_left_rot90.jpeg,1,usable
43476_right_rot270.jpeg,1,usable
18901_right_flip.jpeg,1,usable
32077_left_rot180.jpeg,1,usable
41804_right_rot270.jpeg,1,usable
20321_right_rot180.jpeg,1,usable
32644_left_rot270.jpeg,1,usable
15174_right_flip.jpeg,1,usable
9232_right_rot270.jpeg,1,usable
42358_right_rot180.jpeg,1,usable
23803_right_flip.jpeg,1,usable
9807_left_rot270.jpeg,1,usable
696_right_rot180.jpeg,1,usable
17669_right_rot90.jpeg,1,usable
42365_right_rot90.jpeg,1,usable
26856_right_rot90.jpeg,1,usable
39917_right_rot270.jpeg,1,usable
22439_right_flip.jpeg,1,usable
42358_right_rot270.jpeg,1,usable
13391_left_rot180.jpeg,1,usable
31067_left_rot270.jpeg,1,usable
24484_right_flip.jpeg,1,usable
8452_left_rot90.jpeg,1,usable
23715_right_rot270.jpeg,1,usable
30945_right_flip.jpeg,1,usable
5088_right_rot180.jpeg,1,usable
10886_left_flip.jpeg,1,usable
29442_right_flip.jpeg,1,usable
35842_left_rot180.jpeg,1,usable
11624_left_flip.jpeg,1,usable
13190_left_rot270.jpeg,1,usable
3273_left_rot90.jpeg,1,usable
16750_left_rot180.jpeg,1,usable
27576_left_flip.jpeg,1,usable
11661_left_rot270.jpeg,1,usable
16336_left_rot180.jpeg,1,usable
15219_right_rot180.jpeg,1,usable
16460_left_rot90.jpeg,1,usable
29372_right_rot180.jpeg,1,usable
12525_right_flip.jpeg,1,usable
35583_right_rot90.jpeg,1,usable
27827_right_rot180.jpeg,1,usable
28155_left_rot270.jpeg,1,usable
20351_left_rot180.jpeg,1,usable
7270_right_rot90.jpeg,1,usable
43749_right_rot270.jpeg,1,usable
11855_left_rot90.jpeg,1,usable
35066_right_rot270.jpeg,1,usable
26784_right_rot90.jpeg,1,usable
18105_left_flip.jpeg,1,usable
8974_left_rot180.jpeg,1,usable
12441_right_rot270.jpeg,1,usable
27832_left_rot90.jpeg,1,usable
39441_right_rot270.jpeg,1,usable
15219_left_flip.jpeg,1,usable
14025_right_flip.jpeg,1,usable
32500_right_rot90.jpeg,1,usable
14025_right_rot270.jpeg,1,usable
33725_right_rot90.jpeg,1,usable
11914_right_rot180.jpeg,1,usable
38887_right_rot270.jpeg,1,usable
16748_right_flip.jpeg,1,usable
22546_right_rot270.jpeg,1,usable
1302_left_rot270.jpeg,1,usable
9906_right_rot180.jpeg,1,usable
23991_left_rot90.jpeg,1,usable
13879_right_rot270.jpeg,1,usable
16748_right_rot180.jpeg,1,usable
15428_left_rot90.jpeg,1,usable
11181_left_flip.jpeg,1,usable
22874_right_flip.jpeg,1,usable
9396_left_rot270.jpeg,1,usable
30675_right_rot270.jpeg,1,usable
40118_left_rot180.jpeg,1,usable
41889_left_flip.jpeg,1,usable
39595_left_flip.jpeg,1,usable
22410_right_rot90.jpeg,1,usable
3661_right_rot90.jpeg,1,usable
12256_left_rot90.jpeg,1,usable
37587_left_rot180.jpeg,1,usable
13488_left_rot90.jpeg,1,usable
19771_left_rot180.jpeg,1,usable
12990_left_rot180.jpeg,1,usable
6927_right_rot270.jpeg,1,usable
22904_right_rot270.jpeg,1,usable
37553_right_rot270.jpeg,1,usable
20797_right_rot180.jpeg,1,usable
17760_left_rot90.jpeg,1,usable
41804_left_rot90.jpeg,1,usable
20711_right_flip.jpeg,1,usable
1504_right_rot180.jpeg,1,usable
41336_right_rot90.jpeg,1,usable
32655_right_rot180.jpeg,1,usable
24297_left_rot270.jpeg,1,usable
21073_right_rot90.jpeg,1,usable
23381_right_flip.jpeg,1,usable
24910_right_rot270.jpeg,1,usable
19521_left_rot270.jpeg,1,usable
2697_left_flip.jpeg,1,usable
34203_right_flip.jpeg,1,usable
16635_right_flip.jpeg,1,usable
34992_right_flip.jpeg,1,usable
41717_right_flip.jpeg,1,usable
12104_left_rot180.jpeg,1,usable
42843_right_rot90.jpeg,1,usable
36999_left_flip.jpeg,1,usable
43186_left_flip.jpeg,1,usable
37938_left_rot180.jpeg,1,usable
10017_left_flip.jpeg,1,usable
20251_right_rot90.jpeg,1,usable
13877_right_rot270.jpeg,1,usable
18902_left_flip.jpeg,1,usable
35487_left_rot180.jpeg,1,usable
41356_left_rot180.jpeg,1,usable
24368_right_rot270.jpeg,1,usable
33422_right_rot90.jpeg,1,usable
21769_right_flip.jpeg,1,usable
20054_left_rot90.jpeg,1,usable
29673_left_rot270.jpeg,1,usable
9358_right_rot270.jpeg,1,usable
16897_right_rot180.jpeg,1,usable
11192_left_rot270.jpeg,1,usable
19149_right_flip.jpeg,1,usable
35873_left_rot180.jpeg,1,usable
32863_left_rot90.jpeg,1,usable
21769_left_rot270.jpeg,1,usable
40757_left_rot180.jpeg,1,usable
19280_left_rot180.jpeg,1,usable
8652_right_rot90.jpeg,1,usable
42135_left_flip.jpeg,1,usable
26168_right_rot90.jpeg,1,usable
8652_right_rot270.jpeg,1,usable
26679_right_rot270.jpeg,1,usable
2131_left_rot90.jpeg,1,usable
2695_right_rot180.jpeg,1,usable
30118_left_flip.jpeg,1,usable
33358_right_rot180.jpeg,1,usable
14173_left_rot90.jpeg,1,usable
3557_right_rot180.jpeg,1,usable
14201_right_rot90.jpeg,1,usable
11929_left_rot180.jpeg,1,usable
42024_right_flip.jpeg,1,usable
4289_left_rot90.jpeg,1,usable
37769_right_flip.jpeg,1,usable
11929_left_rot90.jpeg,1,usable
16897_right_rot270.jpeg,1,usable
20251_right_flip.jpeg,1,usable
35062_left_rot180.jpeg,1,usable
4035_left_flip.jpeg,1,usable
12353_left_flip.jpeg,1,usable
2000_left_rot90.jpeg,1,usable
19477_right_rot90.jpeg,1,usable
35710_left_flip.jpeg,1,usable
7487_right_rot90.jpeg,1,usable
39085_right_rot270.jpeg,1,usable
27657_right_rot180.jpeg,1,usable
22349_left_flip.jpeg,1,usable
28791_left_flip.jpeg,1,usable
4563_right_rot270.jpeg,1,usable
15653_left_rot180.jpeg,1,usable
31814_left_flip.jpeg,1,usable
22677_left_rot180.jpeg,1,usable
24457_left_rot180.jpeg,1,usable
38479_left_rot90.jpeg,1,usable
39144_right_rot90.jpeg,1,usable
40712_right_rot90.jpeg,1,usable
21206_left_rot90.jpeg,1,usable
34496_left_rot270.jpeg,1,usable
6707_right_rot90.jpeg,1,usable
37958_right_rot90.jpeg,1,usable
37958_left_rot270.jpeg,1,usable
34011_left_rot180.jpeg,1,usable
17486_left_rot270.jpeg,1,usable
35683_left_rot90.jpeg,1,usable
27922_right_rot180.jpeg,1,usable
7468_left_rot270.jpeg,1,usable
9098_left_rot270.jpeg,1,usable
3542_right_rot270.jpeg,1,usable
9313_right_rot90.jpeg,1,usable
22668_left_rot90.jpeg,1,usable
22478_right_rot90.jpeg,1,usable
9646_right_rot90.jpeg,1,usable
27642_left_rot90.jpeg,1,usable
25801_right_rot90.jpeg,1,usable
34368_left_rot180.jpeg,1,usable
30790_right_rot270.jpeg,1,usable
31621_right_rot180.jpeg,1,usable
28265_right_rot270.jpeg,1,usable
23236_right_flip.jpeg,1,usable
26543_left_flip.jpeg,1,usable
9721_right_flip.jpeg,1,usable
29910_left_flip.jpeg,1,usable
4495_left_rot90.jpeg,1,usable
42422_right_rot90.jpeg,1,usable
13300_left_rot270.jpeg,1,usable
28120_right_rot90.jpeg,1,usable
5088_right_flip.jpeg,1,usable
5186_right_flip.jpeg,1,usable
33254_right_rot90.jpeg,1,usable
9586_right_rot180.jpeg,1,usable
18367_left_flip.jpeg,1,usable
9875_right_rot90.jpeg,1,usable
3639_right_rot180.jpeg,1,usable
17860_right_rot270.jpeg,1,usable
44263_left_rot270.jpeg,1,usable
4972_right_rot90.jpeg,1,usable
23446_left_rot270.jpeg,1,usable
18902_left_rot180.jpeg,1,usable
22332_right_rot270.jpeg,1,usable
27694_left_rot270.jpeg,1,usable
1348_right_rot270.jpeg,1,usable
37017_right_rot180.jpeg,1,usable
15988_left_flip.jpeg,1,usable
5065_left_rot90.jpeg,1,usable
8993_right_rot180.jpeg,1,usable
31050_right_rot180.jpeg,1,usable
5052_right_rot90.jpeg,1,usable
44330_right_rot270.jpeg,1,usable
21632_right_flip.jpeg,1,usable
33417_left_rot180.jpeg,1,usable
18732_right_flip.jpeg,1,usable
31967_left_rot180.jpeg,1,usable
1959_left_rot180.jpeg,1,usable
11032_left_rot270.jpeg,1,usable
43005_right_rot180.jpeg,1,usable
39674_left_rot270.jpeg,1,usable
42828_left_rot180.jpeg,1,usable
7629_left_flip.jpeg,1,usable
26665_right_rot180.jpeg,1,usable
15638_right_rot180.jpeg,1,usable
9308_right_flip.jpeg,1,usable
18880_right_rot270.jpeg,1,usable
24263_right_rot90.jpeg,1,usable
34138_right_rot90.jpeg,1,usable
20893_left_rot270.jpeg,1,usable
13312_left_rot180.jpeg,1,usable
26700_left_flip.jpeg,1,usable
21386_right_flip.jpeg,1,usable
15874_left_rot180.jpeg,1,usable
37958_right_rot180.jpeg,1,usable
21632_right_rot180.jpeg,1,usable
23597_right_rot270.jpeg,1,usable
1872_right_flip.jpeg,1,usable
38676_left_rot180.jpeg,1,usable
29754_right_flip.jpeg,1,usable
24314_right_rot270.jpeg,1,usable
33412_right_rot180.jpeg,1,usable
17284_left_flip.jpeg,1,usable
2702_right_flip.jpeg,1,usable
22667_right_rot90.jpeg,1,usable
36167_left_rot270.jpeg,1,usable
33070_left_rot270.jpeg,1,usable
34368_right_rot270.jpeg,1,usable
8221_right_rot180.jpeg,1,usable
35927_left_flip.jpeg,1,usable
37116_left_flip.jpeg,1,usable
9313_right_flip.jpeg,1,usable
2372_right_rot180.jpeg,1,usable
31950_right_flip.jpeg,1,usable
14202_left_rot180.jpeg,1,usable
40207_left_rot90.jpeg,1,usable
19935_left_rot270.jpeg,1,usable
30307_left_flip.jpeg,1,usable
24460_right_flip.jpeg,1,usable
32186_left_rot180.jpeg,1,usable
36044_left_flip.jpeg,1,usable
22444_right_flip.jpeg,1,usable
23548_left_rot270.jpeg,1,usable
34862_left_rot90.jpeg,1,usable
32600_right_rot270.jpeg,1,usable
16191_left_rot270.jpeg,1,usable
18194_right_flip.jpeg,1,usable
16640_left_rot180.jpeg,1,usable
43124_left_rot90.jpeg,1,usable
35992_left_rot270.jpeg,1,usable
27504_right_rot180.jpeg,1,usable
20351_left_rot270.jpeg,1,usable
13220_right_rot90.jpeg,1,usable
26054_left_rot90.jpeg,1,usable
6855_right_rot180.jpeg,1,usable
35861_right_rot270.jpeg,1,usable
38431_left_rot180.jpeg,1,usable
10312_left_rot180.jpeg,1,usable
42358_right_flip.jpeg,1,usable
2695_right_rot270.jpeg,1,usable
7591_right_rot270.jpeg,1,usable
14026_right_rot180.jpeg,1,usable
1446_left_flip.jpeg,1,usable
21257_right_flip.jpeg,1,usable
24484_left_rot180.jpeg,1,usable
37088_right_rot270.jpeg,1,usable
22668_left_rot270.jpeg,1,usable
41085_left_flip.jpeg,1,usable
37728_left_rot90.jpeg,1,usable
42341_right_rot180.jpeg,1,usable
15480_right_rot270.jpeg,1,usable
34098_left_rot180.jpeg,1,usable
14173_left_rot270.jpeg,1,usable
4071_left_rot270.jpeg,1,usable
14989_right_rot270.jpeg,1,usable
13326_left_flip.jpeg,1,usable
4121_right_rot90.jpeg,1,usable
19661_right_flip.jpeg,1,usable
5033_right_rot270.jpeg,1,usable
6511_left_rot90.jpeg,1,usable
38162_right_rot90.jpeg,1,usable
15089_left_rot180.jpeg,1,usable
43476_right_rot90.jpeg,1,usable
27504_right_rot90.jpeg,1,usable
38345_left_rot180.jpeg,1,usable
19692_right_rot270.jpeg,1,usable
8222_right_rot270.jpeg,1,usable
13837_left_flip.jpeg,1,usable
38407_right_rot90.jpeg,1,usable
14384_left_rot90.jpeg,1,usable
30910_right_rot270.jpeg,1,usable
3700_left_rot270.jpeg,1,usable
3967_left_rot270.jpeg,1,usable
2767_right_rot180.jpeg,1,usable
41804_left_rot180.jpeg,1,usable
22491_right_flip.jpeg,1,usable
4035_left_rot90.jpeg,1,usable
22524_right_rot180.jpeg,1,usable
11244_left_rot90.jpeg,1,usable
17477_right_flip.jpeg,1,usable
26856_left_rot180.jpeg,1,usable
8767_left_rot270.jpeg,1,usable
38889_left_flip.jpeg,1,usable
18594_left_rot180.jpeg,1,usable
21189_right_flip.jpeg,1,usable
5336_left_flip.jpeg,1,usable
2015_right_rot270.jpeg,1,usable
17967_right_rot180.jpeg,1,usable
32894_left_flip.jpeg,1,usable
43496_left_flip.jpeg,1,usable
5930_left_flip.jpeg,1,usable
23746_right_rot180.jpeg,1,usable
16672_left_rot180.jpeg,1,usable
38379_right_flip.jpeg,1,usable
31596_left_rot180.jpeg,1,usable
36362_right_rot180.jpeg,1,usable
12399_right_rot270.jpeg,1,usable
23233_right_rot270.jpeg,1,usable
9640_left_flip.jpeg,1,usable
15219_right_flip.jpeg,1,usable
14989_right_flip.jpeg,1,usable
36362_right_rot270.jpeg,1,usable
2697_right_flip.jpeg,1,usable
13099_left_rot180.jpeg,1,usable
39144_right_rot270.jpeg,1,usable
34046_right_rot270.jpeg,1,usable
16672_left_flip.jpeg,1,usable
12923_right_flip.jpeg,1,usable
3932_left_flip.jpeg,1,usable
14025_right_rot180.jpeg,1,usable
1102_left_flip.jpeg,1,usable
11866_right_rot180.jpeg,1,usable
28039_right_flip.jpeg,1,usable
41804_right_rot180.jpeg,1,usable
23572_left_rot90.jpeg,1,usable
33456_left_flip.jpeg,1,usable
20711_left_rot180.jpeg,1,usable
40711_right_rot90.jpeg,1,usable
43334_right_rot270.jpeg,1,usable
8424_left_rot180.jpeg,1,usable
22853_right_flip.jpeg,1,usable
16452_left_rot180.jpeg,1,usable
19591_left_rot90.jpeg,1,usable
26707_right_rot180.jpeg,1,usable
39743_left_rot270.jpeg,1,usable
6801_left_rot270.jpeg,1,usable
25713_right_rot270.jpeg,1,usable
17295_right_rot270.jpeg,1,usable
49_left_rot270.jpeg,1,usable
12382_right_rot180.jpeg,1,usable
34223_right_flip.jpeg,1,usable
11684_right_rot270.jpeg,1,usable
16802_left_rot90.jpeg,1,usable
6801_left_rot180.jpeg,1,usable
17974_left_flip.jpeg,1,usable
5766_left_rot180.jpeg,1,usable
9518_right_rot270.jpeg,1,usable
22524_right_rot270.jpeg,1,usable
27858_right_rot180.jpeg,1,usable
42422_right_rot180.jpeg,1,usable
35504_left_rot180.jpeg,1,usable
19399_right_rot180.jpeg,1,usable
25531_left_flip.jpeg,1,usable
1959_right_rot180.jpeg,1,usable
17801_left_rot90.jpeg,1,usable
36254_right_rot180.jpeg,1,usable
23075_left_rot180.jpeg,1,usable
28098_right_flip.jpeg,1,usable
26054_left_rot270.jpeg,1,usable
28379_left_flip.jpeg,1,usable
30046_left_rot180.jpeg,1,usable
1100_left_rot90.jpeg,1,usable
35992_right_flip.jpeg,1,usable
10568_left_flip.jpeg,1,usable
5291_left_rot90.jpeg,1,usable
30133_right_rot180.jpeg,1,usable
5525_left_rot90.jpeg,1,usable
23614_left_flip.jpeg,1,usable
41525_right_flip.jpeg,1,usable
42811_left_rot90.jpeg,1,usable
30976_right_flip.jpeg,1,usable
36747_right_rot270.jpeg,1,usable
44205_right_flip.jpeg,1,usable
20590_left_rot270.jpeg,1,usable
6080_left_rot180.jpeg,1,usable
24658_right_rot180.jpeg,1,usable
31216_right_flip.jpeg,1,usable
13701_left_rot180.jpeg,1,usable
5814_right_rot180.jpeg,1,usable
35861_right_flip.jpeg,1,usable
30090_left_rot270.jpeg,1,usable
6840_left_rot90.jpeg,1,usable
26071_left_rot180.jpeg,1,usable
30522_right_rot270.jpeg,1,usable
8538_left_rot270.jpeg,1,usable
20831_right_rot180.jpeg,1,usable
25120_right_rot270.jpeg,1,usable
43753_left_rot90.jpeg,1,usable
15941_right_rot180.jpeg,1,usable
14989_right_rot180.jpeg,1,usable
42488_right_rot270.jpeg,1,usable
8939_left_rot90.jpeg,1,usable
2710_left_flip.jpeg,1,usable
29362_left_rot180.jpeg,1,usable
26299_left_rot270.jpeg,1,usable
20412_left_flip.jpeg,1,usable
8484_left_flip.jpeg,1,usable
19936_right_rot270.jpeg,1,usable
15218_right_rot180.jpeg,1,usable
7222_left_rot90.jpeg,1,usable
11527_right_rot180.jpeg,1,usable
40316_left_rot90.jpeg,1,usable
18105_left_rot180.jpeg,1,usable
7329_left_flip.jpeg,1,usable
37958_left_flip.jpeg,1,usable
43476_left_rot90.jpeg,1,usable
31764_left_rot90.jpeg,1,usable
26211_left_rot90.jpeg,1,usable
44249_left_flip.jpeg,1,usable
16336_left_rot90.jpeg,1,usable
34097_left_flip.jpeg,1,usable
23030_right_rot180.jpeg,1,usable
38277_left_flip.jpeg,1,usable
36326_right_rot180.jpeg,1,usable
35683_left_rot180.jpeg,1,usable
36860_left_flip.jpeg,1,usable
27943_right_flip.jpeg,1,usable
36885_right_rot270.jpeg,1,usable
7270_right_rot270.jpeg,1,usable
43496_right_rot180.jpeg,1,usable
18346_right_rot90.jpeg,1,usable
26679_right_flip.jpeg,1,usable
35838_right_rot270.jpeg,1,usable
4495_left_flip.jpeg,1,usable
41145_right_rot270.jpeg,1,usable
1955_left_flip.jpeg,1,usable
13942_right_rot90.jpeg,1,usable
9511_right_rot90.jpeg,1,usable
31136_right_rot90.jpeg,1,usable
14320_right_flip.jpeg,1,usable
21073_left_flip.jpeg,1,usable
26212_right_flip.jpeg,1,usable
32496_left_rot90.jpeg,1,usable
37728_left_rot270.jpeg,1,usable
2952_right_flip.jpeg,1,usable
20711_right_rot180.jpeg,1,usable
21073_left_rot90.jpeg,1,usable
1142_left_rot180.jpeg,1,usable
2246_right_flip.jpeg,1,usable
26864_right_flip.jpeg,1,usable
12977_left_rot90.jpeg,1,usable
43612_right_rot180.jpeg,1,usable
876_left_flip.jpeg,1,usable
7733_right_rot90.jpeg,1,usable
31965_right_rot90.jpeg,1,usable
28380_right_rot270.jpeg,1,usable
7767_left_rot270.jpeg,1,usable
37088_right_rot90.jpeg,1,usable
3320_right_rot90.jpeg,1,usable
17312_right_flip.jpeg,1,usable
36671_right_rot90.jpeg,1,usable
13942_left_rot180.jpeg,1,usable
19762_left_flip.jpeg,1,usable
34304_left_rot180.jpeg,1,usable
2646_left_rot90.jpeg,1,usable
41356_left_rot90.jpeg,1,usable
33901_right_rot90.jpeg,1,usable
30976_right_rot270.jpeg,1,usable
40316_left_flip.jpeg,1,usable
31841_right_rot90.jpeg,1,usable
30205_left_rot90.jpeg,1,usable
25989_left_rot180.jpeg,1,usable
25378_left_rot90.jpeg,1,usable
26597_left_rot180.jpeg,1,usable
22411_right_rot270.jpeg,1,usable
40316_left_rot180.jpeg,1,usable
35834_right_flip.jpeg,1,usable
79_left_rot270.jpeg,1,usable
13833_right_rot270.jpeg,1,usable
37116_right_rot270.jpeg,1,usable
28632_left_flip.jpeg,1,usable
22783_left_rot270.jpeg,1,usable
29307_left_rot270.jpeg,1,usable
17415_left_flip.jpeg,1,usable
25907_left_rot180.jpeg,1,usable
14481_left_rot90.jpeg,1,usable
37641_right_rot90.jpeg,1,usable
35925_left_rot90.jpeg,1,usable
20452_right_rot180.jpeg,1,usable
7174_right_rot90.jpeg,1,usable
35027_right_rot270.jpeg,1,usable
15414_left_rot90.jpeg,1,usable
16011_left_rot270.jpeg,1,usable
33180_right_rot180.jpeg,1,usable
22480_right_rot180.jpeg,1,usable
35254_right_rot180.jpeg,1,usable
43362_right_flip.jpeg,1,usable
29141_right_rot90.jpeg,1,usable
34889_right_flip.jpeg,1,usable
19591_left_rot270.jpeg,1,usable
6217_right_rot180.jpeg,1,usable
22474_left_rot180.jpeg,1,usable
7329_left_rot180.jpeg,1,usable
18233_right_rot270.jpeg,1,usable
12441_right_rot180.jpeg,1,usable
17615_right_rot90.jpeg,1,usable
2124_left_rot270.jpeg,1,usable
33688_right_rot270.jpeg,1,usable
13230_left_rot270.jpeg,1,usable
7404_right_rot180.jpeg,1,usable
6506_right_rot90.jpeg,1,usable
1906_left_rot180.jpeg,1,usable
41041_right_rot90.jpeg,1,usable
2701_right_rot180.jpeg,1,usable
34203_left_rot90.jpeg,1,usable
42341_right_flip.jpeg,1,usable
10409_left_flip.jpeg,1,usable
16818_right_flip.jpeg,1,usable
18315_right_rot270.jpeg,1,usable
19399_right_rot270.jpeg,1,usable
43005_right_flip.jpeg,1,usable
29951_right_flip.jpeg,1,usable
16672_left_rot270.jpeg,1,usable
32655_left_rot90.jpeg,1,usable
12208_right_rot270.jpeg,1,usable
1698_left_rot270.jpeg,1,usable
24104_left_rot270.jpeg,1,usable
9614_right_flip.jpeg,1,usable
4563_right_flip.jpeg,1,usable
1977_right_flip.jpeg,1,usable
4048_right_rot90.jpeg,1,usable
22142_left_rot180.jpeg,1,usable
40193_left_rot180.jpeg,1,usable
9682_right_rot90.jpeg,1,usable
37569_right_rot180.jpeg,1,usable
42811_left_flip.jpeg,1,usable
30971_right_rot180.jpeg,1,usable
31625_left_rot180.jpeg,1,usable
35857_left_rot270.jpeg,1,usable
11914_right_flip.jpeg,1,usable
12399_left_rot270.jpeg,1,usable
10125_right_flip.jpeg,1,usable
31312_left_rot90.jpeg,1,usable
24298_right_rot180.jpeg,1,usable
19223_right_flip.jpeg,1,usable
6001_left_rot90.jpeg,1,usable
5039_right_rot180.jpeg,1,usable
16773_left_rot180.jpeg,1,usable
32572_left_rot90.jpeg,1,usable
14608_right_flip.jpeg,1,usable
28890_left_rot180.jpeg,1,usable
4954_left_rot270.jpeg,1,usable
39293_right_rot270.jpeg,1,usable
38307_left_rot180.jpeg,1,usable
25080_right_rot180.jpeg,1,usable
4071_left_rot180.jpeg,1,usable
21565_right_rot180.jpeg,1,usable
20819_left_rot270.jpeg,1,usable
30976_right_rot180.jpeg,1,usable
30943_right_rot90.jpeg,1,usable
30073_left_rot270.jpeg,1,usable
42896_right_rot180.jpeg,1,usable
15868_left_rot270.jpeg,1,usable
40940_left_flip.jpeg,1,usable
11555_left_flip.jpeg,1,usable
36130_right_rot180.jpeg,1,usable
22410_right_rot180.jpeg,1,usable
32055_right_flip.jpeg,1,usable
12411_right_rot90.jpeg,1,usable
25080_right_rot90.jpeg,1,usable
12129_left_rot180.jpeg,1,usable
34097_left_rot90.jpeg,1,usable
15595_right_rot180.jpeg,1,usable
35725_left_rot90.jpeg,1,usable
26212_right_rot270.jpeg,1,usable
41961_left_rot270.jpeg,1,usable
26700_left_rot180.jpeg,1,usable
39459_left_rot180.jpeg,1,usable
28555_left_flip.jpeg,1,usable
18644_right_rot180.jpeg,1,usable
11268_left_rot90.jpeg,1,usable
29307_left_rot180.jpeg,1,usable
26597_left_rot90.jpeg,1,usable
32644_left_rot90.jpeg,1,usable
16600_right_rot180.jpeg,1,usable
25531_left_rot180.jpeg,1,usable
11301_left_rot270.jpeg,1,usable
27657_left_rot180.jpeg,1,usable
6049_left_rot180.jpeg,1,usable
6889_right_rot270.jpeg,1,usable
34242_right_rot270.jpeg,1,usable
35931_left_rot90.jpeg,1,usable
35838_right_rot180.jpeg,1,usable
6302_left_rot180.jpeg,1,usable
9875_right_flip.jpeg,1,usable
17106_left_rot180.jpeg,1,usable
24391_left_rot180.jpeg,1,usable
24877_left_rot270.jpeg,1,usable
38479_left_flip.jpeg,1,usable
18880_right_rot90.jpeg,1,usable
19223_right_rot90.jpeg,1,usable
18315_right_flip.jpeg,1,usable
18995_right_rot180.jpeg,1,usable
18902_right_rot180.jpeg,1,usable
24916_right_rot180.jpeg,1,usable
22525_right_rot90.jpeg,1,usable
10810_left_rot270.jpeg,1,usable
25120_left_rot270.jpeg,1,usable
6199_left_rot90.jpeg,1,usable
30666_left_rot270.jpeg,1,usable
15588_right_flip.jpeg,1,usable
3661_right_rot180.jpeg,1,usable
10511_left_rot90.jpeg,1,usable
2785_right_rot90.jpeg,1,usable
34368_right_rot180.jpeg,1,usable
21096_left_rot270.jpeg,1,usable
23381_right_rot90.jpeg,1,usable
5500_left_rot90.jpeg,1,usable
10125_right_rot180.jpeg,1,usable
26856_left_flip.jpeg,1,usable
6506_right_rot270.jpeg,1,usable
16773_left_flip.jpeg,1,usable
22122_right_rot270.jpeg,1,usable
11053_right_rot180.jpeg,1,usable
3914_right_rot270.jpeg,1,usable
19399_left_rot180.jpeg,1,usable
26140_left_rot90.jpeg,1,usable
26353_left_rot180.jpeg,1,usable
2124_left_flip.jpeg,1,usable
25482_right_flip.jpeg,1,usable
39756_left_rot90.jpeg,1,usable
23075_left_flip.jpeg,1,usable
17801_right_rot180.jpeg,1,usable
2712_right_rot90.jpeg,1,usable
7591_right_flip.jpeg,1,usable
31050_right_flip.jpeg,1,usable
29961_left_rot90.jpeg,1,usable
15788_left_rot90.jpeg,1,usable
9840_left_rot180.jpeg,1,usable
17477_left_flip.jpeg,1,usable
17284_left_rot90.jpeg,1,usable
29577_left_rot90.jpeg,1,usable
36103_left_rot90.jpeg,1,usable
163_right_rot180.jpeg,1,usable
41894_right_flip.jpeg,1,usable
26784_right_rot270.jpeg,1,usable
12306_left_rot180.jpeg,1,usable
2702_right_rot180.jpeg,1,usable
15014_right_rot270.jpeg,1,usable
37040_left_rot180.jpeg,1,usable
38434_left_rot180.jpeg,1,usable
43005_left_rot270.jpeg,1,usable
37387_left_flip.jpeg,1,usable
6745_right_rot270.jpeg,1,usable
2435_right_rot270.jpeg,1,usable
22201_right_rot270.jpeg,1,usable
9897_right_flip.jpeg,1,usable
27086_left_rot180.jpeg,1,usable
23904_left_rot180.jpeg,1,usable
22737_left_rot180.jpeg,1,usable
30307_left_rot270.jpeg,1,usable
23902_right_rot180.jpeg,1,usable
39805_left_rot270.jpeg,1,usable
11056_right_rot270.jpeg,1,usable
2952_right_rot180.jpeg,1,usable
22667_right_flip.jpeg,1,usable
38407_right_flip.jpeg,1,usable
29620_right_rot270.jpeg,1,usable
8477_right_rot270.jpeg,1,usable
37641_right_flip.jpeg,1,usable
16403_right_rot90.jpeg,1,usable
15863_left_rot90.jpeg,1,usable
20111_left_rot180.jpeg,1,usable
44205_left_rot90.jpeg,1,usable
35131_left_flip.jpeg,1,usable
43169_left_flip.jpeg,1,usable
42914_right_rot180.jpeg,1,usable
7785_right_rot270.jpeg,1,usable
11058_left_rot90.jpeg,1,usable
32454_right_rot270.jpeg,1,usable
28340_left_rot180.jpeg,1,usable
12010_right_rot180.jpeg,1,usable
1640_right_rot90.jpeg,1,usable
32566_left_rot90.jpeg,1,usable
17887_left_rot180.jpeg,1,usable
18446_right_flip.jpeg,1,usable
22306_right_rot90.jpeg,1,usable
15515_right_rot90.jpeg,1,usable
4370_left_flip.jpeg,1,usable
18546_left_rot270.jpeg,1,usable
29057_left_rot90.jpeg,1,usable
11946_left_rot180.jpeg,1,usable
12662_left_rot270.jpeg,1,usable
27143_right_rot180.jpeg,1,usable
30910_right_rot180.jpeg,1,usable
12944_right_rot180.jpeg,1,usable
5065_left_flip.jpeg,1,usable
18105_left_rot270.jpeg,1,usable
28215_left_rot180.jpeg,1,usable
23371_right_rot180.jpeg,1,usable
35143_left_rot180.jpeg,1,usable
29335_left_flip.jpeg,1,usable
13196_left_rot180.jpeg,1,usable
32077_left_rot90.jpeg,1,usable
26784_right_rot180.jpeg,1,usable
37166_left_rot180.jpeg,1,usable
23615_right_rot90.jpeg,1,usable
43373_right_rot270.jpeg,1,usable
6129_right_rot180.jpeg,1,usable
17277_left_rot270.jpeg,1,usable
30923_right_rot270.jpeg,1,usable
31448_left_rot90.jpeg,1,usable
11937_left_rot90.jpeg,1,usable
27973_left_rot270.jpeg,1,usable
19399_left_rot270.jpeg,1,usable
24704_left_rot180.jpeg,1,usable
12316_right_rot90.jpeg,1,usable
22306_right_rot180.jpeg,1,usable
3608_left_rot180.jpeg,1,usable
32863_left_rot180.jpeg,1,usable
12411_right_flip.jpeg,1,usable
25091_right_rot90.jpeg,1,usable
7217_right_flip.jpeg,1,usable
39205_left_rot270.jpeg,1,usable
6199_left_flip.jpeg,1,usable
11270_left_rot180.jpeg,1,usable
30790_right_rot90.jpeg,1,usable
19399_left_flip.jpeg,1,usable
18175_left_rot180.jpeg,1,usable
27642_left_rot270.jpeg,1,usable
25399_right_rot270.jpeg,1,usable
43601_left_rot180.jpeg,1,usable
11348_right_flip.jpeg,1,usable
7842_left_rot270.jpeg,1,usable
26331_left_rot270.jpeg,1,usable
32077_left_rot270.jpeg,1,usable
22349_left_rot180.jpeg,1,usable
31615_left_rot270.jpeg,1,usable
35067_left_rot270.jpeg,1,usable
7265_left_rot270.jpeg,1,usable
25890_left_rot270.jpeg,1,usable
12353_left_rot90.jpeg,1,usable
41205_left_rot90.jpeg,1,usable
15653_left_flip.jpeg,1,usable
25479_left_rot180.jpeg,1,usable
26801_right_rot270.jpeg,1,usable
43199_left_rot180.jpeg,1,usable
41804_left_flip.jpeg,1,usable
42914_left_rot270.jpeg,1,usable
8538_left_rot90.jpeg,1,usable
19641_right_rot90.jpeg,1,usable
1395_right_flip.jpeg,1,usable
17040_left_rot90.jpeg,1,usable
28155_left_rot180.jpeg,1,usable
23014_left_flip.jpeg,1,usable
17669_right_rot270.jpeg,1,usable
39459_left_rot90.jpeg,1,usable
36702_left_flip.jpeg,1,usable
11923_right_flip.jpeg,1,usable
24613_left_flip.jpeg,1,usable
27576_left_rot180.jpeg,1,usable
12977_left_flip.jpeg,1,usable
41827_right_rot90.jpeg,1,usable
29673_left_rot90.jpeg,1,usable
2880_left_rot270.jpeg,1,usable
27272_right_rot180.jpeg,1,usable
17801_right_flip.jpeg,1,usable
20666_left_rot270.jpeg,1,usable
41298_left_flip.jpeg,1,usable
37675_right_rot90.jpeg,1,usable
9183_left_flip.jpeg,1,usable
41105_left_rot180.jpeg,1,usable
16818_right_rot90.jpeg,1,usable
5329_left_rot180.jpeg,1,usable
28901_right_rot180.jpeg,1,usable
41681_left_rot270.jpeg,1,usable
2496_right_rot270.jpeg,1,usable
21190_left_rot90.jpeg,1,usable
37575_left_rot270.jpeg,1,usable
30869_left_rot270.jpeg,1,usable
29608_right_rot90.jpeg,1,usable
22702_right_flip.jpeg,1,usable
9180_left_rot270.jpeg,1,usable
24613_left_rot180.jpeg,1,usable
15988_left_rot90.jpeg,1,usable
38622_left_rot180.jpeg,1,usable
36929_left_rot90.jpeg,1,usable
16197_left_rot90.jpeg,1,usable
7829_right_rot90.jpeg,1,usable
2702_right_rot270.jpeg,1,usable
24545_left_rot90.jpeg,1,usable
4090_right_flip.jpeg,1,usable
41336_right_rot270.jpeg,1,usable
5336_left_rot180.jpeg,1,usable
35836_left_rot90.jpeg,1,usable
12305_right_flip.jpeg,1,usable
42364_right_rot180.jpeg,1,usable
36199_right_rot270.jpeg,1,usable
20711_right_rot270.jpeg,1,usable
31608_right_rot180.jpeg,1,usable
20423_left_rot270.jpeg,1,usable
9957_left_rot270.jpeg,1,usable
43476_left_rot180.jpeg,1,usable
6067_right_flip.jpeg,1,usable
26597_left_flip.jpeg,1,usable
37730_right_rot90.jpeg,1,usable
42665_left_rot270.jpeg,1,usable
30909_right_rot270.jpeg,1,usable
7952_left_flip.jpeg,1,usable
28555_left_rot180.jpeg,1,usable
20452_right_rot90.jpeg,1,usable
40940_left_rot90.jpeg,1,usable
9721_right_rot180.jpeg,1,usable
25091_left_rot180.jpeg,1,usable
40052_right_rot270.jpeg,1,usable
25303_left_rot270.jpeg,1,usable
39298_left_rot180.jpeg,1,usable
27225_left_rot270.jpeg,1,usable
27145_right_rot90.jpeg,1,usable
8344_left_rot90.jpeg,1,usable
1509_left_rot180.jpeg,1,usable
28019_right_flip.jpeg,1,usable
39739_left_rot180.jpeg,1,usable
35731_right_flip.jpeg,1,usable
33254_right_rot180.jpeg,1,usable
37081_right_rot90.jpeg,1,usable
17477_left_rot90.jpeg,1,usable
27143_right_rot90.jpeg,1,usable
5329_left_rot270.jpeg,1,usable
7948_left_rot180.jpeg,1,usable
6970_right_flip.jpeg,1,usable
15948_right_rot180.jpeg,1,usable
32566_left_flip.jpeg,1,usable
35453_right_rot270.jpeg,1,usable
12687_right_flip.jpeg,1,usable
6049_left_rot90.jpeg,1,usable
16600_right_flip.jpeg,1,usable
7404_left_flip.jpeg,1,usable
13417_right_rot90.jpeg,1,usable
42364_right_rot270.jpeg,1,usable
4035_left_rot270.jpeg,1,usable
7311_right_rot270.jpeg,1,usable
18901_right_rot90.jpeg,1,usable
27512_left_rot180.jpeg,1,usable
30722_right_rot180.jpeg,1,usable
28258_right_rot270.jpeg,1,usable
38349_right_rot90.jpeg,1,usable
16697_left_flip.jpeg,1,usable
35838_right_rot90.jpeg,1,usable
43334_right_rot90.jpeg,1,usable
13701_left_rot90.jpeg,1,usable
30073_left_rot180.jpeg,1,usable
3317_right_flip.jpeg,1,usable
35936_left_rot90.jpeg,1,usable
18010_left_rot180.jpeg,1,usable
3722_left_rot180.jpeg,1,usable
25650_left_rot180.jpeg,1,usable
4886_left_rot90.jpeg,1,usable
5039_right_rot90.jpeg,1,usable
1650_left_rot180.jpeg,1,usable
13359_right_rot90.jpeg,1,usable
31131_left_flip.jpeg,1,usable
9614_right_rot90.jpeg,1,usable
36929_left_flip.jpeg,1,usable
5525_right_rot270.jpeg,1,usable
24460_right_rot180.jpeg,1,usable
32196_right_rot270.jpeg,1,usable
25650_left_flip.jpeg,1,usable
18297_left_rot90.jpeg,1,usable
34368_left_flip.jpeg,1,usable
10994_left_rot90.jpeg,1,usable
34880_left_flip.jpeg,1,usable
37875_right_rot180.jpeg,1,usable
8390_right_rot180.jpeg,1,usable
12010_right_rot90.jpeg,1,usable
42636_right_rot180.jpeg,1,usable
40961_right_rot180.jpeg,1,usable
14778_left_rot270.jpeg,1,usable
16197_left_rot270.jpeg,1,usable
19285_right_flip.jpeg,1,usable
11270_left_flip.jpeg,1,usable
7487_right_flip.jpeg,1,usable
8090_left_flip.jpeg,1,usable
7560_left_flip.jpeg,1,usable
32483_left_rot180.jpeg,1,usable
16635_right_rot90.jpeg,1,usable
36494_left_rot270.jpeg,1,usable
7404_left_rot90.jpeg,1,usable
26337_left_rot180.jpeg,1,usable
40821_right_flip.jpeg,1,usable
32055_right_rot90.jpeg,1,usable
18440_right_rot270.jpeg,1,usable
42896_right_rot270.jpeg,1,usable
6927_left_rot90.jpeg,1,usable
39676_right_rot180.jpeg,1,usable
24222_right_flip.jpeg,1,usable
9761_right_flip.jpeg,1,usable
3608_left_flip.jpeg,1,usable
40974_left_rot90.jpeg,1,usable
33912_left_rot180.jpeg,1,usable
4793_left_rot270.jpeg,1,usable
7553_left_flip.jpeg,1,usable
26814_right_rot90.jpeg,1,usable
15942_left_rot180.jpeg,1,usable
5766_left_rot270.jpeg,1,usable
1076_left_rot180.jpeg,1,usable
40787_left_rot180.jpeg,1,usable
40912_left_rot270.jpeg,1,usable
42578_left_rot270.jpeg,1,usable
19896_left_rot180.jpeg,1,usable
40354_right_rot270.jpeg,1,usable
15948_right_rot90.jpeg,1,usable
19936_right_flip.jpeg,1,usable
30869_left_rot180.jpeg,1,usable
1977_right_rot180.jpeg,1,usable
2842_left_rot90.jpeg,1,usable
26332_right_rot180.jpeg,1,usable
27810_left_rot90.jpeg,1,usable
7217_left_rot180.jpeg,1,usable
9626_left_rot180.jpeg,1,usable
456_left_flip.jpeg,1,usable
13190_left_flip.jpeg,1,usable
44267_right_flip.jpeg,1,usable
6169_right_flip.jpeg,1,usable
24828_right_flip.jpeg,1,usable
36395_left_rot180.jpeg,1,usable
31916_right_rot180.jpeg,1,usable
39336_left_rot90.jpeg,1,usable
5291_right_rot180.jpeg,1,usable
28721_right_rot90.jpeg,1,usable
17183_right_rot90.jpeg,1,usable
17734_left_rot90.jpeg,1,usable
20353_right_rot180.jpeg,1,usable
26877_right_flip.jpeg,1,usable
38727_left_rot270.jpeg,1,usable
35646_right_flip.jpeg,1,usable
17362_right_flip.jpeg,1,usable
17248_left_rot180.jpeg,1,usable
41827_right_rot180.jpeg,1,usable
25907_right_rot270.jpeg,1,usable
13324_left_rot180.jpeg,1,usable
7063_left_flip.jpeg,1,usable
23597_right_rot180.jpeg,1,usable
9897_right_rot90.jpeg,1,usable
14570_left_rot180.jpeg,1,usable
37575_left_rot90.jpeg,1,usable
1959_left_rot270.jpeg,1,usable
26274_right_rot180.jpeg,1,usable
7329_left_rot90.jpeg,1,usable
16579_right_rot180.jpeg,1,usable
14336_left_rot270.jpeg,1,usable
38676_left_rot270.jpeg,1,usable
41961_left_flip.jpeg,1,usable
2710_left_rot180.jpeg,1,usable
29362_left_rot270.jpeg,1,usable
21580_right_rot180.jpeg,1,usable
3144_right_rot270.jpeg,1,usable
15652_right_flip.jpeg,1,usable
11053_right_rot90.jpeg,1,usable
4065_left_rot270.jpeg,1,usable
27203_left_rot90.jpeg,1,usable
19076_left_flip.jpeg,1,usable
21205_left_rot270.jpeg,1,usable
15218_left_rot90.jpeg,1,usable
13942_right_flip.jpeg,1,usable
17486_left_rot180.jpeg,1,usable
22142_left_flip.jpeg,1,usable
37951_right_rot90.jpeg,1,usable
42183_left_rot180.jpeg,1,usable
22480_right_flip.jpeg,1,usable
36747_right_rot90.jpeg,1,usable
40408_right_rot180.jpeg,1,usable
12133_left_flip.jpeg,1,usable
17486_left_rot90.jpeg,1,usable
37641_right_rot180.jpeg,1,usable
3932_left_rot270.jpeg,1,usable
8408_right_rot180.jpeg,1,usable
25669_right_rot180.jpeg,1,usable
25159_right_rot90.jpeg,1,usable
2862_right_rot180.jpeg,1,usable
219_right_flip.jpeg,1,usable
1872_right_rot270.jpeg,1,usable
37951_right_rot180.jpeg,1,usable
38150_right_rot90.jpeg,1,usable
31967_right_rot90.jpeg,1,usable
26385_right_flip.jpeg,1,usable
32686_left_rot180.jpeg,1,usable
39975_left_rot180.jpeg,1,usable
7174_right_flip.jpeg,1,usable
1509_right_flip.jpeg,1,usable
21257_right_rot180.jpeg,1,usable
30118_left_rot90.jpeg,1,usable
18422_right_flip.jpeg,1,usable
35666_right_rot90.jpeg,1,usable
42341_right_rot90.jpeg,1,usable
41356_left_flip.jpeg,1,usable
34046_right_rot90.jpeg,1,usable
18320_left_rot270.jpeg,1,usable
11624_right_rot270.jpeg,1,usable
41807_right_flip.jpeg,1,usable
29702_left_rot90.jpeg,1,usable
20421_left_rot180.jpeg,1,usable
2108_right_rot270.jpeg,1,usable
2496_right_flip.jpeg,1,usable
24704_right_rot90.jpeg,1,usable
7063_right_rot180.jpeg,1,usable
10028_left_rot90.jpeg,1,usable
29389_right_rot180.jpeg,1,usable
7008_right_rot180.jpeg,1,usable
16637_left_rot180.jpeg,1,usable
7487_right_rot270.jpeg,1,usable
31695_right_flip.jpeg,1,usable
39676_right_rot90.jpeg,1,usable
25425_left_rot90.jpeg,1,usable
26054_left_rot180.jpeg,1,usable
6745_right_flip.jpeg,1,usable
8794_left_flip.jpeg,1,usable
21835_left_rot180.jpeg,1,usable
24704_left_rot270.jpeg,1,usable
15794_right_rot90.jpeg,1,usable
25926_left_flip.jpeg,1,usable
8092_right_rot90.jpeg,1,usable
15218_left_rot270.jpeg,1,usable
41427_left_flip.jpeg,1,usable
33643_left_rot270.jpeg,1,usable
24298_right_rot90.jpeg,1,usable
14986_right_rot270.jpeg,1,usable
32680_left_flip.jpeg,1,usable
12353_left_rot180.jpeg,1,usable
43362_left_rot270.jpeg,1,usable
21741_right_rot90.jpeg,1,usable
25558_left_rot180.jpeg,1,usable
15646_right_rot270.jpeg,1,usable
9358_right_flip.jpeg,1,usable
30868_left_flip.jpeg,1,usable
14992_right_rot180.jpeg,1,usable
40052_left_rot90.jpeg,1,usable
43802_right_rot90.jpeg,1,usable
15414_left_rot180.jpeg,1,usable
4421_left_rot270.jpeg,1,usable
19328_right_rot270.jpeg,1,usable
26519_right_rot180.jpeg,1,usable
21534_left_flip.jpeg,1,usable
18696_left_flip.jpeg,1,usable
25562_left_rot180.jpeg,1,usable
30471_right_rot180.jpeg,1,usable
26396_left_flip.jpeg,1,usable
8221_right_rot90.jpeg,1,usable
25926_left_rot270.jpeg,1,usable
7137_left_flip.jpeg,1,usable
3759_left_flip.jpeg,1,usable
29574_left_rot270.jpeg,1,usable
28756_right_rot270.jpeg,1,usable
30133_right_flip.jpeg,1,usable
17362_left_rot180.jpeg,1,usable
5781_right_flip.jpeg,1,usable
10017_left_rot180.jpeg,1,usable
19059_right_rot180.jpeg,1,usable
28823_left_rot180.jpeg,1,usable
22783_left_rot180.jpeg,1,usable
5752_right_rot270.jpeg,1,usable
20200_left_rot270.jpeg,1,usable
34449_right_rot270.jpeg,1,usable
42557_left_rot180.jpeg,1,usable
13585_right_rot180.jpeg,1,usable
29334_right_rot180.jpeg,1,usable
34880_left_rot180.jpeg,1,usable
20200_left_rot90.jpeg,1,usable
31131_left_rot270.jpeg,1,usable
35842_left_rot90.jpeg,1,usable
37675_right_rot180.jpeg,1,usable
18408_left_rot90.jpeg,1,usable
17734_left_rot270.jpeg,1,usable
32986_left_rot180.jpeg,1,usable
27365_left_rot90.jpeg,1,usable
39287_left_flip.jpeg,1,usable
21501_right_rot180.jpeg,1,usable
21618_left_rot180.jpeg,1,usable
36232_right_rot180.jpeg,1,usable
37641_right_rot270.jpeg,1,usable
31554_right_flip.jpeg,1,usable
11474_left_rot270.jpeg,1,usable
19692_left_rot90.jpeg,1,usable
11314_left_rot90.jpeg,1,usable
40435_right_rot270.jpeg,1,usable
18995_right_rot90.jpeg,1,usable
33409_left_flip.jpeg,1,usable
13150_right_flip.jpeg,1,usable
38431_left_flip.jpeg,1,usable
16555_right_rot90.jpeg,1,usable
12208_left_rot180.jpeg,1,usable
27039_right_flip.jpeg,1,usable
18069_left_rot90.jpeg,1,usable
8663_right_rot90.jpeg,1,usable
12316_left_rot180.jpeg,1,usable
12490_left_rot180.jpeg,1,usable
16967_right_flip.jpeg,1,usable
12990_left_rot270.jpeg,1,usable
15174_right_rot90.jpeg,1,usable
11289_left_flip.jpeg,1,usable
18804_right_rot270.jpeg,1,usable
26299_left_flip.jpeg,1,usable
24549_left_rot90.jpeg,1,usable
21190_right_rot180.jpeg,1,usable
17860_right_rot90.jpeg,1,usable
21965_left_rot90.jpeg,1,usable
29097_left_rot90.jpeg,1,usable
24704_right_rot180.jpeg,1,usable
22424_right_rot90.jpeg,1,usable
42919_left_rot90.jpeg,1,usable
25331_left_flip.jpeg,1,usable
41798_right_rot90.jpeg,1,usable
3346_right_rot180.jpeg,1,usable
9251_left_rot270.jpeg,1,usable
31136_right_flip.jpeg,1,usable
3542_right_rot180.jpeg,1,usable
3608_left_rot270.jpeg,1,usable
25697_left_rot180.jpeg,1,usable
38379_right_rot270.jpeg,1,usable
39441_left_rot180.jpeg,1,usable
14074_right_rot180.jpeg,1,usable
35890_left_rot270.jpeg,1,usable
178_left_flip.jpeg,1,usable
17179_left_rot180.jpeg,1,usable
10241_right_rot270.jpeg,1,usable
35725_left_flip.jpeg,1,usable
28477_left_rot270.jpeg,1,usable
30051_left_rot90.jpeg,1,usable
8538_left_flip.jpeg,1,usable
12990_left_rot90.jpeg,1,usable
25907_right_flip.jpeg,1,usable
28929_right_rot180.jpeg,1,usable
23598_left_rot180.jpeg,1,usable
34889_left_flip.jpeg,1,usable
21205_left_rot180.jpeg,1,usable
25801_right_rot180.jpeg,1,usable
30170_left_rot270.jpeg,1,usable
31462_right_rot90.jpeg,1,usable
4805_right_flip.jpeg,1,usable
28795_left_rot180.jpeg,1,usable
41074_right_rot90.jpeg,1,usable
22144_right_rot180.jpeg,1,usable
37951_left_rot180.jpeg,1,usable
17915_left_rot180.jpeg,1,usable
30971_right_rot270.jpeg,1,usable
22439_right_rot270.jpeg,1,usable
21793_right_rot270.jpeg,1,usable
37587_left_rot270.jpeg,1,usable
31453_right_flip.jpeg,1,usable
39902_right_flip.jpeg,1,usable
8424_left_flip.jpeg,1,usable
10994_left_rot180.jpeg,1,usable
40357_right_rot90.jpeg,1,usable
39358_right_rot180.jpeg,1,usable
23916_left_rot270.jpeg,1,usable
14467_left_rot180.jpeg,1,usable
5752_right_flip.jpeg,1,usable
20468_left_flip.jpeg,1,usable
18556_left_rot270.jpeg,1,usable
17312_right_rot90.jpeg,1,usable
23009_left_flip.jpeg,1,usable
9251_left_flip.jpeg,1,usable
13554_right_rot180.jpeg,1,usable
21565_left_rot180.jpeg,1,usable
456_left_rot180.jpeg,1,usable
4992_right_rot90.jpeg,1,usable
8221_right_flip.jpeg,1,usable
29951_right_rot90.jpeg,1,usable
37859_right_flip.jpeg,1,usable
43946_right_flip.jpeg,1,usable
2550_left_flip.jpeg,1,usable
37369_right_rot180.jpeg,1,usable
23904_left_flip.jpeg,1,usable
21018_right_flip.jpeg,1,usable
7425_left_rot90.jpeg,1,usable
19549_right_flip.jpeg,1,usable
28380_right_rot180.jpeg,1,usable
10384_right_rot270.jpeg,1,usable
10886_left_rot90.jpeg,1,usable
42843_right_rot270.jpeg,1,usable
37081_right_flip.jpeg,1,usable
38522_left_rot180.jpeg,1,usable
26707_right_rot270.jpeg,1,usable
5911_left_rot270.jpeg,1,usable
25679_left_flip.jpeg,1,usable
4065_left_flip.jpeg,1,usable
37769_right_rot90.jpeg,1,usable
417_right_rot90.jpeg,1,usable
15011_left_rot180.jpeg,1,usable
30051_left_flip.jpeg,1,usable
27039_right_rot180.jpeg,1,usable
12231_right_rot180.jpeg,1,usable
27188_left_rot180.jpeg,1,usable
41659_left_rot90.jpeg,1,usable
12769_left_flip.jpeg,1,usable
19692_left_rot270.jpeg,1,usable
13493_left_flip.jpeg,1,usable
11123_right_rot90.jpeg,1,usable
5052_right_rot270.jpeg,1,usable
34223_left_flip.jpeg,1,usable
28379_left_rot180.jpeg,1,usable
35857_left_flip.jpeg,1,usable
23540_right_flip.jpeg,1,usable
35067_left_flip.jpeg,1,usable
5991_left_rot180.jpeg,1,usable
2712_left_flip.jpeg,1,usable
13846_right_rot180.jpeg,1,usable
23381_left_rot90.jpeg,1,usable
44330_right_flip.jpeg,1,usable
6727_left_flip.jpeg,1,usable
44093_right_rot90.jpeg,1,usable
13846_right_flip.jpeg,1,usable
5257_right_flip.jpeg,1,usable
26113_left_flip.jpeg,1,usable
30945_left_rot180.jpeg,1,usable
16550_left_rot270.jpeg,1,usable
18534_left_rot90.jpeg,1,usable
13326_left_rot90.jpeg,1,usable
19505_right_rot180.jpeg,1,usable
812_left_rot180.jpeg,1,usable
43373_right_rot180.jpeg,1,usable
8477_right_flip.jpeg,1,usable
34682_right_flip.jpeg,1,usable
7733_right_flip.jpeg,1,usable
19402_right_rot90.jpeg,1,usable
35873_left_rot90.jpeg,1,usable
21565_left_flip.jpeg,1,usable
42382_right_rot90.jpeg,1,usable
29839_right_rot270.jpeg,1,usable
5065_left_rot270.jpeg,1,usable
20104_right_rot270.jpeg,1,usable
41067_right_rot270.jpeg,1,usable
15859_left_flip.jpeg,1,usable
39195_right_rot180.jpeg,1,usable
11866_right_flip.jpeg,1,usable
9721_right_rot90.jpeg,1,usable
26441_left_rot90.jpeg,1,usable
42386_left_rot90.jpeg,1,usable
37680_left_rot270.jpeg,1,usable
3914_left_rot270.jpeg,1,usable
702_right_rot90.jpeg,1,usable
27472_left_rot270.jpeg,1,usable
12231_right_rot270.jpeg,1,usable
8616_left_rot270.jpeg,1,usable
34186_right_rot180.jpeg,1,usable
28901_left_rot90.jpeg,1,usable
27188_left_rot90.jpeg,1,usable
28756_right_rot90.jpeg,1,usable
20054_left_rot270.jpeg,1,usable
16640_left_rot90.jpeg,1,usable
13493_left_rot90.jpeg,1,usable
14481_left_rot270.jpeg,1,usable
15218_left_flip.jpeg,1,usable
23075_right_rot180.jpeg,1,usable
8971_right_rot180.jpeg,1,usable
24202_left_rot180.jpeg,1,usable
19581_right_rot180.jpeg,1,usable
32680_left_rot270.jpeg,1,usable
39805_left_rot90.jpeg,1,usable
35746_left_rot270.jpeg,1,usable
4121_right_rot270.jpeg,1,usable
10244_right_rot270.jpeg,1,usable
25091_left_rot90.jpeg,1,usable
42914_left_rot180.jpeg,1,usable
11974_right_rot90.jpeg,1,usable
42914_right_rot90.jpeg,1,usable
6169_right_rot180.jpeg,1,usable
37040_left_flip.jpeg,1,usable
32782_left_rot90.jpeg,1,usable
34449_right_flip.jpeg,1,usable
21110_right_rot270.jpeg,1,usable
36199_right_rot180.jpeg,1,usable
4157_right_rot180.jpeg,1,usable
13651_left_flip.jpeg,1,usable
29702_right_rot270.jpeg,1,usable
31951_left_flip.jpeg,1,usable
16545_right_flip.jpeg,1,usable
40897_right_flip.jpeg,1,usable
9308_right_rot270.jpeg,1,usable
35067_left_rot180.jpeg,1,usable
11348_right_rot90.jpeg,1,usable
21814_right_rot180.jpeg,1,usable
32427_right_rot180.jpeg,1,usable
29492_right_rot90.jpeg,1,usable
33374_right_rot90.jpeg,1,usable
23597_right_rot90.jpeg,1,usable
22478_right_flip.jpeg,1,usable
17751_left_rot90.jpeg,1,usable
4158_left_rot90.jpeg,1,usable
25482_right_rot90.jpeg,1,usable
7952_left_rot180.jpeg,1,usable
8477_right_rot180.jpeg,1,usable
38730_left_rot270.jpeg,1,usable
13214_right_rot90.jpeg,1,usable
22647_left_flip.jpeg,1,usable
28375_right_rot90.jpeg,1,usable
5501_left_flip.jpeg,1,usable
43563_right_flip.jpeg,1,usable
40679_right_rot270.jpeg,1,usable
28929_right_rot270.jpeg,1,usable
21700_left_rot180.jpeg,1,usable
43299_right_rot270.jpeg,1,usable
14481_left_rot180.jpeg,1,usable
38889_left_rot180.jpeg,1,usable
40821_right_rot270.jpeg,1,usable
11314_right_rot90.jpeg,1,usable
7403_right_flip.jpeg,1,usable
17362_left_flip.jpeg,1,usable
6440_right_rot90.jpeg,1,usable
2880_left_rot180.jpeg,1,usable
31441_right_rot180.jpeg,1,usable
32896_left_rot180.jpeg,1,usable
7842_right_rot180.jpeg,1,usable
33180_right_rot90.jpeg,1,usable
4676_right_rot180.jpeg,1,usable
1395_right_rot180.jpeg,1,usable
13786_right_rot180.jpeg,1,usable
1977_left_rot180.jpeg,1,usable
31554_right_rot90.jpeg,1,usable
10934_left_flip.jpeg,1,usable
17925_left_rot90.jpeg,1,usable
531_right_rot270.jpeg,1,usable
25907_right_rot90.jpeg,1,usable
35816_left_rot180.jpeg,1,usable
6217_right_flip.jpeg,1,usable
560_left_rot270.jpeg,1,usable
42187_left_rot270.jpeg,1,usable
31950_right_rot180.jpeg,1,usable
11855_left_rot270.jpeg,1,usable
10934_left_rot90.jpeg,1,usable
20196_right_rot180.jpeg,1,usable
32101_right_flip.jpeg,1,usable
33849_left_rot90.jpeg,1,usable
37033_left_rot180.jpeg,1,usable
27472_left_flip.jpeg,1,usable
22122_right_rot90.jpeg,1,usable
40787_right_rot90.jpeg,1,usable
38637_right_flip.jpeg,1,usable
24545_left_rot180.jpeg,1,usable
7948_left_rot270.jpeg,1,usable
11946_left_flip.jpeg,1,usable
37340_right_rot270.jpeg,1,usable
32496_left_rot270.jpeg,1,usable
42871_left_rot180.jpeg,1,usable
6638_left_flip.jpeg,1,usable
79_left_flip.jpeg,1,usable
35816_left_flip.jpeg,1,usable
25271_left_rot270.jpeg,1,usable
8876_right_rot270.jpeg,1,usable
14608_right_rot90.jpeg,1,usable
7487_right_rot180.jpeg,1,usable
30513_right_rot270.jpeg,1,usable
34203_right_rot90.jpeg,1,usable
19014_left_rot180.jpeg,1,usable
29620_right_flip.jpeg,1,usable
36999_left_rot180.jpeg,1,usable
22836_left_flip.jpeg,1,usable
27943_right_rot180.jpeg,1,usable
9977_left_rot270.jpeg,1,usable
28734_left_flip.jpeg,1,usable
13590_left_rot90.jpeg,1,usable
25751_right_rot270.jpeg,1,usable
18016_right_rot180.jpeg,1,usable
14173_left_flip.jpeg,1,usable
26438_left_rot90.jpeg,1,usable
35112_right_rot270.jpeg,1,usable
27466_left_rot270.jpeg,1,usable
16802_left_rot180.jpeg,1,usable
33410_left_rot180.jpeg,1,usable
22424_right_flip.jpeg,1,usable
32564_left_rot270.jpeg,1,usable
23233_right_flip.jpeg,1,usable
28340_left_rot270.jpeg,1,usable
21327_left_rot180.jpeg,1,usable
35646_right_rot270.jpeg,1,usable
34203_left_rot270.jpeg,1,usable
16640_left_rot270.jpeg,1,usable
10125_left_rot180.jpeg,1,usable
3141_right_rot270.jpeg,1,usable
25679_left_rot270.jpeg,1,usable
31955_right_flip.jpeg,1,usable
15369_left_flip.jpeg,1,usable
19014_left_flip.jpeg,1,usable
26168_right_rot270.jpeg,1,usable
33860_right_rot180.jpeg,1,usable
24215_right_rot90.jpeg,1,usable
8222_right_flip.jpeg,1,usable
37913_left_rot270.jpeg,1,usable
25767_right_rot180.jpeg,1,usable
4158_left_flip.jpeg,1,usable
20711_left_rot270.jpeg,1,usable
13417_right_rot270.jpeg,1,usable
5781_right_rot270.jpeg,1,usable
29221_left_rot180.jpeg,1,usable
509_left_rot270.jpeg,1,usable
43476_left_rot270.jpeg,1,usable
19897_right_flip.jpeg,1,usable
8090_left_rot270.jpeg,1,usable
24828_right_rot180.jpeg,1,usable
8091_left_flip.jpeg,1,usable
24419_left_flip.jpeg,1,usable
29335_left_rot90.jpeg,1,usable
9233_right_rot270.jpeg,1,usable
11624_right_flip.jpeg,1,usable
37496_right_flip.jpeg,1,usable
16403_right_flip.jpeg,1,usable
39993_right_rot180.jpeg,1,usable
17477_right_rot270.jpeg,1,usable
6707_right_rot270.jpeg,1,usable
1906_left_flip.jpeg,1,usable
5807_left_flip.jpeg,1,usable
25890_right_rot90.jpeg,1,usable
27746_right_rot90.jpeg,1,usable
42665_left_rot90.jpeg,1,usable
28586_left_rot180.jpeg,1,usable
12525_right_rot90.jpeg,1,usable
16061_right_rot90.jpeg,1,usable
14842_right_flip.jpeg,1,usable
36479_left_rot180.jpeg,1,usable
33688_right_rot180.jpeg,1,usable
11909_right_rot270.jpeg,1,usable
7311_right_rot180.jpeg,1,usable
1222_right_flip.jpeg,1,usable
13561_left_rot90.jpeg,1,usable
28477_left_flip.jpeg,1,usable
10125_left_flip.jpeg,1,usable
33374_left_flip.jpeg,1,usable
29574_left_rot180.jpeg,1,usable
1955_left_rot90.jpeg,1,usable
40757_left_flip.jpeg,1,usable
611_right_flip.jpeg,1,usable
28660_left_flip.jpeg,1,usable
27472_left_rot90.jpeg,1,usable
17362_left_rot90.jpeg,1,usable
4571_left_rot90.jpeg,1,usable
38622_left_rot90.jpeg,1,usable
37918_left_rot270.jpeg,1,usable
28581_right_flip.jpeg,1,usable
25280_right_rot270.jpeg,1,usable
7067_left_rot270.jpeg,1,usable
41067_right_rot180.jpeg,1,usable
5525_left_flip.jpeg,1,usable
8121_left_rot270.jpeg,1,usable
35143_left_rot270.jpeg,1,usable
33626_left_rot180.jpeg,1,usable
35936_left_rot180.jpeg,1,usable
41749_left_rot90.jpeg,1,usable
31344_left_flip.jpeg,1,usable
41876_right_rot90.jpeg,1,usable
30077_left_rot180.jpeg,1,usable
11032_left_flip.jpeg,1,usable
2869_left_flip.jpeg,1,usable
8699_right_rot90.jpeg,1,usable
21238_right_rot270.jpeg,1,usable
31965_right_rot270.jpeg,1,usable
18175_left_rot90.jpeg,1,usable
42815_left_flip.jpeg,1,usable
30133_right_rot90.jpeg,1,usable
12441_right_rot90.jpeg,1,usable
36085_right_rot90.jpeg,1,usable
6440_right_flip.jpeg,1,usable
8616_left_rot90.jpeg,1,usable
32971_right_flip.jpeg,1,usable
9183_right_rot180.jpeg,1,usable
11099_left_rot270.jpeg,1,usable
30073_left_rot90.jpeg,1,usable
8073_right_rot270.jpeg,1,usable
41889_left_rot90.jpeg,1,usable
4289_left_rot180.jpeg,1,usable
560_left_flip.jpeg,1,usable
38200_right_rot180.jpeg,1,usable
15369_left_rot270.jpeg,1,usable
20421_left_rot270.jpeg,1,usable
24730_left_rot90.jpeg,1,usable
11940_left_flip.jpeg,1,usable
33410_left_rot270.jpeg,1,usable
35066_right_rot180.jpeg,1,usable
1660_left_rot90.jpeg,1,usable
30000_left_rot270.jpeg,1,usable
17561_right_rot180.jpeg,1,usable
18696_right_rot180.jpeg,1,usable
6782_left_rot90.jpeg,1,usable
21179_left_rot270.jpeg,1,usable
5807_left_rot90.jpeg,1,usable
8378_left_rot180.jpeg,1,usable
28515_right_flip.jpeg,1,usable
2496_right_rot90.jpeg,1,usable
2372_right_rot270.jpeg,1,usable
9897_left_rot90.jpeg,1,usable
8743_left_rot270.jpeg,1,usable
33725_right_rot270.jpeg,1,usable
23014_left_rot90.jpeg,1,usable
4370_left_rot180.jpeg,1,usable
21268_left_rot180.jpeg,1,usable
998_left_rot180.jpeg,1,usable
31050_right_rot270.jpeg,1,usable
26669_left_flip.jpeg,1,usable
19149_left_flip.jpeg,1,usable
2246_right_rot270.jpeg,1,usable
16773_left_rot90.jpeg,1,usable
14293_right_flip.jpeg,1,usable
12944_right_rot270.jpeg,1,usable
34282_left_rot270.jpeg,1,usable
15863_left_rot270.jpeg,1,usable
10437_left_rot270.jpeg,1,usable
32564_left_rot90.jpeg,1,usable
4158_right_rot270.jpeg,1,usable
21189_right_rot90.jpeg,1,usable
26342_right_rot90.jpeg,1,usable
22668_right_flip.jpeg,1,usable
1550_left_rot180.jpeg,1,usable
38994_left_rot270.jpeg,1,usable
9412_right_rot270.jpeg,1,usable
10612_right_rot270.jpeg,1,usable
5869_right_rot270.jpeg,1,usable
21033_right_rot270.jpeg,1,usable
43496_right_rot270.jpeg,1,usable
9628_right_flip.jpeg,1,usable
36103_left_flip.jpeg,1,usable
13196_left_rot90.jpeg,1,usable
17974_left_rot90.jpeg,1,usable
1100_right_rot90.jpeg,1,usable
39793_left_rot180.jpeg,1,usable
941_right_rot270.jpeg,1,usable
14293_right_rot90.jpeg,1,usable
36362_right_rot90.jpeg,1,usable
23548_left_rot90.jpeg,1,usable
39652_left_flip.jpeg,1,usable
6302_left_rot270.jpeg,1,usable
12231_right_flip.jpeg,1,usable
13015_left_flip.jpeg,1,usable
18644_right_rot90.jpeg,1,usable
41085_left_rot180.jpeg,1,usable
6645_left_rot180.jpeg,1,usable
26705_left_rot270.jpeg,1,usable
7403_right_rot90.jpeg,1,usable
29141_right_flip.jpeg,1,usable
30046_left_rot90.jpeg,1,usable
18157_left_rot180.jpeg,1,usable
11371_left_rot90.jpeg,1,usable
11026_left_rot270.jpeg,1,usable
14778_left_flip.jpeg,1,usable
24314_right_rot180.jpeg,1,usable
27922_right_flip.jpeg,1,usable
15319_left_rot90.jpeg,1,usable
79_left_rot180.jpeg,1,usable
13150_right_rot180.jpeg,1,usable
22107_right_flip.jpeg,1,usable
15584_left_rot180.jpeg,1,usable
32232_right_rot270.jpeg,1,usable
34049_left_rot180.jpeg,1,usable
15319_left_flip.jpeg,1,usable
5780_right_rot270.jpeg,1,usable
29494_right_rot180.jpeg,1,usable
42488_right_rot180.jpeg,1,usable
34794_left_rot180.jpeg,1,usable
15414_left_flip.jpeg,1,usable
23853_left_rot270.jpeg,1,usable
38307_left_rot270.jpeg,1,usable
1856_left_rot180.jpeg,1,usable
25378_left_flip.jpeg,1,usable
5500_left_flip.jpeg,1,usable
41717_right_rot180.jpeg,1,usable
29141_right_rot270.jpeg,1,usable
2785_right_rot270.jpeg,1,usable
21206_right_rot90.jpeg,1,usable
32566_left_rot270.jpeg,1,usable
28890_left_rot270.jpeg,1,usable
27832_left_rot270.jpeg,1,usable
23974_left_rot90.jpeg,1,usable
19591_left_flip.jpeg,1,usable
11474_left_flip.jpeg,1,usable
15554_right_rot90.jpeg,1,usable
22702_right_rot90.jpeg,1,usable
33374_left_rot180.jpeg,1,usable
24215_right_rot180.jpeg,1,usable
39612_left_rot90.jpeg,1,usable
29984_right_flip.jpeg,1,usable
37286_right_rot270.jpeg,1,usable
14986_right_flip.jpeg,1,usable
4077_right_rot90.jpeg,1,usable
17284_right_flip.jpeg,1,usable
11192_left_rot180.jpeg,1,usable
611_right_rot180.jpeg,1,usable
39205_left_rot180.jpeg,1,usable
23803_right_rot180.jpeg,1,usable
12018_left_rot180.jpeg,1,usable
42919_left_rot180.jpeg,1,usable
1504_right_rot90.jpeg,1,usable
38162_right_flip.jpeg,1,usable
1142_left_rot90.jpeg,1,usable
41427_left_rot180.jpeg,1,usable
7829_right_rot270.jpeg,1,usable
21073_right_rot180.jpeg,1,usable
47_right_rot180.jpeg,1,usable
17284_right_rot90.jpeg,1,usable
10409_left_rot90.jpeg,1,usable
18837_left_rot90.jpeg,1,usable
12316_left_flip.jpeg,1,usable
22201_right_flip.jpeg,1,usable
1835_right_rot90.jpeg,1,usable
35746_left_flip.jpeg,1,usable
35388_left_rot180.jpeg,1,usable
1361_left_rot180.jpeg,1,usable
24658_right_rot270.jpeg,1,usable
36479_left_rot270.jpeg,1,usable
3525_right_rot270.jpeg,1,usable
20179_right_flip.jpeg,1,usable
1446_left_rot180.jpeg,1,usable
22210_right_rot180.jpeg,1,usable
43124_left_flip.jpeg,1,usable
6965_right_rot180.jpeg,1,usable
42557_left_rot90.jpeg,1,usable
42135_left_rot180.jpeg,1,usable
27138_left_flip.jpeg,1,usable
3080_left_flip.jpeg,1,usable
8743_left_rot90.jpeg,1,usable
38407_right_rot180.jpeg,1,usable
19505_right_flip.jpeg,1,usable
26078_right_flip.jpeg,1,usable
8091_left_rot270.jpeg,1,usable
35936_left_rot270.jpeg,1,usable
6433_left_rot270.jpeg,1,usable
42828_left_rot270.jpeg,1,usable
35890_left_flip.jpeg,1,usable
762_left_flip.jpeg,1,usable
9672_left_rot270.jpeg,1,usable
43758_right_rot180.jpeg,1,usable
26441_left_flip.jpeg,1,usable
19149_right_rot270.jpeg,1,usable
25399_right_rot180.jpeg,1,usable
4495_left_rot270.jpeg,1,usable
14457_right_rot90.jpeg,1,usable
37763_right_rot90.jpeg,1,usable
1302_left_rot90.jpeg,1,usable
40193_left_flip.jpeg,1,usable
5100_left_rot180.jpeg,1,usable
8540_right_rot180.jpeg,1,usable
25482_right_rot180.jpeg,1,usable
5443_right_rot180.jpeg,1,usable
10297_right_flip.jpeg,1,usable
15794_right_flip.jpeg,1,usable
40193_left_rot270.jpeg,1,usable
26274_right_rot90.jpeg,1,usable
21173_right_rot90.jpeg,1,usable
27353_right_rot180.jpeg,1,usable
16897_right_flip.jpeg,1,usable
28098_left_flip.jpeg,1,usable
40357_right_flip.jpeg,1,usable
32072_right_rot180.jpeg,1,usable
30307_left_rot90.jpeg,1,usable
28458_left_rot270.jpeg,1,usable
21096_left_rot90.jpeg,1,usable
29839_right_rot180.jpeg,1,usable
27973_left_flip.jpeg,1,usable
21139_left_rot180.jpeg,1,usable
25450_left_rot270.jpeg,1,usable
8073_right_flip.jpeg,1,usable
3317_right_rot90.jpeg,1,usable
6653_left_flip.jpeg,1,usable
5869_right_rot180.jpeg,1,usable
43186_left_rot90.jpeg,1,usable
13043_right_rot90.jpeg,1,usable
27466_left_flip.jpeg,1,usable
18706_right_flip.jpeg,1,usable
611_right_rot270.jpeg,1,usable
2339_left_rot90.jpeg,1,usable
10810_left_rot180.jpeg,1,usable
8682_left_rot180.jpeg,1,usable
10321_right_rot180.jpeg,1,usable
29474_left_rot270.jpeg,1,usable
25816_right_rot270.jpeg,1,usable
3932_left_rot180.jpeg,1,usable
17843_left_rot270.jpeg,1,usable
4740_left_rot180.jpeg,1,usable
9957_left_rot90.jpeg,1,usable
8781_right_rot270.jpeg,1,usable
23614_left_rot90.jpeg,1,usable
41876_right_rot180.jpeg,1,usable
43169_left_rot180.jpeg,1,usable
40912_left_flip.jpeg,1,usable
11371_left_rot270.jpeg,1,usable
27746_right_rot270.jpeg,1,usable
8794_left_rot270.jpeg,1,usable
3542_right_rot90.jpeg,1,usable
14444_right_rot90.jpeg,1,usable
29712_right_rot270.jpeg,1,usable
40005_right_flip.jpeg,1,usable
15428_left_rot270.jpeg,1,usable
19114_right_rot270.jpeg,1,usable
21386_right_rot90.jpeg,1,usable
79_left_rot90.jpeg,1,usable
9358_right_rot90.jpeg,1,usable
32232_right_rot90.jpeg,1,usable
43169_left_rot270.jpeg,1,usable
6745_right_rot180.jpeg,1,usable
39287_left_rot180.jpeg,1,usable
10328_left_rot270.jpeg,1,usable
20896_left_flip.jpeg,1,usable
16946_left_flip.jpeg,1,usable
6645_left_rot90.jpeg,1,usable
9213_left_flip.jpeg,1,usable
28586_left_flip.jpeg,1,usable
32690_left_rot270.jpeg,1,usable
13591_left_rot180.jpeg,1,usable
30026_right_flip.jpeg,1,usable
37169_left_rot90.jpeg,1,usable
13819_left_rot90.jpeg,1,usable
986_right_rot90.jpeg,1,usable
40299_right_rot270.jpeg,1,usable
29712_right_rot90.jpeg,1,usable
19692_left_flip.jpeg,1,usable
37757_right_rot90.jpeg,1,usable
35725_left_rot180.jpeg,1,usable
26211_left_rot270.jpeg,1,usable
5033_right_rot90.jpeg,1,usable
24545_left_flip.jpeg,1,usable
10974_right_flip.jpeg,1,usable
12561_right_flip.jpeg,1,usable
6049_left_flip.jpeg,1,usable
39441_left_rot270.jpeg,1,usable
1667_left_rot180.jpeg,1,usable
7265_left_flip.jpeg,1,usable
14169_left_rot270.jpeg,1,usable
22523_right_rot270.jpeg,1,usable
30615_right_rot180.jpeg,1,usable
18804_right_flip.jpeg,1,usable
27922_right_rot270.jpeg,1,usable
10511_left_rot270.jpeg,1,usable
23902_right_rot90.jpeg,1,usable
32766_right_rot90.jpeg,1,usable
6314_right_rot180.jpeg,1,usable
13846_right_rot90.jpeg,1,usable
28660_left_rot90.jpeg,1,usable
20760_right_flip.jpeg,1,usable
18045_left_rot270.jpeg,1,usable
1142_left_flip.jpeg,1,usable
14424_left_rot180.jpeg,1,usable
9721_right_rot270.jpeg,1,usable
8673_left_rot180.jpeg,1,usable
7276_left_rot180.jpeg,1,usable
178_left_rot90.jpeg,1,usable
9672_left_rot180.jpeg,1,usable
40757_right_flip.jpeg,1,usable
10994_left_rot270.jpeg,1,usable
5194_left_rot270.jpeg,1,usable
9614_right_rot180.jpeg,1,usable
35711_left_flip.jpeg,1,usable
2071_left_rot90.jpeg,1,usable
21190_left_flip.jpeg,1,usable
12040_left_rot270.jpeg,1,usable
28515_right_rot270.jpeg,1,usable
35925_left_rot270.jpeg,1,usable
5220_left_rot180.jpeg,1,usable
42530_left_rot270.jpeg,1,usable
21965_left_rot270.jpeg,1,usable
26332_right_rot90.jpeg,1,usable
20289_left_rot270.jpeg,1,usable
7209_right_rot270.jpeg,1,usable
49_left_flip.jpeg,1,usable
19581_right_flip.jpeg,1,usable
13819_left_rot270.jpeg,1,usable
1763_right_rot180.jpeg,1,usable
509_left_rot180.jpeg,1,usable
39595_left_rot270.jpeg,1,usable
21534_left_rot180.jpeg,1,usable
40118_left_rot270.jpeg,1,usable
18656_left_rot90.jpeg,1,usable
30051_left_rot270.jpeg,1,usable
10244_right_rot180.jpeg,1,usable
28721_right_rot180.jpeg,1,usable
37553_right_flip.jpeg,1,usable
986_right_rot180.jpeg,1,usable
20452_right_rot270.jpeg,1,usable
3317_right_rot270.jpeg,1,usable
44268_right_flip.jpeg,1,usable
16197_left_rot180.jpeg,1,usable
9779_left_rot180.jpeg,1,usable
31067_left_rot180.jpeg,1,usable
24170_left_rot180.jpeg,1,usable
27203_left_rot180.jpeg,1,usable
17424_right_rot180.jpeg,1,usable
14097_left_rot90.jpeg,1,usable
8565_left_rot180.jpeg,1,usable
18416_right_flip.jpeg,1,usable
10181_right_rot90.jpeg,1,usable
11053_right_rot270.jpeg,1,usable
11268_left_flip.jpeg,1,usable
42235_right_rot270.jpeg,1,usable
25558_left_rot270.jpeg,1,usable
32055_left_rot270.jpeg,1,usable
4157_right_flip.jpeg,1,usable
38345_left_rot270.jpeg,1,usable
8927_right_rot90.jpeg,1,usable
19896_left_rot90.jpeg,1,usable
37040_left_rot90.jpeg,1,usable
18534_left_rot270.jpeg,1,usable
11661_left_flip.jpeg,1,usable
29935_left_flip.jpeg,1,usable
38030_right_rot90.jpeg,1,usable
18483_left_rot90.jpeg,1,usable
39441_left_rot90.jpeg,1,usable
32101_right_rot270.jpeg,1,usable
15926_left_flip.jpeg,1,usable
696_right_rot270.jpeg,1,usable
17779_right_flip.jpeg,1,usable
19766_right_rot270.jpeg,1,usable
35388_left_rot270.jpeg,1,usable
25890_right_rot270.jpeg,1,usable
1501_left_flip.jpeg,1,usable
26331_left_rot90.jpeg,1,usable
31784_left_flip.jpeg,1,usable
16460_left_rot180.jpeg,1,usable
23009_left_rot180.jpeg,1,usable
8968_right_rot90.jpeg,1,usable
16534_left_rot270.jpeg,1,usable
17163_left_rot180.jpeg,1,usable
13591_left_rot270.jpeg,1,usable
3722_left_flip.jpeg,1,usable
8074_right_rot180.jpeg,1,usable
15859_left_rot90.jpeg,1,usable
8062_right_rot270.jpeg,1,usable
23095_right_rot180.jpeg,1,usable
26766_left_rot180.jpeg,1,usable
38878_left_flip.jpeg,1,usable
16011_left_rot180.jpeg,1,usable
40408_right_rot270.jpeg,1,usable
27203_left_flip.jpeg,1,usable
23851_right_rot270.jpeg,1,usable
11855_left_rot180.jpeg,1,usable
25175_right_flip.jpeg,1,usable
12325_left_rot90.jpeg,1,usable
9232_right_flip.jpeg,1,usable
20179_right_rot90.jpeg,1,usable
9795_left_rot90.jpeg,1,usable
44285_right_rot180.jpeg,1,usable
21565_left_rot90.jpeg,1,usable
21327_right_rot180.jpeg,1,usable
16967_right_rot90.jpeg,1,usable
35725_left_rot270.jpeg,1,usable
9586_right_flip.jpeg,1,usable
9251_left_rot180.jpeg,1,usable
8222_left_rot90.jpeg,1,usable
7487_left_rot90.jpeg,1,usable
42024_right_rot180.jpeg,1,usable
40207_left_rot270.jpeg,1,usable
26337_left_rot270.jpeg,1,usable
30666_left_rot180.jpeg,1,usable
40974_left_rot270.jpeg,1,usable
21206_right_rot270.jpeg,1,usable
43466_left_rot90.jpeg,1,usable
31784_left_rot180.jpeg,1,usable
16778_left_rot270.jpeg,1,usable
16047_right_rot90.jpeg,1,usable
12040_left_rot90.jpeg,1,usable
37675_right_flip.jpeg,1,usable
13701_left_rot270.jpeg,1,usable
1446_left_rot270.jpeg,1,usable
17779_right_rot270.jpeg,1,usable
36739_left_rot180.jpeg,1,usable
25399_right_flip.jpeg,1,usable
7024_right_rot90.jpeg,1,usable
11192_left_flip.jpeg,1,usable
8540_right_rot270.jpeg,1,usable
33070_left_rot180.jpeg,1,usable
24484_right_rot270.jpeg,1,usable
26353_left_flip.jpeg,1,usable
40940_left_rot180.jpeg,1,usable
40299_right_rot180.jpeg,1,usable
18804_left_flip.jpeg,1,usable
18594_left_rot90.jpeg,1,usable
2605_left_rot90.jpeg,1,usable
6835_left_rot180.jpeg,1,usable
22668_right_rot270.jpeg,1,usable
25562_left_flip.jpeg,1,usable
26701_left_rot90.jpeg,1,usable
26140_left_flip.jpeg,1,usable
7810_right_rot90.jpeg,1,usable
8484_right_rot90.jpeg,1,usable
13220_right_rot180.jpeg,1,usable
10612_right_flip.jpeg,1,usable
32798_right_flip.jpeg,1,usable
40552_left_flip.jpeg,1,usable
20423_left_rot180.jpeg,1,usable
43758_right_flip.jpeg,1,usable
42340_left_rot90.jpeg,1,usable
32644_left_flip.jpeg,1,usable
20751_left_rot180.jpeg,1,usable
30294_left_rot180.jpeg,1,usable
15218_right_rot270.jpeg,1,usable
10279_left_flip.jpeg,1,usable
27657_left_rot90.jpeg,1,usable
5186_right_rot180.jpeg,1,usable
8499_left_flip.jpeg,1,usable
10017_left_rot90.jpeg,1,usable
32680_left_rot90.jpeg,1,usable
31608_right_rot90.jpeg,1,usable
11909_right_flip.jpeg,1,usable
21033_right_flip.jpeg,1,usable
15369_left_rot180.jpeg,1,usable
39459_left_rot270.jpeg,1,usable
19936_left_rot180.jpeg,1,usable
30133_right_rot270.jpeg,1,usable
38379_right_rot180.jpeg,1,usable
22916_left_rot90.jpeg,1,usable
4158_right_rot90.jpeg,1,usable
20452_right_flip.jpeg,1,usable
30026_right_rot270.jpeg,1,usable
14201_right_rot180.jpeg,1,usable
31967_right_rot180.jpeg,1,usable
4282_right_rot90.jpeg,1,usable
33189_right_rot180.jpeg,1,usable
4158_right_rot180.jpeg,1,usable
40354_right_rot180.jpeg,1,usable
38277_left_rot90.jpeg,1,usable
31695_right_rot180.jpeg,1,usable
26814_left_rot270.jpeg,1,usable
30307_left_rot180.jpeg,1,usable
22045_right_flip.jpeg,1,usable
35936_left_flip.jpeg,1,usable
19505_left_rot180.jpeg,1,usable
2697_left_rot180.jpeg,1,usable
39085_right_flip.jpeg,1,usable
1588_right_rot180.jpeg,1,usable
35547_left_flip.jpeg,1,usable
31841_right_rot180.jpeg,1,usable
6653_left_rot180.jpeg,1,usable
4217_right_rot180.jpeg,1,usable
9646_right_rot180.jpeg,1,usable
20196_right_rot90.jpeg,1,usable
38200_right_rot270.jpeg,1,usable
13877_right_rot180.jpeg,1,usable
12923_right_rot90.jpeg,1,usable
18534_left_flip.jpeg,1,usable
23548_left_flip.jpeg,1,usable
17698_left_flip.jpeg,1,usable
2767_right_rot270.jpeg,1,usable
27920_right_rot270.jpeg,1,usable
26519_right_rot90.jpeg,1,usable
13590_left_flip.jpeg,1,usable
44268_right_rot90.jpeg,1,usable
43466_left_rot180.jpeg,1,usable
29450_right_flip.jpeg,1,usable
39858_right_flip.jpeg,1,usable
39205_left_rot90.jpeg,1,usable
41681_left_rot90.jpeg,1,usable
7393_right_rot90.jpeg,1,usable
3080_left_rot180.jpeg,1,usable
32986_left_rot90.jpeg,1,usable
5540_right_rot270.jpeg,1,usable
26070_left_rot180.jpeg,1,usable
28864_left_rot180.jpeg,1,usable
40924_left_rot180.jpeg,1,usable
1872_right_rot180.jpeg,1,usable
11058_right_rot90.jpeg,1,usable
36860_left_rot270.jpeg,1,usable
43749_right_flip.jpeg,1,usable
17615_right_rot180.jpeg,1,usable
26997_right_rot180.jpeg,1,usable
8794_left_rot90.jpeg,1,usable
37939_right_rot90.jpeg,1,usable
37680_left_rot90.jpeg,1,usable
27746_right_rot180.jpeg,1,usable
18644_right_flip.jpeg,1,usable
16778_left_rot90.jpeg,1,usable
17362_right_rot90.jpeg,1,usable
34913_right_rot180.jpeg,1,usable
41626_right_flip.jpeg,1,usable
10437_left_rot180.jpeg,1,usable
1763_right_rot90.jpeg,1,usable
9846_left_rot180.jpeg,1,usable
27534_left_rot270.jpeg,1,usable
9640_left_rot180.jpeg,1,usable
41681_left_flip.jpeg,1,usable
1076_left_rot90.jpeg,1,usable
10643_left_rot90.jpeg,1,usable
39975_left_flip.jpeg,1,usable
34072_right_rot180.jpeg,1,usable
17106_left_rot270.jpeg,1,usable
21251_right_rot90.jpeg,1,usable
31862_left_rot180.jpeg,1,usable
26385_right_rot90.jpeg,1,usable
10384_right_flip.jpeg,1,usable
38725_left_rot180.jpeg,1,usable
40409_left_rot90.jpeg,1,usable
32986_left_flip.jpeg,1,usable
35004_right_rot270.jpeg,1,usable
26955_left_rot90.jpeg,1,usable
43603_left_rot180.jpeg,1,usable
41961_left_rot90.jpeg,1,usable
15174_right_rot270.jpeg,1,usable
37680_left_rot180.jpeg,1,usable
32001_right_rot90.jpeg,1,usable
36479_left_flip.jpeg,1,usable
27858_right_rot270.jpeg,1,usable
12305_right_rot90.jpeg,1,usable
44205_right_rot90.jpeg,1,usable
23991_left_flip.jpeg,1,usable
876_left_rot90.jpeg,1,usable
40711_right_rot270.jpeg,1,usable
38730_left_rot180.jpeg,1,usable
3896_left_flip.jpeg,1,usable
11914_right_rot90.jpeg,1,usable
8073_right_rot90.jpeg,1,usable
31891_right_rot180.jpeg,1,usable
12399_left_rot90.jpeg,1,usable
27973_left_rot90.jpeg,1,usable
9761_right_rot270.jpeg,1,usable
25890_left_rot180.jpeg,1,usable
5525_left_rot270.jpeg,1,usable
26140_left_rot270.jpeg,1,usable
40354_right_rot90.jpeg,1,usable
29754_right_rot180.jpeg,1,usable
19257_right_rot270.jpeg,1,usable
22332_right_rot90.jpeg,1,usable
42811_left_rot270.jpeg,1,usable
20200_left_rot180.jpeg,1,usable
24126_left_rot90.jpeg,1,usable
29951_right_rot180.jpeg,1,usable
7008_right_rot270.jpeg,1,usable
29846_right_flip.jpeg,1,usable
41067_right_rot90.jpeg,1,usable
30869_left_flip.jpeg,1,usable
30636_right_rot90.jpeg,1,usable
31615_left_rot180.jpeg,1,usable
34682_right_rot270.jpeg,1,usable
7139_left_rot180.jpeg,1,usable
30580_left_flip.jpeg,1,usable
37340_right_rot90.jpeg,1,usable
21769_right_rot180.jpeg,1,usable
8121_left_rot90.jpeg,1,usable
15653_left_rot90.jpeg,1,usable
9779_right_rot90.jpeg,1,usable
43036_right_rot90.jpeg,1,usable
21327_left_rot270.jpeg,1,usable
39756_left_rot180.jpeg,1,usable
24484_left_rot90.jpeg,1,usable
23704_right_rot180.jpeg,1,usable
44205_left_rot270.jpeg,1,usable
23236_right_rot90.jpeg,1,usable
37413_left_rot90.jpeg,1,usable
20321_right_flip.jpeg,1,usable
43466_left_rot270.jpeg,1,usable
29896_left_rot180.jpeg,1,usable
4764_right_flip.jpeg,1,usable
10934_left_rot180.jpeg,1,usable
24126_left_rot180.jpeg,1,usable
8993_right_rot270.jpeg,1,usable
39085_right_rot180.jpeg,1,usable
10605_right_flip.jpeg,1,usable
11026_left_rot90.jpeg,1,usable
30597_left_flip.jpeg,1,usable
28890_left_flip.jpeg,1,usable
11091_left_rot180.jpeg,1,usable
30943_right_flip.jpeg,1,usable
8699_right_rot180.jpeg,1,usable
6782_left_rot180.jpeg,1,usable
8499_left_rot270.jpeg,1,usable
4954_left_rot90.jpeg,1,usable
13099_left_rot90.jpeg,1,usable
35004_right_rot90.jpeg,1,usable
35143_left_rot90.jpeg,1,usable
35731_right_rot90.jpeg,1,usable
18440_right_rot90.jpeg,1,usable
12305_right_rot180.jpeg,1,usable
24298_right_flip.jpeg,1,usable
5647_left_rot90.jpeg,1,usable
5525_right_flip.jpeg,1,usable
10745_right_rot270.jpeg,1,usable
29412_right_rot180.jpeg,1,usable
31453_right_rot90.jpeg,1,usable
14842_right_rot180.jpeg,1,usable
35132_right_rot270.jpeg,1,usable
27365_left_flip.jpeg,1,usable
31685_right_flip.jpeg,1,usable
29057_left_flip.jpeg,1,usable
812_left_flip.jpeg,1,usable
8229_left_flip.jpeg,1,usable
22122_right_flip.jpeg,1,usable
26100_left_rot180.jpeg,1,usable
15219_left_rot90.jpeg,1,usable
20517_left_rot90.jpeg,1,usable
35232_right_rot90.jpeg,1,usable
7733_right_rot180.jpeg,1,usable
30073_right_rot180.jpeg,1,usable
26665_right_rot270.jpeg,1,usable
12666_left_flip.jpeg,1,usable
43299_right_flip.jpeg,1,usable
39917_right_flip.jpeg,1,usable
32196_right_flip.jpeg,1,usable
39739_left_rot90.jpeg,1,usable
22444_right_rot180.jpeg,1,usable
7217_right_rot90.jpeg,1,usable
17114_right_rot270.jpeg,1,usable
7859_left_rot180.jpeg,1,usable
42340_left_rot180.jpeg,1,usable
12590_right_rot270.jpeg,1,usable
15027_right_flip.jpeg,1,usable
3639_right_rot90.jpeg,1,usable
21176_left_rot270.jpeg,1,usable
43299_right_rot90.jpeg,1,usable
15027_left_rot90.jpeg,1,usable
6254_right_rot180.jpeg,1,usable
33793_left_rot180.jpeg,1,usable
41312_right_rot270.jpeg,1,usable
41145_right_flip.jpeg,1,usable
27507_right_rot90.jpeg,1,usable
2435_right_rot180.jpeg,1,usable
30923_right_rot180.jpeg,1,usable
47_right_rot270.jpeg,1,usable
43317_right_rot180.jpeg,1,usable
6970_right_rot180.jpeg,1,usable
9233_left_rot180.jpeg,1,usable
1102_left_rot90.jpeg,1,usable
20468_left_rot90.jpeg,1,usable
20831_right_flip.jpeg,1,usable
3320_right_rot270.jpeg,1,usable
7448_right_rot180.jpeg,1,usable
33456_left_rot90.jpeg,1,usable
30996_right_rot180.jpeg,1,usable
6653_left_rot270.jpeg,1,usable
18372_left_rot270.jpeg,1,usable
8096_right_flip.jpeg,1,usable
21327_left_flip.jpeg,1,usable
3896_left_rot90.jpeg,1,usable
17974_left_rot180.jpeg,1,usable
37387_right_rot90.jpeg,1,usable
2712_left_rot270.jpeg,1,usable
17114_right_flip.jpeg,1,usable
5291_right_rot270.jpeg,1,usable
44093_right_rot180.jpeg,1,usable
1947_right_rot90.jpeg,1,usable
3080_left_rot270.jpeg,1,usable
27534_left_rot180.jpeg,1,usable
17915_left_rot270.jpeg,1,usable
16138_left_rot90.jpeg,1,usable
44056_left_flip.jpeg,1,usable
1955_left_rot270.jpeg,1,usable
7329_left_rot270.jpeg,1,usable
34648_right_rot180.jpeg,1,usable
41606_right_rot180.jpeg,1,usable
18696_left_rot90.jpeg,1,usable
30205_left_flip.jpeg,1,usable
24484_left_rot270.jpeg,1,usable
9082_right_rot270.jpeg,1,usable
15863_left_flip.jpeg,1,usable
13833_right_rot180.jpeg,1,usable
25955_left_rot180.jpeg,1,usable
44056_left_rot180.jpeg,1,usable
28901_right_rot270.jpeg,1,usable
3908_right_rot270.jpeg,1,usable
11301_left_rot90.jpeg,1,usable
40409_left_flip.jpeg,1,usable
4090_right_rot270.jpeg,1,usable
29474_left_rot180.jpeg,1,usable
941_right_rot90.jpeg,1,usable
7842_left_rot90.jpeg,1,usable
7311_right_flip.jpeg,1,usable
35283_left_rot90.jpeg,1,usable
9001_left_rot90.jpeg,1,usable
27499_right_rot180.jpeg,1,usable
27576_left_rot270.jpeg,1,usable
21675_right_rot90.jpeg,1,usable
5793_right_rot270.jpeg,1,usable
35504_left_rot270.jpeg,1,usable
7265_left_rot180.jpeg,1,usable
5807_left_rot270.jpeg,1,usable
30099_right_flip.jpeg,1,usable
8390_right_rot270.jpeg,1,usable
6801_left_flip.jpeg,1,usable
9807_left_flip.jpeg,1,usable
9180_left_rot180.jpeg,1,usable
20896_left_rot90.jpeg,1,usable
17486_left_flip.jpeg,1,usable
42970_left_rot90.jpeg,1,usable
7425_left_rot180.jpeg,1,usable
21834_left_rot180.jpeg,1,usable
8190_right_rot180.jpeg,1,usable
26240_right_rot180.jpeg,1,usable
18045_left_flip.jpeg,1,usable
9396_left_flip.jpeg,1,usable
33626_left_flip.jpeg,1,usable
25296_right_flip.jpeg,1,usable
28618_left_rot180.jpeg,1,usable
32483_left_rot270.jpeg,1,usable
2071_right_flip.jpeg,1,usable
3938_left_flip.jpeg,1,usable
40408_right_flip.jpeg,1,usable
28795_left_flip.jpeg,1,usable
16497_right_rot180.jpeg,1,usable
9266_right_flip.jpeg,1,usable
34449_right_rot180.jpeg,1,usable
9412_right_rot180.jpeg,1,usable
27188_left_rot270.jpeg,1,usable
22480_right_rot270.jpeg,1,usable
8408_right_flip.jpeg,1,usable
2372_right_rot90.jpeg,1,usable
9412_right_flip.jpeg,1,usable
6190_left_rot270.jpeg,1,usable
12870_left_flip.jpeg,1,usable
18443_left_rot90.jpeg,1,usable
15515_right_rot180.jpeg,1,usable
19346_left_rot180.jpeg,1,usable
27973_left_rot180.jpeg,1,usable
23236_right_rot180.jpeg,1,usable
35112_right_flip.jpeg,1,usable
29608_right_rot270.jpeg,1,usable
25763_left_rot270.jpeg,1,usable
32454_right_flip.jpeg,1,usable
1550_left_rot90.jpeg,1,usable
17561_right_rot270.jpeg,1,usable
986_right_rot270.jpeg,1,usable
27858_right_flip.jpeg,1,usable
12923_right_rot270.jpeg,1,usable
38727_left_rot180.jpeg,1,usable
28424_left_flip.jpeg,1,usable
2174_right_rot180.jpeg,1,usable
34697_left_rot180.jpeg,1,usable
18706_right_rot180.jpeg,1,usable
43753_left_flip.jpeg,1,usable
11661_left_rot180.jpeg,1,usable
4077_left_rot180.jpeg,1,usable
36739_left_flip.jpeg,1,usable
2071_left_flip.jpeg,1,usable
33912_left_flip.jpeg,1,usable
18880_right_rot180.jpeg,1,usable
10864_right_rot270.jpeg,1,usable
34794_left_flip.jpeg,1,usable
42386_left_flip.jpeg,1,usable
52_left_rot90.jpeg,1,usable
22480_right_rot90.jpeg,1,usable
18815_right_rot180.jpeg,1,usable
15584_left_flip.jpeg,1,usable
31950_right_rot270.jpeg,1,usable
16047_left_rot180.jpeg,1,usable
42919_left_flip.jpeg,1,usable
35979_left_flip.jpeg,1,usable
43196_left_rot90.jpeg,1,usable
39809_left_flip.jpeg,1,usable
12590_right_rot90.jpeg,1,usable
32896_left_rot90.jpeg,1,usable
12104_left_rot90.jpeg,1,usable
12490_left_flip.jpeg,1,usable
26801_right_rot90.jpeg,1,usable
6840_left_rot270.jpeg,1,usable
10592_right_rot270.jpeg,1,usable
316_right_flip.jpeg,1,usable
17477_right_rot90.jpeg,1,usable
26392_right_rot180.jpeg,1,usable
12490_left_rot270.jpeg,1,usable
30069_left_flip.jpeg,1,usable
14570_left_rot90.jpeg,1,usable
32015_left_rot180.jpeg,1,usable
21540_right_rot90.jpeg,1,usable
31814_left_rot270.jpeg,1,usable
37769_right_rot180.jpeg,1,usable
5930_left_rot180.jpeg,1,usable
35132_right_rot180.jpeg,1,usable
13312_left_flip.jpeg,1,usable
28340_left_flip.jpeg,1,usable
27353_right_rot90.jpeg,1,usable
4676_right_rot270.jpeg,1,usable
28840_left_rot180.jpeg,1,usable
34304_left_rot270.jpeg,1,usable
23647_left_rot180.jpeg,1,usable
32690_left_rot90.jpeg,1,usable
17114_left_rot270.jpeg,1,usable
15563_left_rot270.jpeg,1,usable
28380_right_flip.jpeg,1,usable
19472_left_rot180.jpeg,1,usable
5814_right_rot270.jpeg,1,usable
15011_left_rot270.jpeg,1,usable
41899_right_rot90.jpeg,1,usable
26856_left_rot270.jpeg,1,usable
8222_left_rot270.jpeg,1,usable
10147_right_rot180.jpeg,1,usable
27374_left_rot90.jpeg,1,usable
28246_left_rot270.jpeg,1,usable
20179_right_rot270.jpeg,1,usable
34889_left_rot180.jpeg,1,usable
34648_right_rot90.jpeg,1,usable
14481_left_flip.jpeg,1,usable
38478_left_rot180.jpeg,1,usable
21769_right_rot270.jpeg,1,usable
10963_left_rot90.jpeg,1,usable
762_right_rot90.jpeg,1,usable
37413_left_rot180.jpeg,1,usable
34436_left_rot90.jpeg,1,usable
12739_left_rot180.jpeg,1,usable
39652_left_rot180.jpeg,1,usable
19014_left_rot90.jpeg,1,usable
25816_right_rot180.jpeg,1,usable
839_left_rot180.jpeg,1,usable
21027_right_rot90.jpeg,1,usable
27466_left_rot180.jpeg,1,usable
10942_right_rot270.jpeg,1,usable
14074_right_rot270.jpeg,1,usable
8682_left_rot90.jpeg,1,usable
30580_left_rot270.jpeg,1,usable
35575_right_flip.jpeg,1,usable
14336_left_rot180.jpeg,1,usable
21189_left_rot180.jpeg,1,usable
14530_left_rot180.jpeg,1,usable
8358_left_rot180.jpeg,1,usable
41899_right_flip.jpeg,1,usable
9640_left_rot270.jpeg,1,usable
11032_left_rot90.jpeg,1,usable
22439_right_rot180.jpeg,1,usable
40552_left_rot90.jpeg,1,usable
43196_left_flip.jpeg,1,usable
6217_left_flip.jpeg,1,usable
23598_left_flip.jpeg,1,usable
14530_left_flip.jpeg,1,usable
2000_left_flip.jpeg,1,usable
28458_left_rot180.jpeg,1,usable
30722_right_flip.jpeg,1,usable
219_right_rot270.jpeg,1,usable
43802_right_rot180.jpeg,1,usable
24222_right_rot270.jpeg,1,usable
23949_right_rot180.jpeg,1,usable
26365_left_flip.jpeg,1,usable
42364_right_flip.jpeg,1,usable
5781_right_rot180.jpeg,1,usable
20831_right_rot90.jpeg,1,usable
19060_right_rot90.jpeg,1,usable
4421_left_rot90.jpeg,1,usable
20666_left_rot90.jpeg,1,usable
1302_left_rot180.jpeg,1,usable
8229_left_rot270.jpeg,1,usable
6302_left_rot90.jpeg,1,usable
34223_left_rot180.jpeg,1,usable
13196_left_rot270.jpeg,1,usable
23851_right_flip.jpeg,1,usable
31816_left_flip.jpeg,1,usable
4065_right_rot90.jpeg,1,usable
27504_right_rot270.jpeg,1,usable
26274_right_rot270.jpeg,1,usable
8798_left_rot180.jpeg,1,usable
14570_left_rot270.jpeg,1,usable
41067_left_rot90.jpeg,1,usable
21965_left_flip.jpeg,1,usable
32796_left_rot270.jpeg,1,usable
20353_right_flip.jpeg,1,usable
42843_right_rot180.jpeg,1,usable
36929_left_rot270.jpeg,1,usable
22107_right_rot270.jpeg,1,usable
39858_right_rot180.jpeg,1,usable
18732_right_rot270.jpeg,1,usable
39144_right_rot180.jpeg,1,usable
6217_left_rot180.jpeg,1,usable
20893_right_rot180.jpeg,1,usable
17751_left_flip.jpeg,1,usable
41312_right_rot180.jpeg,1,usable
1777_left_rot270.jpeg,1,usable
16047_left_rot270.jpeg,1,usable
39743_left_rot90.jpeg,1,usable
4077_left_flip.jpeg,1,usable
8360_left_rot270.jpeg,1,usable
37387_left_rot270.jpeg,1,usable
37938_left_rot270.jpeg,1,usable
19896_right_flip.jpeg,1,usable
16191_left_rot90.jpeg,1,usable
15859_left_rot270.jpeg,1,usable
18546_left_rot90.jpeg,1,usable
4282_right_rot180.jpeg,1,usable
2701_right_rot90.jpeg,1,usable
25407_left_rot90.jpeg,1,usable
19149_right_rot90.jpeg,1,usable
12256_left_flip.jpeg,1,usable
25091_right_flip.jpeg,1,usable
28840_left_flip.jpeg,1,usable
21618_left_flip.jpeg,1,usable
1454_left_rot180.jpeg,1,usable
16543_right_flip.jpeg,1,usable
28650_left_rot90.jpeg,1,usable
5930_left_rot90.jpeg,1,usable
21580_right_flip.jpeg,1,usable
18493_left_rot270.jpeg,1,usable
15711_right_flip.jpeg,1,usable
20819_left_rot90.jpeg,1,usable
38727_left_flip.jpeg,1,usable
8484_left_rot90.jpeg,1,usable
2712_right_rot180.jpeg,1,usable
23715_left_rot180.jpeg,1,usable
12382_right_rot90.jpeg,1,usable
38725_left_rot90.jpeg,1,usable
29846_right_rot180.jpeg,1,usable
26447_right_flip.jpeg,1,usable
27225_right_rot180.jpeg,1,usable
34697_right_rot270.jpeg,1,usable
5501_left_rot270.jpeg,1,usable
11974_right_rot270.jpeg,1,usable
32600_right_flip.jpeg,1,usable
23853_left_rot90.jpeg,1,usable
26467_right_rot90.jpeg,1,usable
25175_right_rot270.jpeg,1,usable
43601_left_rot90.jpeg,1,usable
27507_right_rot270.jpeg,1,usable
1302_left_flip.jpeg,1,usable
32159_left_rot90.jpeg,1,usable
17925_left_flip.jpeg,1,usable
27086_left_rot90.jpeg,1,usable
9670_left_rot90.jpeg,1,usable
25154_right_rot270.jpeg,1,usable
17040_left_rot180.jpeg,1,usable
21033_right_rot90.jpeg,1,usable
15595_left_rot270.jpeg,1,usable
33447_left_rot270.jpeg,1,usable
11123_right_rot180.jpeg,1,usable
27436_right_rot270.jpeg,1,usable
29372_right_rot90.jpeg,1,usable
32072_right_rot90.jpeg,1,usable
42235_right_flip.jpeg,1,usable
18163_right_rot270.jpeg,1,usable
19521_left_rot90.jpeg,1,usable
32430_right_rot180.jpeg,1,usable
32442_left_rot270.jpeg,1,usable
25989_left_rot270.jpeg,1,usable
31044_right_rot270.jpeg,1,usable
3914_left_flip.jpeg,1,usable
9846_left_rot90.jpeg,1,usable
5332_left_rot270.jpeg,1,usable
40520_left_flip.jpeg,1,usable
20590_left_rot180.jpeg,1,usable
18175_left_flip.jpeg,1,usable
35992_left_rot180.jpeg,1,usable
3779_right_rot180.jpeg,1,usable
29909_right_rot270.jpeg,1,usable
3317_left_rot90.jpeg,1,usable
31446_left_flip.jpeg,1,usable
11946_left_rot90.jpeg,1,usable
2174_right_rot270.jpeg,1,usable
41899_right_rot180.jpeg,1,usable
31448_left_rot180.jpeg,1,usable
1100_left_rot270.jpeg,1,usable
23902_left_flip.jpeg,1,usable
31050_left_rot270.jpeg,1,usable
21835_left_rot270.jpeg,1,usable
1395_right_rot270.jpeg,1,usable
29577_left_rot180.jpeg,1,usable
13220_right_flip.jpeg,1,usable
43584_right_rot270.jpeg,1,usable
27576_left_rot90.jpeg,1,usable
30909_right_rot180.jpeg,1,usable
7063_left_rot180.jpeg,1,usable
29574_left_flip.jpeg,1,usable
44330_right_rot90.jpeg,1,usable
16460_left_rot270.jpeg,1,usable
12646_right_rot90.jpeg,1,usable
28734_left_rot270.jpeg,1,usable
11940_left_rot180.jpeg,1,usable
25331_right_rot90.jpeg,1,usable
11222_right_rot90.jpeg,1,usable
1100_right_flip.jpeg,1,usable
2962_left_rot270.jpeg,1,usable
12399_left_rot180.jpeg,1,usable
24263_right_rot270.jpeg,1,usable
37763_right_flip.jpeg,1,usable
3723_right_flip.jpeg,1,usable
32782_left_flip.jpeg,1,usable
18874_right_rot180.jpeg,1,usable
2880_left_flip.jpeg,1,usable
10568_left_rot90.jpeg,1,usable
10614_right_rot180.jpeg,1,usable
9266_left_flip.jpeg,1,usable
23904_left_rot270.jpeg,1,usable
8682_left_flip.jpeg,1,usable
34029_left_rot180.jpeg,1,usable
15646_right_rot90.jpeg,1,usable
38434_left_rot270.jpeg,1,usable
23236_left_rot270.jpeg,1,usable
1749_right_rot270.jpeg,1,usable
25296_right_rot90.jpeg,1,usable
22444_right_rot90.jpeg,1,usable
2911_right_rot270.jpeg,1,usable
1188_left_rot270.jpeg,1,usable
2911_right_flip.jpeg,1,usable
7520_left_rot90.jpeg,1,usable
22332_right_flip.jpeg,1,usable
37387_right_rot270.jpeg,1,usable
18902_right_rot90.jpeg,1,usable
21205_left_flip.jpeg,1,usable
21079_right_flip.jpeg,1,usable
37587_left_rot90.jpeg,1,usable
9282_left_rot90.jpeg,1,usable
29097_left_rot180.jpeg,1,usable
13942_right_rot180.jpeg,1,usable
190_left_rot180.jpeg,1,usable
39367_right_rot90.jpeg,1,usable
20797_right_flip.jpeg,1,usable
2246_right_rot180.jpeg,1,usable
18706_right_rot90.jpeg,1,usable
17179_left_rot90.jpeg,1,usable
4121_right_flip.jpeg,1,usable
27810_left_rot180.jpeg,1,usable
23974_left_rot180.jpeg,1,usable
26144_right_rot270.jpeg,1,usable
33912_left_rot270.jpeg,1,usable
18440_right_rot180.jpeg,1,usable
7948_left_flip.jpeg,1,usable
31099_right_rot180.jpeg,1,usable
37407_left_rot270.jpeg,1,usable
19549_right_rot270.jpeg,1,usable
52_right_flip.jpeg,1,usable
24704_right_rot270.jpeg,1,usable
22017_right_flip.jpeg,1,usable
27845_right_rot90.jpeg,1,usable
18010_left_rot270.jpeg,1,usable
9628_right_rot180.jpeg,1,usable
35112_right_rot90.jpeg,1,usable
34334_right_rot270.jpeg,1,usable
34648_right_rot270.jpeg,1,usable
20251_right_rot270.jpeg,1,usable
19936_right_rot180.jpeg,1,usable
21269_right_rot90.jpeg,1,usable
37169_left_flip.jpeg,1,usable
35575_right_rot180.jpeg,1,usable
4571_left_rot180.jpeg,1,usable
863_left_rot270.jpeg,1,usable
18346_right_rot180.jpeg,1,usable
7335_left_rot270.jpeg,1,usable
3932_right_rot180.jpeg,1,usable
16818_right_rot270.jpeg,1,usable
36747_right_rot180.jpeg,1,usable
37624_right_rot180.jpeg,1,usable
22107_right_rot180.jpeg,1,usable
31453_right_rot180.jpeg,1,usable
23715_right_rot180.jpeg,1,usable
24460_right_rot90.jpeg,1,usable
21206_left_flip.jpeg,1,usable
13344_right_rot180.jpeg,1,usable
9535_left_flip.jpeg,1,usable
30077_left_rot90.jpeg,1,usable
8062_right_rot180.jpeg,1,usable
32496_left_rot180.jpeg,1,usable
20321_right_rot90.jpeg,1,usable
1947_right_rot270.jpeg,1,usable
23095_right_rot270.jpeg,1,usable
43563_right_rot270.jpeg,1,usable
32842_left_rot270.jpeg,1,usable
5065_left_rot180.jpeg,1,usable
38994_left_rot180.jpeg,1,usable
20896_left_rot180.jpeg,1,usable
16191_left_rot180.jpeg,1,usable
29372_right_rot270.jpeg,1,usable
32564_left_flip.jpeg,1,usable
17040_left_rot270.jpeg,1,usable
5911_left_flip.jpeg,1,usable
20145_left_rot180.jpeg,1,usable
21700_left_rot270.jpeg,1,usable
43186_left_rot180.jpeg,1,usable
2015_right_rot90.jpeg,1,usable
31862_left_flip.jpeg,1,usable
4065_right_rot180.jpeg,1,usable
23614_left_rot180.jpeg,1,usable
14424_left_rot270.jpeg,1,usable
11120_right_flip.jpeg,1,usable
1667_left_rot90.jpeg,1,usable
16408_left_rot180.jpeg,1,usable
5500_left_rot270.jpeg,1,usable
30513_right_rot90.jpeg,1,usable
26543_left_rot270.jpeg,1,usable
34648_right_flip.jpeg,1,usable
33725_right_rot180.jpeg,1,usable
20319_right_rot90.jpeg,1,usable
4048_right_rot180.jpeg,1,usable
43373_right_flip.jpeg,1,usable
17295_right_flip.jpeg,1,usable
9906_right_rot270.jpeg,1,usable
7404_right_rot90.jpeg,1,usable
34138_right_rot180.jpeg,1,usable
24523_left_flip.jpeg,1,usable
31519_right_rot180.jpeg,1,usable
8121_left_rot180.jpeg,1,usable
26814_right_rot180.jpeg,1,usable
2550_left_rot90.jpeg,1,usable
13846_right_rot270.jpeg,1,usable
8767_left_rot90.jpeg,1,usable
1777_left_flip.jpeg,1,usable
42914_right_rot270.jpeg,1,usable
44218_right_rot270.jpeg,1,usable
31950_right_rot90.jpeg,1,usable
28660_left_rot270.jpeg,1,usable
2071_left_rot270.jpeg,1,usable
5890_right_rot180.jpeg,1,usable
44093_right_rot270.jpeg,1,usable
26801_right_flip.jpeg,1,usable
26784_right_flip.jpeg,1,usable
18194_left_rot180.jpeg,1,usable
41298_left_rot90.jpeg,1,usable
30077_left_rot270.jpeg,1,usable
16408_left_rot90.jpeg,1,usable
14916_left_rot180.jpeg,1,usable
40912_left_rot90.jpeg,1,usable
18644_right_rot270.jpeg,1,usable
8424_left_rot90.jpeg,1,usable
15926_left_rot270.jpeg,1,usable
32001_right_flip.jpeg,1,usable
42819_left_rot90.jpeg,1,usable
10181_right_rot270.jpeg,1,usable
16534_left_flip.jpeg,1,usable
34242_right_rot90.jpeg,1,usable
40052_left_rot270.jpeg,1,usable
29620_right_rot90.jpeg,1,usable
28098_right_rot270.jpeg,1,usable
25303_left_rot180.jpeg,1,usable
24126_left_flip.jpeg,1,usable
20670_left_rot270.jpeg,1,usable
21190_right_rot90.jpeg,1,usable
9794_left_rot90.jpeg,1,usable
16550_left_rot90.jpeg,1,usable
3914_right_rot90.jpeg,1,usable
26669_left_rot270.jpeg,1,usable
15014_right_rot90.jpeg,1,usable
18372_left_flip.jpeg,1,usable
35890_left_rot90.jpeg,1,usable
40821_right_rot90.jpeg,1,usable
25801_right_flip.jpeg,1,usable
34221_right_rot180.jpeg,1,usable
15553_left_rot270.jpeg,1,usable
30869_left_rot90.jpeg,1,usable
20799_right_flip.jpeg,1,usable
12490_left_rot90.jpeg,1,usable
5890_right_rot90.jpeg,1,usable
42382_right_flip.jpeg,1,usable
10295_left_rot90.jpeg,1,usable
34636_right_rot270.jpeg,1,usable
33358_right_rot270.jpeg,1,usable
38622_left_flip.jpeg,1,usable
22017_right_rot90.jpeg,1,usable
28734_left_rot90.jpeg,1,usable
8968_right_flip.jpeg,1,usable
876_right_rot90.jpeg,1,usable
13390_right_flip.jpeg,1,usable
5781_right_rot90.jpeg,1,usable
1588_right_rot270.jpeg,1,usable
41085_right_flip.jpeg,1,usable
24457_left_flip.jpeg,1,usable
8477_right_rot90.jpeg,1,usable
15563_left_rot180.jpeg,1,usable
25303_left_flip.jpeg,1,usable
4065_left_rot180.jpeg,1,usable
39298_left_rot270.jpeg,1,usable
22349_left_rot270.jpeg,1,usable
30971_right_rot90.jpeg,1,usable
38522_left_flip.jpeg,1,usable
52_right_rot90.jpeg,1,usable
26005_right_rot270.jpeg,1,usable
34496_left_rot180.jpeg,1,usable
8358_left_flip.jpeg,1,usable
39367_right_rot180.jpeg,1,usable
38972_right_rot180.jpeg,1,usable
34334_right_flip.jpeg,1,usable
33226_right_rot270.jpeg,1,usable
5257_right_rot90.jpeg,1,usable
36130_right_rot270.jpeg,1,usable
39287_left_rot90.jpeg,1,usable
11163_right_rot270.jpeg,1,usable
42422_right_flip.jpeg,1,usable
42530_left_rot90.jpeg,1,usable
35254_right_rot90.jpeg,1,usable
18367_left_rot270.jpeg,1,usable
5291_right_flip.jpeg,1,usable
4071_left_flip.jpeg,1,usable
9478_right_flip.jpeg,1,usable
17183_right_flip.jpeg,1,usable
9547_right_rot90.jpeg,1,usable
8229_left_rot180.jpeg,1,usable
34011_left_rot90.jpeg,1,usable
26684_left_rot90.jpeg,1,usable
11058_right_rot180.jpeg,1,usable
28246_left_rot90.jpeg,1,usable
21269_right_rot270.jpeg,1,usable
9282_left_rot180.jpeg,1,usable
384_left_rot270.jpeg,1,usable
14026_right_rot270.jpeg,1,usable
38478_left_rot90.jpeg,1,usable
28318_right_rot270.jpeg,1,usable
25080_right_rot270.jpeg,1,usable
12945_left_flip.jpeg,1,usable
25969_left_flip.jpeg,1,usable
19149_left_rot90.jpeg,1,usable
39858_right_rot270.jpeg,1,usable
25751_right_rot180.jpeg,1,usable
21429_left_rot90.jpeg,1,usable
20468_left_rot180.jpeg,1,usable
29702_left_flip.jpeg,1,usable
15480_right_rot90.jpeg,1,usable
31777_right_rot270.jpeg,1,usable
876_right_flip.jpeg,1,usable
31099_right_rot90.jpeg,1,usable
31462_right_rot270.jpeg,1,usable
13015_left_rot270.jpeg,1,usable
41525_right_rot270.jpeg,1,usable
21741_right_rot180.jpeg,1,usable
27436_right_rot180.jpeg,1,usable
30913_right_rot90.jpeg,1,usable
26396_right_rot90.jpeg,1,usable
5336_right_rot270.jpeg,1,usable
19043_left_flip.jpeg,1,usable
3317_left_rot180.jpeg,1,usable
25467_left_rot180.jpeg,1,usable
17121_right_rot180.jpeg,1,usable
20104_right_flip.jpeg,1,usable
21563_right_rot270.jpeg,1,usable
28864_left_flip.jpeg,1,usable
28098_right_rot180.jpeg,1,usable
43005_right_rot90.jpeg,1,usable
28898_right_rot270.jpeg,1,usable
16197_left_flip.jpeg,1,usable
12018_left_rot270.jpeg,1,usable
30163_right_rot270.jpeg,1,usable
18902_right_flip.jpeg,1,usable
16534_left_rot180.jpeg,1,usable
10745_right_flip.jpeg,1,usable
21793_right_rot90.jpeg,1,usable
25091_left_flip.jpeg,1,usable
38727_left_rot90.jpeg,1,usable
431_right_rot270.jpeg,1,usable
42970_left_rot180.jpeg,1,usable
192_left_flip.jpeg,1,usable
32773_left_flip.jpeg,1,usable
6638_left_rot180.jpeg,1,usable
21079_right_rot180.jpeg,1,usable
8655_right_rot270.jpeg,1,usable
32721_left_rot270.jpeg,1,usable
29620_left_rot180.jpeg,1,usable
37387_left_rot180.jpeg,1,usable
12870_left_rot270.jpeg,1,usable
16635_right_rot270.jpeg,1,usable
4972_right_rot270.jpeg,1,usable
15788_left_rot180.jpeg,1,usable
9626_left_rot270.jpeg,1,usable
8361_right_rot270.jpeg,1,usable
7404_right_rot270.jpeg,1,usable
6254_right_rot270.jpeg,1,usable
23746_right_rot270.jpeg,1,usable
990_left_rot180.jpeg,1,usable
3144_right_rot180.jpeg,1,usable
34203_right_rot270.jpeg,1,usable
35119_right_flip.jpeg,1,usable
13214_right_flip.jpeg,1,usable
32896_left_flip.jpeg,1,usable
26801_right_rot180.jpeg,1,usable
39674_left_flip.jpeg,1,usable
11244_left_rot270.jpeg,1,usable
14202_left_flip.jpeg,1,usable
42871_left_rot90.jpeg,1,usable
11270_right_rot270.jpeg,1,usable
2710_left_rot270.jpeg,1,usable
14940_right_rot180.jpeg,1,usable
32971_right_rot180.jpeg,1,usable
11056_right_rot90.jpeg,1,usable
10134_left_rot180.jpeg,1,usable
28901_left_rot270.jpeg,1,usable
23949_right_rot90.jpeg,1,usable
22045_right_rot90.jpeg,1,usable
18546_left_flip.jpeg,1,usable
2818_left_rot180.jpeg,1,usable
1222_right_rot180.jpeg,1,usable
21580_right_rot270.jpeg,1,usable
39679_right_rot90.jpeg,1,usable
9547_right_rot180.jpeg,1,usable
35318_left_rot180.jpeg,1,usable
27039_right_rot270.jpeg,1,usable
43334_right_rot180.jpeg,1,usable
20670_left_rot180.jpeg,1,usable
17183_right_rot180.jpeg,1,usable
16138_left_flip.jpeg,1,usable
35638_left_rot180.jpeg,1,usable
23974_left_rot270.jpeg,1,usable
29492_right_rot270.jpeg,1,usable
37728_left_rot180.jpeg,1,usable
21073_left_rot270.jpeg,1,usable
36085_right_rot180.jpeg,1,usable
15480_right_rot180.jpeg,1,usable
39809_left_rot180.jpeg,1,usable
26707_right_rot90.jpeg,1,usable
2697_right_rot180.jpeg,1,usable
6506_right_flip.jpeg,1,usable
4954_left_rot180.jpeg,1,usable
38887_right_rot90.jpeg,1,usable
876_right_rot270.jpeg,1,usable
24993_right_rot270.jpeg,1,usable
31596_left_rot90.jpeg,1,usable
41145_right_rot90.jpeg,1,usable
4805_right_rot270.jpeg,1,usable
39367_right_rot270.jpeg,1,usable
19766_right_flip.jpeg,1,usable
6080_left_flip.jpeg,1,usable
32686_left_rot270.jpeg,1,usable
7008_right_flip.jpeg,1,usable
6001_left_rot270.jpeg,1,usable
17272_left_rot180.jpeg,1,usable
28614_left_rot180.jpeg,1,usable
13015_left_rot180.jpeg,1,usable
10321_right_rot270.jpeg,1,usable
16802_left_rot270.jpeg,1,usable
11301_left_flip.jpeg,1,usable
7527_right_rot90.jpeg,1,usable
38556_right_rot270.jpeg,1,usable
34098_left_rot90.jpeg,1,usable
17295_right_rot180.jpeg,1,usable
20412_left_rot270.jpeg,1,usable
10592_right_flip.jpeg,1,usable
15553_left_flip.jpeg,1,usable
11091_left_flip.jpeg,1,usable
13942_right_rot270.jpeg,1,usable
8388_right_rot270.jpeg,1,usable
21027_right_rot180.jpeg,1,usable
27858_right_rot90.jpeg,1,usable
16550_left_rot180.jpeg,1,usable
27365_left_rot270.jpeg,1,usable
37763_right_rot180.jpeg,1,usable
32603_right_rot90.jpeg,1,usable
37040_left_rot270.jpeg,1,usable
19257_right_rot90.jpeg,1,usable
19223_right_rot180.jpeg,1,usable
43255_left_rot90.jpeg,1,usable
39544_right_rot90.jpeg,1,usable
34098_left_flip.jpeg,1,usable
38332_right_flip.jpeg,1,usable
14940_right_rot90.jpeg,1,usable
21189_right_rot180.jpeg,1,usable
18163_right_rot180.jpeg,1,usable
16114_left_rot270.jpeg,1,usable
8408_right_rot90.jpeg,1,usable
23739_left_rot90.jpeg,1,usable
1749_right_rot180.jpeg,1,usable
20797_right_rot270.jpeg,1,usable
37938_left_rot90.jpeg,1,usable
19641_right_flip.jpeg,1,usable
34072_right_rot90.jpeg,1,usable
178_left_rot270.jpeg,1,usable
32796_left_rot90.jpeg,1,usable
24704_right_flip.jpeg,1,usable
7217_left_rot90.jpeg,1,usable
9233_right_flip.jpeg,1,usable
3932_right_rot270.jpeg,1,usable
24658_right_rot90.jpeg,1,usable
22853_right_rot90.jpeg,1,usable
25120_right_flip.jpeg,1,usable
31136_left_rot180.jpeg,1,usable
2399_left_flip.jpeg,1,usable
40473_left_rot270.jpeg,1,usable
22330_left_rot180.jpeg,1,usable
30945_right_rot180.jpeg,1,usable
6840_left_flip.jpeg,1,usable
18493_left_rot90.jpeg,1,usable
7487_left_rot270.jpeg,1,usable
36199_right_rot90.jpeg,1,usable
26071_left_rot270.jpeg,1,usable
18995_right_flip.jpeg,1,usable
28375_right_flip.jpeg,1,usable
3673_left_rot90.jpeg,1,usable
43420_left_rot270.jpeg,1,usable
42689_right_rot270.jpeg,1,usable
35575_right_rot270.jpeg,1,usable
12214_right_rot180.jpeg,1,usable
38030_right_flip.jpeg,1,usable
8565_left_rot90.jpeg,1,usable
9670_left_rot270.jpeg,1,usable
4158_right_flip.jpeg,1,usable
5752_right_rot90.jpeg,1,usable
20200_left_flip.jpeg,1,usable
25679_left_rot180.jpeg,1,usable
12382_right_flip.jpeg,1,usable
17779_right_rot180.jpeg,1,usable
23381_left_rot270.jpeg,1,usable
1588_right_flip.jpeg,1,usable
26100_left_rot90.jpeg,1,usable
29909_right_rot180.jpeg,1,usable
18696_right_rot90.jpeg,1,usable
37951_left_rot90.jpeg,1,usable
8655_right_flip.jpeg,1,usable
40787_left_rot270.jpeg,1,usable
20893_right_flip.jpeg,1,usable
31955_right_rot180.jpeg,1,usable
30597_left_rot180.jpeg,1,usable
26705_left_rot90.jpeg,1,usable
15011_left_rot90.jpeg,1,usable
20111_left_rot270.jpeg,1,usable
19114_right_rot180.jpeg,1,usable
22491_right_rot180.jpeg,1,usable
43501_left_rot90.jpeg,1,usable
4421_left_rot180.jpeg,1,usable
25479_left_rot270.jpeg,1,usable
14416_left_rot90.jpeg,1,usable
5500_left_rot180.jpeg,1,usable
10974_right_rot90.jpeg,1,usable
2605_left_rot180.jpeg,1,usable
38676_left_flip.jpeg,1,usable
39993_right_flip.jpeg,1,usable
19935_left_rot90.jpeg,1,usable
8484_right_flip.jpeg,1,usable
20321_left_rot270.jpeg,1,usable
1985_right_rot90.jpeg,1,usable
16802_left_flip.jpeg,1,usable
37875_right_rot270.jpeg,1,usable
20517_left_rot180.jpeg,1,usable
15926_left_rot180.jpeg,1,usable
25907_left_rot90.jpeg,1,usable
26070_left_flip.jpeg,1,usable
11937_left_flip.jpeg,1,usable
25407_left_flip.jpeg,1,usable
41067_left_rot180.jpeg,1,usable
24297_left_rot90.jpeg,1,usable
31841_right_flip.jpeg,1,usable
14444_right_flip.jpeg,1,usable
28318_left_rot180.jpeg,1,usable
15027_left_flip.jpeg,1,usable
21814_right_rot90.jpeg,1,usable
35067_left_rot90.jpeg,1,usable
163_right_rot90.jpeg,1,usable
11091_left_rot270.jpeg,1,usable
6254_right_flip.jpeg,1,usable
25907_right_rot180.jpeg,1,usable
15874_left_rot90.jpeg,1,usable
8361_right_flip.jpeg,1,usable
6855_right_rot90.jpeg,1,usable
8222_left_rot180.jpeg,1,usable
5793_right_rot180.jpeg,1,usable
26519_right_flip.jpeg,1,usable
21079_left_rot90.jpeg,1,usable
32186_left_rot90.jpeg,1,usable
28318_left_rot90.jpeg,1,usable
37958_left_rot180.jpeg,1,usable
18696_left_rot180.jpeg,1,usable
5647_left_flip.jpeg,1,usable
23236_right_rot270.jpeg,1,usable
33189_right_rot270.jpeg,1,usable
3932_left_rot90.jpeg,1,usable
33283_right_rot270.jpeg,1,usable
35931_left_rot180.jpeg,1,usable
3908_right_rot180.jpeg,1,usable
8795_right_rot270.jpeg,1,usable
42488_right_flip.jpeg,1,usable
9313_right_rot180.jpeg,1,usable
3723_right_rot180.jpeg,1,usable
29620_right_rot180.jpeg,1,usable
23249_left_rot270.jpeg,1,usable
12325_left_flip.jpeg,1,usable
27827_right_rot90.jpeg,1,usable
20196_right_rot270.jpeg,1,usable
9098_left_flip.jpeg,1,usable
32603_right_rot180.jpeg,1,usable
33422_right_flip.jpeg,1,usable
2246_right_rot90.jpeg,1,usable
4563_right_rot180.jpeg,1,usable
21257_right_rot90.jpeg,1,usable
37369_right_rot270.jpeg,1,usable
19505_right_rot270.jpeg,1,usable
22904_right_rot90.jpeg,1,usable
11624_left_rot180.jpeg,1,usable
24297_left_flip.jpeg,1,usable
14173_left_rot180.jpeg,1,usable
1500_right_rot180.jpeg,1,usable
10614_right_rot90.jpeg,1,usable
20893_left_rot180.jpeg,1,usable
11474_left_rot180.jpeg,1,usable
9547_right_flip.jpeg,1,usable
12411_right_rot180.jpeg,1,usable
30909_right_rot90.jpeg,1,usable
1361_left_rot270.jpeg,1,usable
24877_left_rot180.jpeg,1,usable
10328_left_flip.jpeg,1,usable
20831_right_rot270.jpeg,1,usable
20517_left_flip.jpeg,1,usable
22306_right_flip.jpeg,1,usable
13819_left_flip.jpeg,1,usable
35836_left_rot270.jpeg,1,usable
36965_right_flip.jpeg,1,usable
23236_left_flip.jpeg,1,usable
1509_left_flip.jpeg,1,usable
43496_right_rot90.jpeg,1,usable
31044_right_rot90.jpeg,1,usable
8638_right_rot90.jpeg,1,usable
10017_left_rot270.jpeg,1,usable
27657_left_flip.jpeg,1,usable
9614_right_rot270.jpeg,1,usable
37553_right_rot90.jpeg,1,usable
8798_left_flip.jpeg,1,usable
38253_right_rot90.jpeg,1,usable
13590_left_rot270.jpeg,1,usable
21327_left_rot90.jpeg,1,usable
7139_left_rot270.jpeg,1,usable
42578_left_rot90.jpeg,1,usable
14186_left_flip.jpeg,1,usable
7553_left_rot270.jpeg,1,usable
22525_right_flip.jpeg,1,usable
20574_left_rot90.jpeg,1,usable
38332_right_rot270.jpeg,1,usable
12399_right_flip.jpeg,1,usable
33983_right_flip.jpeg,1,usable
30913_right_rot270.jpeg,1,usable
27225_left_flip.jpeg,1,usable
34186_right_rot90.jpeg,1,usable
43186_left_rot270.jpeg,1,usable
20574_left_rot270.jpeg,1,usable
37463_left_rot180.jpeg,1,usable
7767_left_flip.jpeg,1,usable
5332_left_flip.jpeg,1,usable
1454_left_rot90.jpeg,1,usable
28890_left_rot90.jpeg,1,usable
13561_left_flip.jpeg,1,usable
12399_right_rot90.jpeg,1,usable
27504_left_rot90.jpeg,1,usable
23916_left_flip.jpeg,1,usable
6169_right_rot90.jpeg,1,usable
31608_right_flip.jpeg,1,usable
9177_right_rot90.jpeg,1,usable
36103_left_rot270.jpeg,1,usable
27140_left_rot180.jpeg,1,usable
9794_left_rot270.jpeg,1,usable
32598_left_flip.jpeg,1,usable
44267_right_rot180.jpeg,1,usable
47_right_flip.jpeg,1,usable
26877_right_rot270.jpeg,1,usable
5100_left_flip.jpeg,1,usable
1906_left_rot270.jpeg,1,usable
13015_left_rot90.jpeg,1,usable
12687_right_rot90.jpeg,1,usable
37730_right_flip.jpeg,1,usable
9266_left_rot270.jpeg,1,usable
34420_right_rot270.jpeg,1,usable
31759_right_flip.jpeg,1,usable
25669_right_rot270.jpeg,1,usable
13230_left_rot90.jpeg,1,usable
990_left_flip.jpeg,1,usable
13833_right_flip.jpeg,1,usable
8361_right_rot180.jpeg,1,usable
43317_right_flip.jpeg,1,usable
26342_right_flip.jpeg,1,usable
35711_left_rot90.jpeg,1,usable
20353_right_rot90.jpeg,1,usable
38175_right_rot270.jpeg,1,usable
22439_right_rot90.jpeg,1,usable
25296_right_rot270.jpeg,1,usable
10745_right_rot90.jpeg,1,usable
39544_right_rot270.jpeg,1,usable
7829_right_flip.jpeg,1,usable
19472_left_rot270.jpeg,1,usable
5443_right_flip.jpeg,1,usable
20799_right_rot270.jpeg,1,usable
33901_right_flip.jpeg,1,usable
32721_left_rot90.jpeg,1,usable
25801_right_rot270.jpeg,1,usable
417_right_rot180.jpeg,1,usable
13196_left_flip.jpeg,1,usable
23381_right_rot270.jpeg,1,usable
11099_left_rot90.jpeg,1,usable
40473_left_rot180.jpeg,1,usable
13784_right_rot270.jpeg,1,usable
812_left_rot90.jpeg,1,usable
23598_left_rot90.jpeg,1,usable
21268_right_rot180.jpeg,1,usable
12867_right_rot270.jpeg,1,usable
42073_left_rot90.jpeg,1,usable
2000_left_rot270.jpeg,1,usable
20319_right_rot180.jpeg,1,usable
17734_left_rot180.jpeg,1,usable
9098_left_rot90.jpeg,1,usable
1947_right_flip.jpeg,1,usable
25120_left_rot180.jpeg,1,usable
27504_left_rot270.jpeg,1,usable
33688_right_flip.jpeg,1,usable
24523_left_rot270.jpeg,1,usable
33254_right_flip.jpeg,1,usable
22330_left_rot270.jpeg,1,usable
34636_right_rot180.jpeg,1,usable
1667_left_flip.jpeg,1,usable
9266_left_rot180.jpeg,1,usable
26888_left_rot90.jpeg,1,usable
43749_right_rot90.jpeg,1,usable
4161_left_rot180.jpeg,1,usable
8939_left_flip.jpeg,1,usable
18995_right_rot270.jpeg,1,usable
33447_left_rot90.jpeg,1,usable
18696_right_flip.jpeg,1,usable
8090_left_rot90.jpeg,1,usable
12305_right_rot270.jpeg,1,usable
30675_right_flip.jpeg,1,usable
7520_left_rot270.jpeg,1,usable
23446_left_flip.jpeg,1,usable
29135_right_flip.jpeg,1,usable
8767_left_flip.jpeg,1,usable
30923_right_flip.jpeg,1,usable
37939_right_flip.jpeg,1,usable
26597_left_rot270.jpeg,1,usable
18837_left_flip.jpeg,1,usable
18105_left_rot90.jpeg,1,usable
31278_right_rot180.jpeg,1,usable
14916_left_rot90.jpeg,1,usable
8743_left_rot180.jpeg,1,usable
26212_right_rot90.jpeg,1,usable
39917_right_rot180.jpeg,1,usable
28929_right_rot90.jpeg,1,usable
36044_left_rot270.jpeg,1,usable
7448_right_flip.jpeg,1,usable
9626_left_rot90.jpeg,1,usable
14384_left_rot270.jpeg,1,usable
1391_left_rot90.jpeg,1,usable
19692_right_rot90.jpeg,1,usable
39336_left_rot180.jpeg,1,usable
19813_left_rot180.jpeg,1,usable
28650_left_rot270.jpeg,1,usable
40912_left_rot180.jpeg,1,usable
998_left_rot90.jpeg,1,usable
33374_right_rot180.jpeg,1,usable
28515_right_rot180.jpeg,1,usable
30133_left_rot180.jpeg,1,usable
40357_left_rot180.jpeg,1,usable
39441_right_flip.jpeg,1,usable
32690_left_flip.jpeg,1,usable
37918_left_rot90.jpeg,1,usable
15948_right_rot270.jpeg,1,usable
25425_left_rot270.jpeg,1,usable
17332_right_rot90.jpeg,1,usable
11974_right_flip.jpeg,1,usable
17925_left_rot180.jpeg,1,usable
5443_right_rot90.jpeg,1,usable
12646_right_rot180.jpeg,1,usable
27225_right_rot270.jpeg,1,usable
27136_left_rot180.jpeg,1,usable
5752_right_rot180.jpeg,1,usable
9180_left_flip.jpeg,1,usable
12977_left_rot180.jpeg,1,usable
35638_left_flip.jpeg,1,usable
30205_right_rot270.jpeg,1,usable
22677_left_rot90.jpeg,1,usable
34203_right_rot180.jpeg,1,usable
12468_right_rot270.jpeg,1,usable
2071_right_rot90.jpeg,1,usable
10181_right_flip.jpeg,1,usable
43005_left_rot180.jpeg,1,usable
5525_right_rot180.jpeg,1,usable
7404_left_rot180.jpeg,1,usable
23249_left_rot90.jpeg,1,usable
37939_right_rot180.jpeg,1,usable
37328_left_rot180.jpeg,1,usable
14608_right_rot180.jpeg,1,usable
1727_left_rot180.jpeg,1,usable
43563_right_rot180.jpeg,1,usable
8682_left_rot270.jpeg,1,usable
7311_right_rot90.jpeg,1,usable
30522_right_rot180.jpeg,1,usable
35318_left_rot90.jpeg,1,usable
38650_left_flip.jpeg,1,usable
26665_right_rot90.jpeg,1,usable
19586_left_flip.jpeg,1,usable
11942_left_rot180.jpeg,1,usable
21609_right_flip.jpeg,1,usable
2605_left_flip.jpeg,1,usable
8638_right_rot270.jpeg,1,usable
26126_right_rot180.jpeg,1,usable
36965_right_rot270.jpeg,1,usable
17669_right_flip.jpeg,1,usable
25955_left_flip.jpeg,1,usable
24163_left_rot180.jpeg,1,usable
32971_right_rot90.jpeg,1,usable
7842_right_flip.jpeg,1,usable
1222_right_rot270.jpeg,1,usable
31462_right_flip.jpeg,1,usable
6889_right_rot90.jpeg,1,usable
34223_right_rot90.jpeg,1,usable
37328_left_flip.jpeg,1,usable
31006_left_rot180.jpeg,1,usable
696_right_flip.jpeg,1,usable
37340_right_flip.jpeg,1,usable
25763_left_flip.jpeg,1,usable
36608_left_rot90.jpeg,1,usable
16600_right_rot90.jpeg,1,usable
27507_right_flip.jpeg,1,usable
25467_left_rot90.jpeg,1,usable
40924_left_rot90.jpeg,1,usable
18175_left_rot270.jpeg,1,usable
3344_left_flip.jpeg,1,usable
14169_left_flip.jpeg,1,usable
38253_right_flip.jpeg,1,usable
12193_right_flip.jpeg,1,usable
42187_left_rot180.jpeg,1,usable
37210_left_rot90.jpeg,1,usable
26196_left_flip.jpeg,1,usable
3344_left_rot180.jpeg,1,usable
9526_right_rot90.jpeg,1,usable
7270_right_flip.jpeg,1,usable
13326_left_rot180.jpeg,1,usable
30205_right_rot180.jpeg,1,usable
25378_left_rot270.jpeg,1,usable
12945_left_rot90.jpeg,1,usable
14293_right_rot180.jpeg,1,usable
25767_right_rot270.jpeg,1,usable
42422_right_rot270.jpeg,1,usable
9584_right_rot90.jpeg,1,usable
22050_right_rot180.jpeg,1,usable
23371_right_rot90.jpeg,1,usable
44205_right_rot180.jpeg,1,usable
9586_right_rot270.jpeg,1,usable
24910_right_rot90.jpeg,1,usable
31759_right_rot270.jpeg,1,usable
30090_left_rot90.jpeg,1,usable
21386_right_rot180.jpeg,1,usable
26331_left_rot180.jpeg,1,usable
40757_right_rot90.jpeg,1,usable
18696_left_rot270.jpeg,1,usable
30778_right_rot270.jpeg,1,usable
20179_right_rot180.jpeg,1,usable
43255_left_flip.jpeg,1,usable
192_left_rot180.jpeg,1,usable
19402_right_rot270.jpeg,1,usable
18446_right_rot270.jpeg,1,usable
14842_right_rot270.jpeg,1,usable
33374_left_rot270.jpeg,1,usable
18425_left_rot180.jpeg,1,usable
26684_left_rot180.jpeg,1,usable
25407_right_rot90.jpeg,1,usable
22853_right_rot270.jpeg,1,usable
22210_right_rot270.jpeg,1,usable
25450_left_rot180.jpeg,1,usable
8092_right_flip.jpeg,1,usable
12666_left_rot180.jpeg,1,usable
37913_left_rot180.jpeg,1,usable
24460_right_rot270.jpeg,1,usable
12104_left_rot270.jpeg,1,usable
17424_right_rot90.jpeg,1,usable
6927_left_rot180.jpeg,1,usable
1977_right_rot270.jpeg,1,usable
29910_left_rot270.jpeg,1,usable
35027_left_rot270.jpeg,1,usable
22050_right_rot90.jpeg,1,usable
43753_left_rot180.jpeg,1,usable
13879_right_rot90.jpeg,1,usable
40376_right_rot90.jpeg,1,usable
31685_right_rot270.jpeg,1,usable
17734_left_flip.jpeg,1,usable
8096_right_rot180.jpeg,1,usable
24910_right_flip.jpeg,1,usable
37166_left_rot90.jpeg,1,usable
2405_left_rot270.jpeg,1,usable
3779_right_rot90.jpeg,1,usable
16750_left_rot90.jpeg,1,usable
3317_right_rot180.jpeg,1,usable
8993_right_rot90.jpeg,1,usable
26700_left_rot90.jpeg,1,usable
42183_left_flip.jpeg,1,usable
14681_left_flip.jpeg,1,usable
34069_right_rot270.jpeg,1,usable
13214_right_rot270.jpeg,1,usable
36608_left_flip.jpeg,1,usable
40552_left_rot270.jpeg,1,usable
9779_left_rot90.jpeg,1,usable
2767_right_flip.jpeg,1,usable
10605_right_rot90.jpeg,1,usable
11098_left_rot180.jpeg,1,usable
25271_left_rot90.jpeg,1,usable
19399_left_rot90.jpeg,1,usable
21173_right_rot180.jpeg,1,usable
10891_right_rot90.jpeg,1,usable
30868_left_rot270.jpeg,1,usable
11866_right_rot90.jpeg,1,usable
41312_left_rot180.jpeg,1,usable
29574_left_rot90.jpeg,1,usable
41626_right_rot90.jpeg,1,usable
26864_right_rot180.jpeg,1,usable
15646_left_rot90.jpeg,1,usable
28618_left_rot90.jpeg,1,usable
3896_left_rot270.jpeg,1,usable
43362_right_rot270.jpeg,1,usable
7629_left_rot180.jpeg,1,usable
31816_left_rot270.jpeg,1,usable
26385_right_rot270.jpeg,1,usable
21251_right_rot270.jpeg,1,usable
14025_right_rot90.jpeg,1,usable
10942_right_rot180.jpeg,1,usable
28752_right_rot270.jpeg,1,usable
33374_right_rot270.jpeg,1,usable
27140_right_rot270.jpeg,1,usable
21540_right_rot180.jpeg,1,usable
5257_left_rot90.jpeg,1,usable
29846_right_rot90.jpeg,1,usable
7139_left_rot90.jpeg,1,usable
40193_left_rot90.jpeg,1,usable
11163_right_rot180.jpeg,1,usable
22668_right_rot180.jpeg,1,usable
18425_left_rot90.jpeg,1,usable
37413_left_rot270.jpeg,1,usable
21769_right_rot90.jpeg,1,usable
14336_left_rot90.jpeg,1,usable
2000_right_rot180.jpeg,1,usable
26113_left_rot90.jpeg,1,usable
6169_right_rot270.jpeg,1,usable
17415_left_rot270.jpeg,1,usable
30945_left_rot90.jpeg,1,usable
34596_left_rot270.jpeg,1,usable
28423_right_rot90.jpeg,1,usable
31951_left_rot180.jpeg,1,usable
33410_left_flip.jpeg,1,usable
23975_left_flip.jpeg,1,usable
29195_right_rot180.jpeg,1,usable
2131_left_flip.jpeg,1,usable
1947_right_rot180.jpeg,1,usable
10963_left_flip.jpeg,1,usable
27138_left_rot270.jpeg,1,usable
30235_right_flip.jpeg,1,usable
13130_right_flip.jpeg,1,usable
24704_left_rot90.jpeg,1,usable
18804_right_rot90.jpeg,1,usable
7810_right_flip.jpeg,1,usable
7629_left_rot90.jpeg,1,usable
7393_right_rot270.jpeg,1,usable
21429_left_flip.jpeg,1,usable
990_left_rot90.jpeg,1,usable
28798_left_flip.jpeg,1,usable
24391_left_rot270.jpeg,1,usable
21834_left_flip.jpeg,1,usable
24549_left_flip.jpeg,1,usable
28519_right_rot180.jpeg,1,usable
18197_right_flip.jpeg,1,usable
31862_left_rot90.jpeg,1,usable
16047_right_rot270.jpeg,1,usable
10312_left_rot90.jpeg,1,usable
13730_left_flip.jpeg,1,usable
696_right_rot90.jpeg,1,usable
25816_right_rot90.jpeg,1,usable
9897_left_rot180.jpeg,1,usable
8062_right_flip.jpeg,1,usable
12316_right_rot180.jpeg,1,usable
30118_left_rot270.jpeg,1,usable
38858_left_flip.jpeg,1,usable
36402_left_rot270.jpeg,1,usable
5780_right_rot90.jpeg,1,usable
13488_left_rot270.jpeg,1,usable
702_right_rot180.jpeg,1,usable
26814_right_flip.jpeg,1,usable
20104_right_rot90.jpeg,1,usable
9846_left_flip.jpeg,1,usable
10729_left_rot270.jpeg,1,usable
5766_left_rot90.jpeg,1,usable
11053_right_flip.jpeg,1,usable
41041_right_flip.jpeg,1,usable
1650_left_rot90.jpeg,1,usable
22332_right_rot180.jpeg,1,usable
20057_right_rot90.jpeg,1,usable
37033_left_rot90.jpeg,1,usable
33254_right_rot270.jpeg,1,usable
12133_left_rot90.jpeg,1,usable
9894_left_flip.jpeg,1,usable
40679_right_rot180.jpeg,1,usable
16640_left_flip.jpeg,1,usable
941_right_rot180.jpeg,1,usable
23381_left_rot180.jpeg,1,usable
11270_right_rot180.jpeg,1,usable
16897_right_rot90.jpeg,1,usable
21769_left_rot90.jpeg,1,usable
18404_left_flip.jpeg,1,usable
18804_right_rot180.jpeg,1,usable
27642_left_flip.jpeg,1,usable
32232_right_flip.jpeg,1,usable
22474_left_rot90.jpeg,1,usable
16042_left_flip.jpeg,1,usable
32015_left_rot90.jpeg,1,usable
31891_right_flip.jpeg,1,usable
42944_left_rot180.jpeg,1,usable
15794_right_rot180.jpeg,1,usable
26240_right_rot90.jpeg,1,usable
17843_left_flip.jpeg,1,usable
1624_right_flip.jpeg,1,usable
7929_left_rot90.jpeg,1,usable
1076_left_rot270.jpeg,1,usable
19460_right_rot90.jpeg,1,usable
762_left_rot90.jpeg,1,usable
20670_left_flip.jpeg,1,usable
27140_right_rot90.jpeg,1,usable
5304_left_rot270.jpeg,1,usable
7067_left_flip.jpeg,1,usable
4077_right_rot180.jpeg,1,usable
38379_right_rot90.jpeg,1,usable
23453_right_rot90.jpeg,1,usable
35710_left_rot180.jpeg,1,usable
36483_left_flip.jpeg,1,usable
3501_right_flip.jpeg,1,usable
39293_right_rot90.jpeg,1,usable
25296_right_rot180.jpeg,1,usable
20808_right_rot90.jpeg,1,usable
17801_left_flip.jpeg,1,usable
23540_right_rot90.jpeg,1,usable
38220_right_rot180.jpeg,1,usable
21033_right_rot180.jpeg,1,usable
15588_right_rot90.jpeg,1,usable
35487_right_rot180.jpeg,1,usable
219_right_rot90.jpeg,1,usable
34069_right_flip.jpeg,1,usable
8781_right_flip.jpeg,1,usable
30996_right_flip.jpeg,1,usable
18315_right_rot180.jpeg,1,usable
30090_left_flip.jpeg,1,usable
32798_right_rot180.jpeg,1,usable
25450_left_rot90.jpeg,1,usable
15027_right_rot270.jpeg,1,usable
19771_left_rot90.jpeg,1,usable
19516_right_rot180.jpeg,1,usable
21327_right_flip.jpeg,1,usable
18045_left_rot180.jpeg,1,usable
23548_left_rot180.jpeg,1,usable
33189_right_rot90.jpeg,1,usable
28795_left_rot90.jpeg,1,usable
19328_right_rot180.jpeg,1,usable
37582_right_rot90.jpeg,1,usable
31136_left_rot270.jpeg,1,usable
37958_right_rot270.jpeg,1,usable
21079_right_rot270.jpeg,1,usable
22202_right_rot270.jpeg,1,usable
25407_right_flip.jpeg,1,usable
11314_right_rot270.jpeg,1,usable
7520_left_flip.jpeg,1,usable
16114_left_rot90.jpeg,1,usable
29412_right_flip.jpeg,1,usable
5088_right_rot90.jpeg,1,usable
31816_left_rot90.jpeg,1,usable
12306_left_flip.jpeg,1,usable
43501_left_rot270.jpeg,1,usable
37350_left_flip.jpeg,1,usable
22491_right_rot90.jpeg,1,usable
13409_right_rot180.jpeg,1,usable
7468_left_rot180.jpeg,1,usable
3141_right_rot90.jpeg,1,usable
26113_left_rot180.jpeg,1,usable
12867_right_rot90.jpeg,1,usable
21268_left_rot270.jpeg,1,usable
22524_right_rot90.jpeg,1,usable
18874_right_rot270.jpeg,1,usable
1650_right_flip.jpeg,1,usable
18416_right_rot180.jpeg,1,usable
13239_left_rot90.jpeg,1,usable
5291_right_rot90.jpeg,1,usable
8565_left_rot270.jpeg,1,usable
8452_left_flip.jpeg,1,usable
12014_right_rot180.jpeg,1,usable
20760_right_rot90.jpeg,1,usable
839_left_flip.jpeg,1,usable
31621_right_rot90.jpeg,1,usable
9001_left_flip.jpeg,1,usable
9761_right_rot90.jpeg,1,usable
39612_left_rot180.jpeg,1,usable
11982_right_flip.jpeg,1,usable
10592_right_rot90.jpeg,1,usable
41626_right_rot270.jpeg,1,usable
38307_left_rot90.jpeg,1,usable
32658_left_flip.jpeg,1,usable
2862_right_rot90.jpeg,1,usable
39902_right_rot90.jpeg,1,usable
14940_right_rot270.jpeg,1,usable
39358_right_rot270.jpeg,1,usable
42073_left_flip.jpeg,1,usable
15941_right_rot90.jpeg,1,usable
38349_right_flip.jpeg,1,usable
34889_right_rot180.jpeg,1,usable
26070_left_rot270.jpeg,1,usable
37569_right_flip.jpeg,1,usable
14467_left_rot270.jpeg,1,usable
19473_left_rot180.jpeg,1,usable
15988_left_rot180.jpeg,1,usable
5807_right_rot270.jpeg,1,usable
34282_left_rot180.jpeg,1,usable
36702_left_rot90.jpeg,1,usable
18995_left_flip.jpeg,1,usable
42397_left_flip.jpeg,1,usable
29335_left_rot180.jpeg,1,usable
34484_left_rot90.jpeg,1,usable
30636_right_rot180.jpeg,1,usable
25467_left_rot270.jpeg,1,usable
26797_right_rot270.jpeg,1,usable
8378_left_rot90.jpeg,1,usable
15914_right_rot270.jpeg,1,usable
12590_right_flip.jpeg,1,usable
15219_right_rot90.jpeg,1,usable
4227_left_rot180.jpeg,1,usable
5991_left_flip.jpeg,1,usable
43299_right_rot180.jpeg,1,usable
38253_right_rot180.jpeg,1,usable
26447_right_rot270.jpeg,1,usable
11371_left_flip.jpeg,1,usable
6835_left_flip.jpeg,1,usable
12769_left_rot90.jpeg,1,usable
7560_left_rot180.jpeg,1,usable
20196_right_flip.jpeg,1,usable
19586_left_rot270.jpeg,1,usable
25467_left_flip.jpeg,1,usable
35816_left_rot90.jpeg,1,usable
20137_right_rot180.jpeg,1,usable
37859_right_rot90.jpeg,1,usable
22330_left_flip.jpeg,1,usable
28798_left_rot180.jpeg,1,usable
21205_left_rot90.jpeg,1,usable
10279_left_rot90.jpeg,1,usable
21257_right_rot270.jpeg,1,usable
5336_right_rot180.jpeg,1,usable
43199_left_rot90.jpeg,1,usable
26701_left_rot180.jpeg,1,usable
20412_left_rot180.jpeg,1,usable
15868_left_rot180.jpeg,1,usable
1102_left_rot180.jpeg,1,usable
8781_right_rot180.jpeg,1,usable
32598_left_rot270.jpeg,1,usable
3759_left_rot90.jpeg,1,usable
21609_right_rot270.jpeg,1,usable
9906_right_rot90.jpeg,1,usable
25969_left_rot180.jpeg,1,usable
17179_left_flip.jpeg,1,usable
9082_right_rot180.jpeg,1,usable
35992_right_rot180.jpeg,1,usable
27657_left_rot270.jpeg,1,usable
10125_left_rot90.jpeg,1,usable
1361_left_rot90.jpeg,1,usable
21948_right_flip.jpeg,1,usable
20760_right_rot180.jpeg,1,usable
20248_left_rot90.jpeg,1,usable
21327_right_rot270.jpeg,1,usable
29335_left_rot270.jpeg,1,usable
30666_left_rot90.jpeg,1,usable
27265_left_flip.jpeg,1,usable
33412_right_flip.jpeg,1,usable
43592_right_rot90.jpeg,1,usable
8533_left_rot180.jpeg,1,usable
30487_left_rot90.jpeg,1,usable
9897_left_flip.jpeg,1,usable
41085_right_rot270.jpeg,1,usable
22523_right_flip.jpeg,1,usable
41606_right_flip.jpeg,1,usable
2322_left_rot270.jpeg,1,usable
28460_left_rot90.jpeg,1,usable
5336_right_rot90.jpeg,1,usable
38949_right_flip.jpeg,1,usable
2962_left_flip.jpeg,1,usable
39287_left_rot270.jpeg,1,usable
5807_left_rot180.jpeg,1,usable
16555_right_rot270.jpeg,1,usable
26392_right_flip.jpeg,1,usable
30101_right_flip.jpeg,1,usable
22702_right_rot180.jpeg,1,usable
26665_right_flip.jpeg,1,usable
40787_left_rot90.jpeg,1,usable
4764_right_rot180.jpeg,1,usable
5257_left_rot180.jpeg,1,usable
8876_right_flip.jpeg,1,usable
17477_left_rot270.jpeg,1,usable
13409_right_rot270.jpeg,1,usable
12325_left_rot180.jpeg,1,usable
9213_left_rot270.jpeg,1,usable
20351_left_flip.jpeg,1,usable
27550_left_flip.jpeg,1,usable
14202_left_rot90.jpeg,1,usable
26997_right_rot90.jpeg,1,usable
38972_right_flip.jpeg,1,usable
7767_left_rot180.jpeg,1,usable
43584_right_flip.jpeg,1,usable
2174_left_rot270.jpeg,1,usable
16946_left_rot270.jpeg,1,usable
21312_left_rot90.jpeg,1,usable
32442_left_rot180.jpeg,1,usable
10810_left_rot90.jpeg,1,usable
14169_left_rot90.jpeg,1,usable
12739_left_rot270.jpeg,1,usable
26071_left_flip.jpeg,1,usable
34686_left_rot270.jpeg,1,usable
24314_right_flip.jpeg,1,usable
44268_right_rot180.jpeg,1,usable
38858_left_rot180.jpeg,1,usable
34682_right_rot90.jpeg,1,usable
16497_right_rot90.jpeg,1,usable
8221_right_rot270.jpeg,1,usable
694_left_rot270.jpeg,1,usable
14097_left_rot180.jpeg,1,usable
23739_left_rot180.jpeg,1,usable
34992_right_rot90.jpeg,1,usable
9779_left_rot270.jpeg,1,usable
8968_right_rot270.jpeg,1,usable
1650_right_rot180.jpeg,1,usable
20517_left_rot270.jpeg,1,usable
28559_left_rot270.jpeg,1,usable
23902_left_rot90.jpeg,1,usable
19059_right_rot90.jpeg,1,usable
39612_left_flip.jpeg,1,usable
23009_left_rot270.jpeg,1,usable
35992_left_flip.jpeg,1,usable
43005_left_flip.jpeg,1,usable
31136_left_flip.jpeg,1,usable
33860_right_flip.jpeg,1,usable
13180_right_flip.jpeg,1,usable
30000_left_rot180.jpeg,1,usable
2785_right_flip.jpeg,1,usable
16545_right_rot90.jpeg,1,usable
34242_right_flip.jpeg,1,usable
4954_left_flip.jpeg,1,usable
5595_left_rot90.jpeg,1,usable
32863_left_flip.jpeg,1,usable
13554_right_rot90.jpeg,1,usable
3700_left_flip.jpeg,1,usable
13391_left_rot270.jpeg,1,usable
29135_right_rot90.jpeg,1,usable
30170_left_rot180.jpeg,1,usable
29307_left_rot90.jpeg,1,usable
25378_left_rot180.jpeg,1,usable
30615_right_rot90.jpeg,1,usable
24484_right_rot180.jpeg,1,usable
2436_left_rot180.jpeg,1,usable
31006_left_rot90.jpeg,1,usable
25159_right_flip.jpeg,1,usable
29389_right_rot90.jpeg,1,usable
32894_left_rot180.jpeg,1,usable
11098_left_rot270.jpeg,1,usable
31117_right_rot270.jpeg,1,usable
37496_right_rot180.jpeg,1,usable
34282_left_rot90.jpeg,1,usable
27145_right_flip.jpeg,1,usable
36608_left_rot270.jpeg,1,usable
38522_left_rot270.jpeg,1,usable
17561_right_rot90.jpeg,1,usable
18902_left_rot90.jpeg,1,usable
28734_left_rot180.jpeg,1,usable
6030_right_rot270.jpeg,1,usable
24419_left_rot90.jpeg,1,usable
13784_right_rot90.jpeg,1,usable
33643_left_rot90.jpeg,1,usable
15588_right_rot270.jpeg,1,usable
16047_left_flip.jpeg,1,usable
14026_right_flip.jpeg,1,usable
11268_left_rot180.jpeg,1,usable
28258_right_flip.jpeg,1,usable
37166_left_flip.jpeg,1,usable
40357_left_flip.jpeg,1,usable
2071_right_rot180.jpeg,1,usable
22474_left_flip.jpeg,1,usable
34046_right_flip.jpeg,1,usable
18010_left_rot90.jpeg,1,usable
26396_right_rot270.jpeg,1,usable
10511_left_flip.jpeg,1,usable
21027_right_flip.jpeg,1,usable
13561_left_rot270.jpeg,1,usable
8484_left_rot270.jpeg,1,usable
13716_left_rot180.jpeg,1,usable
19762_left_rot90.jpeg,1,usable
37033_left_rot270.jpeg,1,usable
1660_left_rot270.jpeg,1,usable
431_right_rot90.jpeg,1,usable
38949_right_rot90.jpeg,1,usable
11527_right_flip.jpeg,1,usable
24457_left_rot270.jpeg,1,usable
11982_right_rot90.jpeg,1,usable
32427_right_rot270.jpeg,1,usable
42365_right_flip.jpeg,1,usable
6190_left_flip.jpeg,1,usable
35927_left_rot90.jpeg,1,usable
11684_right_rot90.jpeg,1,usable
36130_right_flip.jpeg,1,usable
26332_right_flip.jpeg,1,usable
36929_left_rot180.jpeg,1,usable
3346_right_rot90.jpeg,1,usable
4676_right_rot90.jpeg,1,usable
32159_left_rot180.jpeg,1,usable
3320_right_flip.jpeg,1,usable
34221_right_flip.jpeg,1,usable
12208_left_flip.jpeg,1,usable
9646_right_rot270.jpeg,1,usable
29910_left_rot180.jpeg,1,usable
5329_left_rot90.jpeg,1,usable
11181_left_rot90.jpeg,1,usable
37463_left_rot90.jpeg,1,usable
31621_left_flip.jpeg,1,usable
43005_left_rot90.jpeg,1,usable
44263_left_flip.jpeg,1,usable
35857_left_rot90.jpeg,1,usable
18045_left_rot90.jpeg,1,usable
15595_left_rot90.jpeg,1,usable
36494_left_flip.jpeg,1,usable
7209_right_rot90.jpeg,1,usable
4370_left_rot90.jpeg,1,usable
18372_left_rot90.jpeg,1,usable
26211_left_rot180.jpeg,1,usable
18656_left_flip.jpeg,1,usable
37569_right_rot270.jpeg,1,usable
27827_right_flip.jpeg,1,usable
10810_left_flip.jpeg,1,usable
34420_right_rot180.jpeg,1,usable
13324_left_flip.jpeg,1,usable
39293_right_flip.jpeg,1,usable
5595_left_rot180.jpeg,1,usable
23851_left_rot90.jpeg,1,usable
15588_left_flip.jpeg,1,usable
42382_right_rot270.jpeg,1,usable
7024_right_rot180.jpeg,1,usable
13597_left_rot180.jpeg,1,usable
28752_right_rot90.jpeg,1,usable
39793_left_rot270.jpeg,1,usable
22201_right_rot180.jpeg,1,usable
17295_right_rot90.jpeg,1,usable
29702_right_rot90.jpeg,1,usable
24202_left_flip.jpeg,1,usable
1763_right_flip.jpeg,1,usable
8096_right_rot270.jpeg,1,usable
26659_right_rot180.jpeg,1,usable
39358_right_rot90.jpeg,1,usable
30000_left_rot90.jpeg,1,usable
41798_right_flip.jpeg,1,usable
31594_right_rot270.jpeg,1,usable
37088_right_flip.jpeg,1,usable
9478_right_rot270.jpeg,1,usable
38887_right_flip.jpeg,1,usable
13716_right_rot90.jpeg,1,usable
15014_right_rot180.jpeg,1,usable
4077_left_rot270.jpeg,1,usable
3759_left_rot270.jpeg,1,usable
35834_right_rot90.jpeg,1,usable
37757_right_rot270.jpeg,1,usable
37387_right_flip.jpeg,1,usable
560_left_rot90.jpeg,1,usable
35504_left_rot90.jpeg,1,usable
31615_left_rot90.jpeg,1,usable
29666_left_rot90.jpeg,1,usable
42944_left_rot90.jpeg,1,usable
9977_left_rot180.jpeg,1,usable
28423_right_rot270.jpeg,1,usable
9180_left_rot90.jpeg,1,usable
35232_right_rot270.jpeg,1,usable
30615_right_flip.jpeg,1,usable
4217_right_rot270.jpeg,1,usable
14320_right_rot90.jpeg,1,usable
38972_right_rot90.jpeg,1,usable
5869_right_flip.jpeg,1,usable
70_right_rot270.jpeg,1,usable
29057_left_rot270.jpeg,1,usable
26100_left_rot270.jpeg,1,usable
7527_right_flip.jpeg,1,usable
15219_right_rot270.jpeg,1,usable
2423_left_flip.jpeg,1,usable
10279_left_rot270.jpeg,1,usable
29666_left_rot270.jpeg,1,usable
3639_right_rot270.jpeg,1,usable
12646_right_rot270.jpeg,1,usable
40787_right_rot180.jpeg,1,usable
3525_right_rot90.jpeg,1,usable
39743_left_rot180.jpeg,1,usable
14457_right_flip.jpeg,1,usable
13590_left_rot180.jpeg,1,usable
4740_left_rot90.jpeg,1,usable
10125_right_rot270.jpeg,1,usable
28098_right_rot90.jpeg,1,usable
37286_right_rot180.jpeg,1,usable
15914_right_rot180.jpeg,1,usable
9779_right_flip.jpeg,1,usable
28555_left_rot270.jpeg,1,usable
1856_left_rot90.jpeg,1,usable
1650_left_flip.jpeg,1,usable
1977_right_rot90.jpeg,1,usable
28387_left_rot180.jpeg,1,usable
9586_right_rot90.jpeg,1,usable
24170_left_rot90.jpeg,1,usable
8652_right_flip.jpeg,1,usable
27145_right_rot180.jpeg,1,usable
2174_left_rot90.jpeg,1,usable
40409_left_rot180.jpeg,1,usable
3473_right_rot270.jpeg,1,usable
37088_right_rot180.jpeg,1,usable
28215_left_rot270.jpeg,1,usable
18157_left_rot90.jpeg,1,usable
33860_right_rot270.jpeg,1,usable
19477_right_rot270.jpeg,1,usable
29984_right_rot90.jpeg,1,usable
25890_left_rot90.jpeg,1,usable
21565_right_flip.jpeg,1,usable
20321_left_rot180.jpeg,1,usable
35731_right_rot180.jpeg,1,usable
32686_left_flip.jpeg,1,usable
1454_left_rot270.jpeg,1,usable
23075_left_rot270.jpeg,1,usable
16600_right_rot270.jpeg,1,usable
37116_left_rot270.jpeg,1,usable
812_right_rot180.jpeg,1,usable
32766_right_rot270.jpeg,1,usable
24419_left_rot180.jpeg,1,usable
4090_right_rot180.jpeg,1,usable
35066_right_rot90.jpeg,1,usable
34488_left_rot90.jpeg,1,usable
13324_left_rot90.jpeg,1,usable
4217_right_flip.jpeg,1,usable
24828_right_rot270.jpeg,1,usable
29362_left_flip.jpeg,1,usable
33746_left_rot90.jpeg,1,usable
33626_left_rot270.jpeg,1,usable
34697_left_rot270.jpeg,1,usable
2869_left_rot90.jpeg,1,usable
28039_right_rot180.jpeg,1,usable
4992_right_rot180.jpeg,1,usable
35119_right_rot90.jpeg,1,usable
36608_left_rot180.jpeg,1,usable
31441_right_flip.jpeg,1,usable
6638_left_rot270.jpeg,1,usable
25907_left_flip.jpeg,1,usable
34436_left_flip.jpeg,1,usable
30069_left_rot270.jpeg,1,usable
24222_right_rot180.jpeg,1,usable
33226_right_flip.jpeg,1,usable
40357_left_rot270.jpeg,1,usable
22904_right_rot180.jpeg,1,usable
23075_right_flip.jpeg,1,usable
32598_left_rot90.jpeg,1,usable
28618_left_rot270.jpeg,1,usable
26438_left_rot270.jpeg,1,usable
37407_left_flip.jpeg,1,usable
8222_right_rot90.jpeg,1,usable
34203_left_rot180.jpeg,1,usable
8663_right_rot270.jpeg,1,usable
11937_left_rot180.jpeg,1,usable
6129_right_rot90.jpeg,1,usable
14228_right_rot180.jpeg,1,usable
7761_left_flip.jpeg,1,usable
19124_left_rot180.jpeg,1,usable
29755_right_flip.jpeg,1,usable
23030_right_rot90.jpeg,1,usable
18194_left_rot270.jpeg,1,usable
39544_right_rot180.jpeg,1,usable
11818_left_rot270.jpeg,1,usable
12208_left_rot270.jpeg,1,usable
29141_right_rot180.jpeg,1,usable
29839_right_rot90.jpeg,1,usable
35931_left_flip.jpeg,1,usable
2108_right_rot180.jpeg,1,usable
25697_left_rot270.jpeg,1,usable
4992_right_rot270.jpeg,1,usable
23236_left_rot180.jpeg,1,usable
5291_left_rot180.jpeg,1,usable
32766_right_rot180.jpeg,1,usable
28318_left_flip.jpeg,1,usable
15582_right_rot180.jpeg,1,usable
20137_right_rot270.jpeg,1,usable
28614_left_flip.jpeg,1,usable
12399_left_flip.jpeg,1,usable
16011_left_rot90.jpeg,1,usable
26299_left_rot180.jpeg,1,usable
8092_right_rot180.jpeg,1,usable
29502_right_rot90.jpeg,1,usable
20893_right_rot270.jpeg,1,usable
23381_left_flip.jpeg,1,usable
38637_right_rot90.jpeg,1,usable
4048_right_flip.jpeg,1,usable
19661_right_rot180.jpeg,1,usable
18815_right_flip.jpeg,1,usable
19892_right_flip.jpeg,1,usable
20799_right_rot90.jpeg,1,usable
5807_right_flip.jpeg,1,usable
10384_right_rot90.jpeg,1,usable
14416_left_flip.jpeg,1,usable
7137_left_rot180.jpeg,1,usable
40757_left_rot270.jpeg,1,usable
26877_right_rot180.jpeg,1,usable
34282_left_flip.jpeg,1,usable
30701_right_rot90.jpeg,1,usable
27499_right_rot90.jpeg,1,usable
28752_right_flip.jpeg,1,usable
40409_left_rot270.jpeg,1,usable
41827_right_rot270.jpeg,1,usable
16179_right_rot90.jpeg,1,usable
41961_right_rot180.jpeg,1,usable
27094_right_rot270.jpeg,1,usable
23704_right_rot270.jpeg,1,usable
29097_left_flip.jpeg,1,usable
26707_right_flip.jpeg,1,usable
36965_right_rot180.jpeg,1,usable
19771_left_flip.jpeg,1,usable
31044_right_flip.jpeg,1,usable
17760_left_rot180.jpeg,1,usable
26365_left_rot180.jpeg,1,usable
33860_right_rot90.jpeg,1,usable
18233_right_flip.jpeg,1,usable
18804_left_rot180.jpeg,1,usable
27143_right_rot270.jpeg,1,usable
37116_left_rot180.jpeg,1,usable
1977_left_flip.jpeg,1,usable
38858_left_rot270.jpeg,1,usable
34334_right_rot90.jpeg,1,usable
27512_left_rot90.jpeg,1,usable
27265_left_rot180.jpeg,1,usable
17751_left_rot270.jpeg,1,usable
5194_left_flip.jpeg,1,usable
21268_left_rot90.jpeg,1,usable
26396_left_rot90.jpeg,1,usable
27845_right_flip.jpeg,1,usable
15711_right_rot270.jpeg,1,usable
33746_left_flip.jpeg,1,usable
30701_right_rot270.jpeg,1,usable
23381_right_rot180.jpeg,1,usable
26679_right_rot180.jpeg,1,usable
22474_left_rot270.jpeg,1,usable
8222_right_rot180.jpeg,1,usable
35834_right_rot270.jpeg,1,usable
30910_right_flip.jpeg,1,usable
29195_right_rot270.jpeg,1,usable
15319_left_rot180.jpeg,1,usable
35027_left_rot180.jpeg,1,usable
16946_left_rot180.jpeg,1,usable
12769_left_rot270.jpeg,1,usable
23851_left_rot180.jpeg,1,usable
20711_right_rot90.jpeg,1,usable
10729_left_rot180.jpeg,1,usable
36483_left_rot270.jpeg,1,usable
14228_right_rot270.jpeg,1,usable
40376_right_rot270.jpeg,1,usable
40961_right_rot90.jpeg,1,usable
34049_left_flip.jpeg,1,usable
16452_left_rot270.jpeg,1,usable
29941_left_flip.jpeg,1,usable
13716_left_rot270.jpeg,1,usable
2911_right_rot180.jpeg,1,usable
28215_left_rot90.jpeg,1,usable
2823_right_rot180.jpeg,1,usable
39195_right_flip.jpeg,1,usable
7810_right_rot180.jpeg,1,usable
6001_left_flip.jpeg,1,usable
31446_left_rot270.jpeg,1,usable
24150_left_rot180.jpeg,1,usable
29702_right_rot180.jpeg,1,usable
12104_left_flip.jpeg,1,usable
6001_left_rot180.jpeg,1,usable
5088_right_rot270.jpeg,1,usable
34697_right_rot180.jpeg,1,usable
6511_left_rot180.jpeg,1,usable
2015_right_flip.jpeg,1,usable
13300_left_flip.jpeg,1,usable
2862_right_rot270.jpeg,1,usable
19892_right_rot90.jpeg,1,usable
30945_right_rot270.jpeg,1,usable
35453_right_rot90.jpeg,1,usable
20751_left_rot270.jpeg,1,usable
19223_right_rot270.jpeg,1,usable
28519_right_rot270.jpeg,1,usable
18696_right_rot270.jpeg,1,usable
12306_left_rot90.jpeg,1,usable
13585_right_rot270.jpeg,1,usable
7378_right_rot270.jpeg,1,usable
17760_left_flip.jpeg,1,usable
10244_right_rot90.jpeg,1,usable
36999_left_rot270.jpeg,1,usable
35027_left_rot90.jpeg,1,usable
20760_right_rot270.jpeg,1,usable
35487_left_rot270.jpeg,1,usable
34488_left_flip.jpeg,1,usable
23453_right_flip.jpeg,1,usable
39085_right_rot90.jpeg,1,usable
32603_right_flip.jpeg,1,usable
16138_left_rot180.jpeg,1,usable
28246_left_flip.jpeg,1,usable
24613_left_rot270.jpeg,1,usable
5052_right_flip.jpeg,1,usable
28632_left_rot270.jpeg,1,usable
13716_left_rot90.jpeg,1,usable
16497_right_rot270.jpeg,1,usable
32971_right_rot270.jpeg,1,usable
13591_left_flip.jpeg,1,usable
31216_right_rot180.jpeg,1,usable
35746_left_rot90.jpeg,1,usable
9233_left_flip.jpeg,1,usable
40052_right_flip.jpeg,1,usable
17163_left_rot90.jpeg,1,usable
27893_right_rot180.jpeg,1,usable
21312_left_flip.jpeg,1,usable
22144_right_rot90.jpeg,1,usable
26392_right_rot270.jpeg,1,usable
24419_left_rot270.jpeg,1,usable
17801_left_rot180.jpeg,1,usable
6727_left_rot270.jpeg,1,usable
25926_left_rot180.jpeg,1,usable
24484_right_rot90.jpeg,1,usable
6217_right_rot90.jpeg,1,usable
12687_right_rot270.jpeg,1,usable
9553_left_rot90.jpeg,1,usable
12214_right_rot270.jpeg,1,usable
41589_left_flip.jpeg,1,usable
31967_left_rot270.jpeg,1,usable
30910_right_rot90.jpeg,1,usable
30099_right_rot180.jpeg,1,usable
24202_left_rot90.jpeg,1,usable
44285_right_rot270.jpeg,1,usable
14587_left_flip.jpeg,1,usable
32798_right_rot90.jpeg,1,usable
14916_left_flip.jpeg,1,usable
14842_right_rot90.jpeg,1,usable
1100_left_flip.jpeg,1,usable
1624_right_rot180.jpeg,1,usable
16452_left_flip.jpeg,1,usable
36326_right_rot90.jpeg,1,usable
39315_right_rot270.jpeg,1,usable
38994_left_flip.jpeg,1,usable
15120_right_flip.jpeg,1,usable
37730_right_rot270.jpeg,1,usable
5961_right_flip.jpeg,1,usable
29450_right_rot90.jpeg,1,usable
37413_left_flip.jpeg,1,usable
3346_right_rot270.jpeg,1,usable
15646_right_flip.jpeg,1,usable
1906_left_rot90.jpeg,1,usable
13300_left_rot180.jpeg,1,usable
34304_left_flip.jpeg,1,usable
35388_left_rot90.jpeg,1,usable
3144_right_rot90.jpeg,1,usable
38878_left_rot180.jpeg,1,usable
8540_right_rot90.jpeg,1,usable
36167_left_rot180.jpeg,1,usable
36702_left_rot180.jpeg,1,usable
28864_left_rot90.jpeg,1,usable
43584_right_rot90.jpeg,1,usable
10963_left_rot270.jpeg,1,usable
531_right_rot180.jpeg,1,usable
34223_right_rot270.jpeg,1,usable
26078_right_rot270.jpeg,1,usable
3914_left_rot180.jpeg,1,usable
25407_left_rot270.jpeg,1,usable
16011_left_flip.jpeg,1,usable
17248_left_rot270.jpeg,1,usable
42811_left_rot180.jpeg,1,usable
30471_right_rot270.jpeg,1,usable
15553_left_rot180.jpeg,1,usable
7067_left_rot180.jpeg,1,usable
34203_left_flip.jpeg,1,usable
16545_right_rot270.jpeg,1,usable
2842_left_flip.jpeg,1,usable
2697_right_rot270.jpeg,1,usable
40118_left_rot90.jpeg,1,usable
33226_right_rot90.jpeg,1,usable
15788_left_flip.jpeg,1,usable
3273_left_flip.jpeg,1,usable
16778_left_flip.jpeg,1,usable
32015_left_rot270.jpeg,1,usable
3344_left_rot270.jpeg,1,usable
16543_right_rot180.jpeg,1,usable
30513_right_flip.jpeg,1,usable
7761_left_rot270.jpeg,1,usable
9553_left_rot270.jpeg,1,usable
25969_left_rot90.jpeg,1,usable
7335_left_rot180.jpeg,1,usable
32658_left_rot180.jpeg,1,usable
1981_left_rot180.jpeg,1,usable
11098_left_flip.jpeg,1,usable
7222_left_rot180.jpeg,1,usable
25926_left_rot90.jpeg,1,usable
28632_left_rot90.jpeg,1,usable
6727_left_rot90.jpeg,1,usable
13344_right_rot90.jpeg,1,usable
39917_right_rot90.jpeg,1,usable
43626_left_rot180.jpeg,1,usable
32572_left_rot270.jpeg,1,usable
32186_left_rot270.jpeg,1,usable
7139_left_flip.jpeg,1,usable
2174_right_flip.jpeg,1,usable
7553_left_rot90.jpeg,1,usable
39975_left_rot90.jpeg,1,usable
4421_left_flip.jpeg,1,usable
18404_left_rot90.jpeg,1,usable
21327_right_rot90.jpeg,1,usable
16778_left_rot180.jpeg,1,usable
33938_left_rot270.jpeg,1,usable
22349_left_rot90.jpeg,1,usable
8655_right_rot180.jpeg,1,usable
32101_right_rot90.jpeg,1,usable
27136_left_flip.jpeg,1,usable
35583_right_flip.jpeg,1,usable
15023_right_rot270.jpeg,1,usable
31519_right_rot270.jpeg,1,usable
14074_right_rot90.jpeg,1,usable
15014_right_flip.jpeg,1,usable
27499_right_flip.jpeg,1,usable
14530_left_rot270.jpeg,1,usable
11661_left_rot90.jpeg,1,usable
12193_right_rot90.jpeg,1,usable
1727_left_flip.jpeg,1,usable
29935_left_rot180.jpeg,1,usable
4523_right_rot90.jpeg,1,usable
34596_left_rot90.jpeg,1,usable
18706_right_rot270.jpeg,1,usable
28379_left_rot270.jpeg,1,usable
8781_right_rot90.jpeg,1,usable
25650_left_rot270.jpeg,1,usable
35232_right_flip.jpeg,1,usable
32072_right_rot270.jpeg,1,usable
2844_right_flip.jpeg,1,usable
9183_left_rot180.jpeg,1,usable
28519_right_rot90.jpeg,1,usable
42578_left_flip.jpeg,1,usable
15874_left_flip.jpeg,1,usable
37918_left_flip.jpeg,1,usable
21632_right_rot270.jpeg,1,usable
2339_left_rot180.jpeg,1,usable
35714_left_rot180.jpeg,1,usable
5961_right_rot90.jpeg,1,usable
36673_right_rot270.jpeg,1,usable
9957_left_flip.jpeg,1,usable
22647_left_rot90.jpeg,1,usable
37951_right_rot270.jpeg,1,usable
40974_left_rot180.jpeg,1,usable
38332_right_rot180.jpeg,1,usable
32159_left_rot270.jpeg,1,usable
12208_right_rot180.jpeg,1,usable
52_left_rot270.jpeg,1,usable
26385_right_rot180.jpeg,1,usable
876_right_rot180.jpeg,1,usable
4090_right_rot90.jpeg,1,usable
36359_right_rot180.jpeg,1,usable
24993_right_flip.jpeg,1,usable
9282_left_flip.jpeg,1,usable
17048_left_flip.jpeg,1,usable
41312_left_flip.jpeg,1,usable
13833_right_rot90.jpeg,1,usable
39195_right_rot90.jpeg,1,usable
30943_right_rot180.jpeg,1,usable
21312_left_rot180.jpeg,1,usable
812_right_rot270.jpeg,1,usable
24163_left_rot90.jpeg,1,usable
16637_left_rot90.jpeg,1,usable
18915_left_rot270.jpeg,1,usable
2911_right_rot90.jpeg,1,usable
3695_right_rot180.jpeg,1,usable
38730_left_rot90.jpeg,1,usable
17332_right_rot180.jpeg,1,usable
5930_left_rot270.jpeg,1,usable
11099_left_flip.jpeg,1,usable
32842_left_rot180.jpeg,1,usable
36232_right_rot270.jpeg,1,usable
19897_right_rot270.jpeg,1,usable
34488_left_rot270.jpeg,1,usable
28901_right_rot90.jpeg,1,usable
7487_left_flip.jpeg,1,usable
18402_right_rot180.jpeg,1,usable
31594_right_flip.jpeg,1,usable
19935_left_rot180.jpeg,1,usable
8939_left_rot270.jpeg,1,usable
22737_left_rot270.jpeg,1,usable
10891_right_rot180.jpeg,1,usable
21027_right_rot270.jpeg,1,usable
21079_left_rot270.jpeg,1,usable
2712_left_rot180.jpeg,1,usable
26078_right_rot180.jpeg,1,usable
28318_right_rot180.jpeg,1,usable
30235_right_rot270.jpeg,1,usable
39743_left_flip.jpeg,1,usable
3639_right_flip.jpeg,1,usable
39298_left_flip.jpeg,1,usable
6433_left_rot180.jpeg,1,usable
16697_left_rot90.jpeg,1,usable
32721_left_flip.jpeg,1,usable
36395_left_rot270.jpeg,1,usable
17860_right_flip.jpeg,1,usable
21110_right_rot90.jpeg,1,usable
13701_left_flip.jpeg,1,usable
7929_left_flip.jpeg,1,usable
35711_left_rot180.jpeg,1,usable
36673_right_rot180.jpeg,1,usable
19896_left_flip.jpeg,1,usable
29846_right_rot270.jpeg,1,usable
29221_left_rot90.jpeg,1,usable
27810_left_flip.jpeg,1,usable
38030_right_rot270.jpeg,1,usable
5540_right_rot90.jpeg,1,usable
30118_left_rot180.jpeg,1,usable
43199_left_flip.jpeg,1,usable
7553_left_rot180.jpeg,1,usable
32566_left_rot180.jpeg,1,usable
5890_right_flip.jpeg,1,usable
10125_left_rot270.jpeg,1,usable
11855_left_flip.jpeg,1,usable
38434_left_flip.jpeg,1,usable
43749_right_rot180.jpeg,1,usable
31685_right_rot90.jpeg,1,usable
13239_left_rot270.jpeg,1,usable
13784_right_rot180.jpeg,1,usable
4764_right_rot90.jpeg,1,usable
41961_right_flip.jpeg,1,usable
18443_left_flip.jpeg,1,usable
39595_left_rot180.jpeg,1,usable
9266_right_rot270.jpeg,1,usable
43758_right_rot90.jpeg,1,usable
8378_left_rot270.jpeg,1,usable
21110_right_flip.jpeg,1,usable
11222_right_flip.jpeg,1,usable
21501_right_rot270.jpeg,1,usable
15089_left_rot270.jpeg,1,usable
19896_left_rot270.jpeg,1,usable
13390_right_rot90.jpeg,1,usable
15868_left_flip.jpeg,1,usable
3846_left_rot90.jpeg,1,usable
12468_right_rot90.jpeg,1,usable
6190_left_rot90.jpeg,1,usable
40473_left_rot90.jpeg,1,usable
21429_left_rot270.jpeg,1,usable
43753_left_rot270.jpeg,1,usable
11527_right_rot270.jpeg,1,usable
22478_right_rot180.jpeg,1,usable
31951_left_rot90.jpeg,1,usable
39902_right_rot270.jpeg,1,usable
40712_right_flip.jpeg,1,usable
9511_right_flip.jpeg,1,usable
33793_left_flip.jpeg,1,usable
3317_left_rot270.jpeg,1,usable
28721_right_rot270.jpeg,1,usable
26331_left_flip.jpeg,1,usable
24104_left_rot90.jpeg,1,usable
13597_left_rot90.jpeg,1,usable
16543_right_rot270.jpeg,1,usable
21769_left_rot180.jpeg,1,usable
39441_left_flip.jpeg,1,usable
33417_left_rot270.jpeg,1,usable
34223_right_rot180.jpeg,1,usable
42871_left_flip.jpeg,1,usable
37875_right_flip.jpeg,1,usable
8424_left_rot270.jpeg,1,usable
17843_left_rot180.jpeg,1,usable
1509_left_rot90.jpeg,1,usable
11314_left_rot180.jpeg,1,usable
3695_right_flip.jpeg,1,usable
7785_right_rot90.jpeg,1,usable
25175_right_rot180.jpeg,1,usable
6707_right_rot180.jpeg,1,usable
39399_left_rot270.jpeg,1,usable
13391_left_flip.jpeg,1,usable
39679_right_rot180.jpeg,1,usable
18804_left_rot270.jpeg,1,usable
8798_left_rot270.jpeg,1,usable
25303_left_rot90.jpeg,1,usable
8754_right_rot180.jpeg,1,usable
42235_right_rot180.jpeg,1,usable
42365_right_rot180.jpeg,1,usable
16047_right_rot180.jpeg,1,usable
31695_right_rot90.jpeg,1,usable
876_left_rot180.jpeg,1,usable
21675_right_flip.jpeg,1,usable
27094_right_flip.jpeg,1,usable
17048_left_rot270.jpeg,1,usable
13391_left_rot90.jpeg,1,usable
29450_left_rot180.jpeg,1,usable
23075_left_rot90.jpeg,1,usable
26447_right_rot90.jpeg,1,usable
4740_left_flip.jpeg,1,usable
2962_left_rot180.jpeg,1,usable
47_right_rot90.jpeg,1,usable
37616_right_rot270.jpeg,1,usable
18874_right_flip.jpeg,1,usable
8673_left_rot270.jpeg,1,usable
22836_left_rot90.jpeg,1,usable
22017_right_rot180.jpeg,1,usable
509_left_rot90.jpeg,1,usable
26752_right_rot180.jpeg,1,usable
14202_left_rot270.jpeg,1,usable
8616_left_flip.jpeg,1,usable
316_right_rot180.jpeg,1,usable
2697_left_rot90.jpeg,1,usable
11314_left_rot270.jpeg,1,usable
11314_left_flip.jpeg,1,usable
44218_right_rot90.jpeg,1,usable
19771_left_rot270.jpeg,1,usable
31764_left_rot180.jpeg,1,usable
10864_right_rot180.jpeg,1,usable
28260_right_rot180.jpeg,1,usable
31006_left_rot270.jpeg,1,usable
21700_left_rot90.jpeg,1,usable
190_left_flip.jpeg,1,usable
24391_left_rot90.jpeg,1,usable
33983_right_rot180.jpeg,1,usable
15646_left_flip.jpeg,1,usable
25816_right_flip.jpeg,1,usable
12977_left_rot270.jpeg,1,usable
1391_left_flip.jpeg,1,usable
9396_left_rot90.jpeg,1,usable
29195_right_flip.jpeg,1,usable
21835_left_rot90.jpeg,1,usable
40408_right_rot90.jpeg,1,usable
33412_right_rot90.jpeg,1,usable
23453_right_rot270.jpeg,1,usable
30077_left_flip.jpeg,1,usable
14228_right_flip.jpeg,1,usable
1959_left_flip.jpeg,1,usable
29502_right_rot180.jpeg,1,usable
21096_left_flip.jpeg,1,usable
12870_left_rot180.jpeg,1,usable
32055_left_rot180.jpeg,1,usable
29474_left_flip.jpeg,1,usable
19149_left_rot180.jpeg,1,usable
25751_right_rot90.jpeg,1,usable
7785_right_rot180.jpeg,1,usable
33358_right_rot90.jpeg,1,usable
39674_left_rot180.jpeg,1,usable
2174_left_rot180.jpeg,1,usable
17114_left_flip.jpeg,1,usable
32986_left_rot270.jpeg,1,usable
24877_left_flip.jpeg,1,usable
32500_right_flip.jpeg,1,usable
25562_left_rot270.jpeg,1,usable
21793_right_flip.jpeg,1,usable
27512_left_rot270.jpeg,1,usable
36860_left_rot90.jpeg,1,usable
26126_right_rot270.jpeg,1,usable
1727_left_rot270.jpeg,1,usable
7767_left_rot90.jpeg,1,usable
26070_left_rot90.jpeg,1,usable
18367_right_rot180.jpeg,1,usable
9511_right_rot270.jpeg,1,usable
28007_right_rot180.jpeg,1,usable
8390_right_rot90.jpeg,1,usable
8616_left_rot180.jpeg,1,usable
31891_right_rot270.jpeg,1,usable
1981_left_rot270.jpeg,1,usable
13837_left_rot270.jpeg,1,usable
9840_left_flip.jpeg,1,usable
15218_left_rot180.jpeg,1,usable
19124_left_rot90.jpeg,1,usable
10934_left_rot270.jpeg,1,usable
19803_right_rot270.jpeg,1,usable
35925_left_rot180.jpeg,1,usable
27893_right_rot90.jpeg,1,usable
14681_left_rot180.jpeg,1,usable
35232_right_rot180.jpeg,1,usable
5336_left_rot270.jpeg,1,usable
34242_right_rot180.jpeg,1,usable
27920_left_flip.jpeg,1,usable
39809_left_rot270.jpeg,1,usable
35834_right_rot180.jpeg,1,usable
17163_left_rot270.jpeg,1,usable
1985_right_rot180.jpeg,1,usable
16550_left_flip.jpeg,1,usable
38277_left_rot180.jpeg,1,usable
1763_right_rot270.jpeg,1,usable
2550_left_rot270.jpeg,1,usable
25713_right_rot90.jpeg,1,usable
20819_left_rot180.jpeg,1,usable
28260_right_rot270.jpeg,1,usable
20351_left_rot90.jpeg,1,usable
41312_right_flip.jpeg,1,usable
23949_right_rot270.jpeg,1,usable
863_left_flip.jpeg,1,usable
23540_right_rot270.jpeg,1,usable
17209_left_flip.jpeg,1,usable
2436_left_flip.jpeg,1,usable
31117_right_rot90.jpeg,1,usable
8895_left_rot90.jpeg,1,usable
42235_right_rot90.jpeg,1,usable
2322_left_rot180.jpeg,1,usable
15027_right_rot180.jpeg,1,usable
37757_right_flip.jpeg,1,usable
9795_left_flip.jpeg,1,usable
15428_left_flip.jpeg,1,usable
32894_left_rot270.jpeg,1,usable
18194_right_rot270.jpeg,1,usable
18546_left_rot180.jpeg,1,usable
35062_left_rot270.jpeg,1,usable
24545_left_rot270.jpeg,1,usable
21176_left_rot180.jpeg,1,usable
27920_left_rot90.jpeg,1,usable
2646_left_rot270.jpeg,1,usable
12590_right_rot180.jpeg,1,usable
37496_right_rot270.jpeg,1,usable
8388_right_rot180.jpeg,1,usable
42819_left_rot270.jpeg,1,usable
30069_left_rot90.jpeg,1,usable
19124_left_rot270.jpeg,1,usable
5766_left_flip.jpeg,1,usable
37116_right_flip.jpeg,1,usable
30636_right_flip.jpeg,1,usable
27845_right_rot270.jpeg,1,usable
32077_left_flip.jpeg,1,usable
998_left_flip.jpeg,1,usable
27920_right_rot90.jpeg,1,usable
19516_right_flip.jpeg,1,usable
27920_right_flip.jpeg,1,usable
3542_right_flip.jpeg,1,usable
43334_right_flip.jpeg,1,usable
38349_right_rot270.jpeg,1,usable
22546_right_rot180.jpeg,1,usable
35666_right_flip.jpeg,1,usable
6645_left_rot270.jpeg,1,usable
4972_right_flip.jpeg,1,usable
17272_left_rot270.jpeg,1,usable
32427_right_rot90.jpeg,1,usable
26126_right_flip.jpeg,1,usable
38478_left_rot270.jpeg,1,usable
14201_right_rot270.jpeg,1,usable
19892_right_rot270.jpeg,1,usable
33983_left_rot180.jpeg,1,usable
20137_right_rot90.jpeg,1,usable
18197_right_rot180.jpeg,1,usable
26679_right_rot90.jpeg,1,usable
2071_left_rot180.jpeg,1,usable
27140_left_rot270.jpeg,1,usable
31441_right_rot90.jpeg,1,usable
29896_left_rot90.jpeg,1,usable
31916_right_rot270.jpeg,1,usable
8484_right_rot270.jpeg,1,usable
12316_right_rot270.jpeg,1,usable
13220_right_rot270.jpeg,1,usable
38176_right_rot270.jpeg,1,usable
9779_right_rot270.jpeg,1,usable
33422_right_rot270.jpeg,1,usable
28098_left_rot180.jpeg,1,usable
3695_right_rot270.jpeg,1,usable
16061_right_flip.jpeg,1,usable
32055_left_rot90.jpeg,1,usable
18163_right_rot90.jpeg,1,usable
16967_right_rot270.jpeg,1,usable
42073_left_rot180.jpeg,1,usable
36254_right_rot270.jpeg,1,usable
11155_right_rot270.jpeg,1,usable
26396_left_rot180.jpeg,1,usable
23904_left_rot90.jpeg,1,usable
21018_right_rot90.jpeg,1,usable
32055_right_rot270.jpeg,1,usable
39676_right_flip.jpeg,1,usable
27225_right_flip.jpeg,1,usable
32773_left_rot180.jpeg,1,usable
36362_right_flip.jpeg,1,usable
39502_left_rot90.jpeg,1,usable
17669_right_rot180.jpeg,1,usable
32015_left_flip.jpeg,1,usable
35683_left_rot270.jpeg,1,usable
2339_left_rot270.jpeg,1,usable
42024_right_rot90.jpeg,1,usable
31117_right_flip.jpeg,1,usable
30101_right_rot180.jpeg,1,usable
12353_left_rot270.jpeg,1,usable
21741_right_rot270.jpeg,1,usable
13730_left_rot180.jpeg,1,usable
41681_left_rot180.jpeg,1,usable
5052_right_rot180.jpeg,1,usable
35027_right_flip.jpeg,1,usable
18656_left_rot180.jpeg,1,usable
28586_left_rot90.jpeg,1,usable
25331_left_rot90.jpeg,1,usable
30414_right_flip.jpeg,1,usable
26684_left_flip.jpeg,1,usable
40435_right_rot180.jpeg,1,usable
34072_right_rot270.jpeg,1,usable
7842_left_flip.jpeg,1,usable
18367_right_rot270.jpeg,1,usable
21206_right_flip.jpeg,1,usable
26669_left_rot180.jpeg,1,usable
11222_right_rot180.jpeg,1,usable
9977_left_flip.jpeg,1,usable
17362_right_rot270.jpeg,1,usable
4886_left_flip.jpeg,1,usable
18483_left_flip.jpeg,1,usable
29307_left_flip.jpeg,1,usable
22524_right_flip.jpeg,1,usable
3473_right_rot90.jpeg,1,usable
8999_left_rot90.jpeg,1,usable
35842_left_rot270.jpeg,1,usable
18446_right_rot90.jpeg,1,usable
18408_left_flip.jpeg,1,usable
21793_right_rot180.jpeg,1,usable
17362_right_rot180.jpeg,1,usable
17284_left_rot270.jpeg,1,usable
22210_right_rot90.jpeg,1,usable
40679_right_rot90.jpeg,1,usable
43592_right_rot180.jpeg,1,usable
14916_left_rot270.jpeg,1,usable
2862_right_flip.jpeg,1,usable
27136_left_rot270.jpeg,1,usable
23248_left_flip.jpeg,1,usable
14457_right_rot270.jpeg,1,usable
22306_right_rot270.jpeg,1,usable
32427_right_flip.jpeg,1,usable
41105_left_rot90.jpeg,1,usable
13651_left_rot180.jpeg,1,usable
7393_right_rot180.jpeg,1,usable
8091_left_rot90.jpeg,1,usable
26955_left_rot180.jpeg,1,usable
1835_right_rot270.jpeg,1,usable
39459_left_flip.jpeg,1,usable
5443_right_rot270.jpeg,1,usable
27365_left_rot180.jpeg,1,usable
24523_left_rot90.jpeg,1,usable
14169_left_rot180.jpeg,1,usable
26705_left_flip.jpeg,1,usable
35714_left_rot90.jpeg,1,usable
26888_left_rot270.jpeg,1,usable
36625_left_rot90.jpeg,1,usable
30906_left_flip.jpeg,1,usable
28515_right_rot90.jpeg,1,usable
26005_right_rot180.jpeg,1,usable
11222_right_rot270.jpeg,1,usable
22916_left_rot270.jpeg,1,usable
21179_left_flip.jpeg,1,usable
35714_left_rot270.jpeg,1,usable
35842_left_flip.jpeg,1,usable
18346_right_rot270.jpeg,1,usable
30945_left_flip.jpeg,1,usable
11155_right_flip.jpeg,1,usable
35131_left_rot90.jpeg,1,usable
35927_left_rot270.jpeg,1,usable
23975_left_rot90.jpeg,1,usable
29442_right_rot90.jpeg,1,usable
10297_right_rot90.jpeg,1,usable
24222_right_rot90.jpeg,1,usable
9518_right_rot90.jpeg,1,usable
22836_left_rot180.jpeg,1,usable
28756_right_rot180.jpeg,1,usable
14587_left_rot90.jpeg,1,usable
25407_left_rot180.jpeg,1,usable
41659_left_rot180.jpeg,1,usable
43255_left_rot180.jpeg,1,usable
3501_right_rot180.jpeg,1,usable
23014_left_rot180.jpeg,1,usable
12867_right_flip.jpeg,1,usable
34223_left_rot270.jpeg,1,usable
32658_left_rot90.jpeg,1,usable
13488_left_rot180.jpeg,1,usable
14026_right_rot90.jpeg,1,usable
29935_left_rot90.jpeg,1,usable
2405_left_flip.jpeg,1,usable
7859_left_rot90.jpeg,1,usable
15553_left_rot90.jpeg,1,usable
34913_right_flip.jpeg,1,usable
8895_left_rot180.jpeg,1,usable
12149_right_rot90.jpeg,1,usable
27107_right_rot90.jpeg,1,usable
42530_left_flip.jpeg,1,usable
6199_left_rot270.jpeg,1,usable
37017_right_rot270.jpeg,1,usable
17163_left_flip.jpeg,1,usable
25331_left_rot180.jpeg,1,usable
5525_right_rot90.jpeg,1,usable
18297_left_flip.jpeg,1,usable
27037_left_rot90.jpeg,1,usable
3695_right_rot90.jpeg,1,usable
42896_right_flip.jpeg,1,usable
13150_right_rot270.jpeg,1,usable
42819_left_rot180.jpeg,1,usable
27550_left_rot270.jpeg,1,usable
2646_left_flip.jpeg,1,usable
21190_left_rot180.jpeg,1,usable
18069_left_rot270.jpeg,1,usable
1509_right_rot270.jpeg,1,usable
41804_right_rot90.jpeg,1,usable
15652_right_rot270.jpeg,1,usable
8074_right_rot270.jpeg,1,usable
26396_left_rot270.jpeg,1,usable
29702_right_flip.jpeg,1,usable
25669_right_rot90.jpeg,1,usable
4071_left_rot90.jpeg,1,usable
27657_right_rot270.jpeg,1,usable
23803_right_rot270.jpeg,1,usable
38730_left_flip.jpeg,1,usable
31635_right_flip.jpeg,1,usable
10568_left_rot180.jpeg,1,usable
13099_left_rot270.jpeg,1,usable
40052_left_rot180.jpeg,1,usable
6506_right_rot180.jpeg,1,usable
28387_left_rot270.jpeg,1,usable
26299_left_rot90.jpeg,1,usable
7468_left_rot90.jpeg,1,usable
32001_right_rot270.jpeg,1,usable
30073_left_flip.jpeg,1,usable
32766_right_flip.jpeg,1,usable
24368_right_rot90.jpeg,1,usable
37286_right_flip.jpeg,1,usable
5540_right_rot180.jpeg,1,usable
39975_left_rot270.jpeg,1,usable
27299_left_rot180.jpeg,1,usable
31635_right_rot180.jpeg,1,usable
2174_left_flip.jpeg,1,usable
15120_right_rot180.jpeg,1,usable
11909_right_rot180.jpeg,1,usable
5991_left_rot270.jpeg,1,usable
43420_left_rot180.jpeg,1,usable
16946_left_rot90.jpeg,1,usable
8795_right_flip.jpeg,1,usable
21018_right_rot270.jpeg,1,usable
37913_left_flip.jpeg,1,usable
26864_right_rot270.jpeg,1,usable
23725_left_rot180.jpeg,1,usable
32798_right_rot270.jpeg,1,usable
36402_left_flip.jpeg,1,usable
35710_left_rot270.jpeg,1,usable
12231_right_rot90.jpeg,1,usable
27943_right_rot90.jpeg,1,usable
29673_left_flip.jpeg,1,usable
5890_right_rot270.jpeg,1,usable
42135_left_rot270.jpeg,1,usable
4992_right_flip.jpeg,1,usable
30073_right_rot90.jpeg,1,usable
34334_right_rot180.jpeg,1,usable
41205_left_flip.jpeg,1,usable
2702_right_rot90.jpeg,1,usable
34049_left_rot90.jpeg,1,usable
29494_right_rot90.jpeg,1,usable
1348_right_rot90.jpeg,1,usable
40354_right_flip.jpeg,1,usable
16637_left_flip.jpeg,1,usable
16967_right_rot180.jpeg,1,usable
17967_right_rot90.jpeg,1,usable
25080_right_flip.jpeg,1,usable
5039_right_rot270.jpeg,1,usable
35119_right_rot180.jpeg,1,usable
13359_right_flip.jpeg,1,usable
19896_right_rot180.jpeg,1,usable
29754_right_rot270.jpeg,1,usable
8229_left_rot90.jpeg,1,usable
15941_right_flip.jpeg,1,usable
26700_left_rot270.jpeg,1,usable
10028_left_rot270.jpeg,1,usable
6840_left_rot180.jpeg,1,usable
21965_left_rot180.jpeg,1,usable
35979_left_rot180.jpeg,1,usable
13417_right_rot180.jpeg,1,usable
5595_left_rot270.jpeg,1,usable
190_left_rot270.jpeg,1,usable
8754_right_rot90.jpeg,1,usable
27225_right_rot90.jpeg,1,usable
3967_left_rot90.jpeg,1,usable
6700_right_rot270.jpeg,1,usable
38556_right_flip.jpeg,1,usable
3846_left_rot270.jpeg,1,usable
25154_right_flip.jpeg,1,usable
31099_right_rot270.jpeg,1,usable
32721_left_rot180.jpeg,1,usable
41807_right_rot90.jpeg,1,usable
20111_left_rot90.jpeg,1,usable
42073_left_rot270.jpeg,1,usable
26447_right_rot180.jpeg,1,usable
31695_right_rot270.jpeg,1,usable
9957_left_rot180.jpeg,1,usable
22874_right_rot180.jpeg,1,usable
37407_left_rot90.jpeg,1,usable
9183_left_rot270.jpeg,1,usable
26228_left_rot270.jpeg,1,usable
11244_left_flip.jpeg,1,usable
28791_left_rot180.jpeg,1,usable
32430_right_rot270.jpeg,1,usable
9412_right_rot90.jpeg,1,usable
27272_right_rot90.jpeg,1,usable
1624_right_rot270.jpeg,1,usable
13130_right_rot270.jpeg,1,usable
26752_right_flip.jpeg,1,usable
24314_right_rot90.jpeg,1,usable
21073_right_rot270.jpeg,1,usable
39315_right_flip.jpeg,1,usable
6190_left_rot180.jpeg,1,usable
7222_left_flip.jpeg,1,usable
6656_left_flip.jpeg,1,usable
20670_left_rot90.jpeg,1,usable
17179_left_rot270.jpeg,1,usable
24150_left_rot270.jpeg,1,usable
8927_right_flip.jpeg,1,usable
25763_left_rot90.jpeg,1,usable
29620_left_rot90.jpeg,1,usable
9213_left_rot180.jpeg,1,usable
18425_left_flip.jpeg,1,usable
26054_left_flip.jpeg,1,usable
3829_right_flip.jpeg,1,usable
17121_right_rot270.jpeg,1,usable
38522_left_rot90.jpeg,1,usable
8565_left_flip.jpeg,1,usable
30909_right_flip.jpeg,1,usable
22092_right_rot180.jpeg,1,usable
20896_left_rot270.jpeg,1,usable
43036_right_rot270.jpeg,1,usable
9233_left_rot270.jpeg,1,usable
22525_right_rot270.jpeg,1,usable
23975_left_rot270.jpeg,1,usable
41804_left_rot270.jpeg,1,usable
23598_left_rot270.jpeg,1,usable
32773_left_rot90.jpeg,1,usable
5033_right_rot180.jpeg,1,usable
31278_right_rot270.jpeg,1,usable
27810_left_rot270.jpeg,1,usable
19059_right_flip.jpeg,1,usable
40552_left_rot180.jpeg,1,usable
13493_left_rot180.jpeg,1,usable
17332_right_flip.jpeg,1,usable
11314_right_flip.jpeg,1,usable
17248_left_flip.jpeg,1,usable
33374_left_rot90.jpeg,1,usable
36483_left_rot180.jpeg,1,usable
5194_left_rot180.jpeg,1,usable
5911_left_rot90.jpeg,1,usable
20893_right_rot90.jpeg,1,usable
22107_right_rot90.jpeg,1,usable
27140_left_flip.jpeg,1,usable
12018_left_rot90.jpeg,1,usable
35062_left_rot90.jpeg,1,usable
25562_left_rot90.jpeg,1,usable
36671_right_rot270.jpeg,1,usable
10886_left_rot180.jpeg,1,usable
20319_right_rot270.jpeg,1,usable
41336_right_rot180.jpeg,1,usable
11929_left_flip.jpeg,1,usable
11155_right_rot90.jpeg,1,usable
39358_right_flip.jpeg,1,usable
34097_left_rot270.jpeg,1,usable
15588_left_rot270.jpeg,1,usable
11123_right_flip.jpeg,1,usable
21173_right_flip.jpeg,1,usable
35583_right_rot270.jpeg,1,usable
27832_left_flip.jpeg,1,usable
6927_right_flip.jpeg,1,usable
4161_left_rot270.jpeg,1,usable
15794_right_rot270.jpeg,1,usable
4077_left_rot90.jpeg,1,usable
9682_right_rot270.jpeg,1,usable
17801_left_rot270.jpeg,1,usable
11684_right_rot180.jpeg,1,usable
29492_right_rot180.jpeg,1,usable
43802_right_flip.jpeg,1,usable
6217_left_rot270.jpeg,1,usable
42665_left_flip.jpeg,1,usable
12133_left_rot270.jpeg,1,usable
10134_left_rot270.jpeg,1,usable
18732_right_rot180.jpeg,1,usable
49_left_rot90.jpeg,1,usable
13409_right_flip.jpeg,1,usable
14074_right_flip.jpeg,1,usable
43476_left_flip.jpeg,1,usable
19516_right_rot90.jpeg,1,usable
22853_right_rot180.jpeg,1,usable
20797_right_rot90.jpeg,1,usable
22410_right_flip.jpeg,1,usable
23851_left_rot270.jpeg,1,usable
17277_left_rot180.jpeg,1,usable
6199_left_rot180.jpeg,1,usable
31596_left_flip.jpeg,1,usable
9478_right_rot180.jpeg,1,usable
15711_right_rot90.jpeg,1,usable
6656_left_rot90.jpeg,1,usable
34889_right_rot270.jpeg,1,usable
26856_right_rot180.jpeg,1,usable
29494_left_rot180.jpeg,1,usable
44056_left_rot90.jpeg,1,usable
32055_right_rot180.jpeg,1,usable
35487_left_rot90.jpeg,1,usable
17760_left_rot270.jpeg,1,usable
13597_left_flip.jpeg,1,usable
35666_right_rot180.jpeg,1,usable
7393_left_rot180.jpeg,1,usable
32655_right_flip.jpeg,1,usable
31784_right_rot90.jpeg,1,usable
18016_right_rot270.jpeg,1,usable
35112_right_rot180.jpeg,1,usable
11624_right_rot180.jpeg,1,usable
41067_right_flip.jpeg,1,usable
4077_right_flip.jpeg,1,usable
20819_left_flip.jpeg,1,usable
8390_right_flip.jpeg,1,usable
31625_left_flip.jpeg,1,usable
38200_right_flip.jpeg,1,usable
34697_left_rot90.jpeg,1,usable
8876_right_rot180.jpeg,1,usable
11624_right_rot90.jpeg,1,usable
33983_right_rot270.jpeg,1,usable
560_left_rot180.jpeg,1,usable
1142_left_rot270.jpeg,1,usable
34880_left_rot270.jpeg,1,usable
26705_left_rot180.jpeg,1,usable
15588_left_rot90.jpeg,1,usable
30778_right_rot90.jpeg,1,usable
4253_left_rot180.jpeg,1,usable
20799_right_rot180.jpeg,1,usable
17779_left_flip.jpeg,1,usable
33417_left_flip.jpeg,1,usable
42358_right_rot90.jpeg,1,usable
31621_left_rot180.jpeg,1,usable
15563_left_flip.jpeg,1,usable
531_right_flip.jpeg,1,usable
32600_right_rot180.jpeg,1,usable
28901_left_flip.jpeg,1,usable
19549_right_rot90.jpeg,1,usable
44205_right_rot270.jpeg,1,usable
31784_right_rot180.jpeg,1,usable
17615_right_flip.jpeg,1,usable
26659_right_rot90.jpeg,1,usable
32655_right_rot270.jpeg,1,usable
8378_left_flip.jpeg,1,usable
2712_right_flip.jpeg,1,usable
22667_right_rot180.jpeg,1,usable
30051_left_rot180.jpeg,1,usable
26005_right_rot90.jpeg,1,usable
8484_right_rot180.jpeg,1,usable
37081_right_rot180.jpeg,1,usable
37553_right_rot180.jpeg,1,usable
10297_right_rot180.jpeg,1,usable
4886_left_rot180.jpeg,1,usable
44317_left_rot90.jpeg,1,usable
33725_right_flip.jpeg,1,usable
23916_left_rot180.jpeg,1,usable
6254_right_rot90.jpeg,1,usable
2399_left_rot90.jpeg,1,usable
19897_right_rot90.jpeg,1,usable
28039_right_rot270.jpeg,1,usable
1102_left_rot270.jpeg,1,usable
8360_left_flip.jpeg,1,usable
31050_left_rot90.jpeg,1,usable
42530_left_rot180.jpeg,1,usable
8074_right_flip.jpeg,1,usable
13716_right_flip.jpeg,1,usable
10568_left_rot270.jpeg,1,usable
19505_left_rot270.jpeg,1,usable
30133_left_rot90.jpeg,1,usable
29055_right_rot270.jpeg,1,usable
42689_right_flip.jpeg,1,usable
18315_right_rot90.jpeg,1,usable
17277_left_rot90.jpeg,1,usable
30778_right_flip.jpeg,1,usable
27204_left_flip.jpeg,1,usable
29620_left_rot270.jpeg,1,usable
3967_left_flip.jpeg,1,usable
11289_left_rot270.jpeg,1,usable
34029_left_rot270.jpeg,1,usable
24730_right_rot180.jpeg,1,usable
21042_left_flip.jpeg,1,usable
6217_right_rot270.jpeg,1,usable
9638_right_rot180.jpeg,1,usable
32572_left_flip.jpeg,1,usable
19043_left_rot270.jpeg,1,usable
25763_left_rot180.jpeg,1,usable
14186_left_rot180.jpeg,1,usable
25120_right_rot90.jpeg,1,usable
25989_left_flip.jpeg,1,usable
10244_right_flip.jpeg,1,usable
10605_right_rot180.jpeg,1,usable
8358_left_rot90.jpeg,1,usable
39399_left_flip.jpeg,1,usable
17040_left_flip.jpeg,1,usable
16818_right_rot180.jpeg,1,usable
15942_left_rot90.jpeg,1,usable
5368_left_rot180.jpeg,1,usable
35646_right_rot180.jpeg,1,usable
24170_left_rot270.jpeg,1,usable
39502_left_flip.jpeg,1,usable
19581_right_rot270.jpeg,1,usable
16748_right_rot90.jpeg,1,usable
9779_left_flip.jpeg,1,usable
18837_left_rot270.jpeg,1,usable
11301_left_rot180.jpeg,1,usable
41312_left_rot90.jpeg,1,usable
7842_left_rot180.jpeg,1,usable
19402_right_flip.jpeg,1,usable
30163_right_rot180.jpeg,1,usable
17424_right_rot270.jpeg,1,usable
12468_right_rot180.jpeg,1,usable
18320_left_flip.jpeg,1,usable
21269_right_flip.jpeg,1,usable
20145_left_rot270.jpeg,1,usable
27138_left_rot180.jpeg,1,usable
3320_right_rot180.jpeg,1,usable
27138_left_rot90.jpeg,1,usable
7929_left_rot180.jpeg,1,usable
30945_left_rot270.jpeg,1,usable
6745_right_rot90.jpeg,1,usable
5186_right_rot90.jpeg,1,usable
1501_left_rot180.jpeg,1,usable
34636_right_rot90.jpeg,1,usable
8499_left_rot180.jpeg,1,usable
12208_right_rot90.jpeg,1,usable
34223_left_rot90.jpeg,1,usable
1698_left_rot180.jpeg,1,usable
43584_right_rot180.jpeg,1,usable
41894_right_rot180.jpeg,1,usable
35919_right_rot270.jpeg,1,usable
41205_left_rot180.jpeg,1,usable
27845_right_rot180.jpeg,1,usable
21251_right_flip.jpeg,1,usable
13190_left_rot90.jpeg,1,usable
8344_left_rot270.jpeg,1,usable
11527_right_rot90.jpeg,1,usable
998_left_rot270.jpeg,1,usable
35992_right_rot90.jpeg,1,usable
40961_right_flip.jpeg,1,usable
31441_right_rot270.jpeg,1,usable
8121_left_flip.jpeg,1,usable
40679_right_flip.jpeg,1,usable
39205_left_flip.jpeg,1,usable
32196_right_rot180.jpeg,1,usable
11032_left_rot180.jpeg,1,usable
9779_right_rot180.jpeg,1,usable
14320_right_rot180.jpeg,1,usable
36965_right_rot90.jpeg,1,usable
39399_left_rot180.jpeg,1,usable
19328_right_rot90.jpeg,1,usable
27694_left_rot180.jpeg,1,usable
30996_right_rot90.jpeg,1,usable
37675_right_rot270.jpeg,1,usable
9082_right_flip.jpeg,1,usable
18346_right_flip.jpeg,1,usable
22737_left_flip.jpeg,1,usable
37769_right_rot270.jpeg,1,usable
5869_right_rot90.jpeg,1,usable
40787_right_flip.jpeg,1,usable
25890_right_rot180.jpeg,1,usable
4121_right_rot180.jpeg,1,usable
4158_left_rot180.jpeg,1,usable
199_right_rot90.jpeg,1,usable
26337_left_flip.jpeg,1,usable
9526_right_rot180.jpeg,1,usable
12867_right_rot180.jpeg,1,usable
8096_right_rot90.jpeg,1,usable
28581_right_rot270.jpeg,1,usable
1188_left_rot180.jpeg,1,usable
1550_left_flip.jpeg,1,usable
8533_left_rot90.jpeg,1,usable
12010_right_rot270.jpeg,1,usable
28318_right_rot90.jpeg,1,usable
36395_left_flip.jpeg,1,usable
14989_right_rot90.jpeg,1,usable
18404_left_rot270.jpeg,1,usable
38175_right_flip.jpeg,1,usable
2952_right_rot90.jpeg,1,usable
42557_left_flip.jpeg,1,usable
29909_right_flip.jpeg,1,usable
1624_right_rot90.jpeg,1,usable
8927_right_rot180.jpeg,1,usable
7393_left_flip.jpeg,1,usable
39679_right_flip.jpeg,1,usable
694_left_rot180.jpeg,1,usable
27893_right_rot270.jpeg,1,usable
43946_right_rot90.jpeg,1,usable
1777_left_rot180.jpeg,1,usable
21073_right_flip.jpeg,1,usable
43603_left_rot270.jpeg,1,usable
16114_left_rot180.jpeg,1,usable
29620_left_flip.jpeg,1,usable
24916_right_rot90.jpeg,1,usable
7929_left_rot270.jpeg,1,usable
10643_left_rot180.jpeg,1,usable
9638_right_flip.jpeg,1,usable
1391_left_rot180.jpeg,1,usable
22092_right_rot270.jpeg,1,usable
12325_left_rot270.jpeg,1,usable
31967_left_rot90.jpeg,1,usable
34049_left_rot270.jpeg,1,usable
11123_right_rot270.jpeg,1,usable
35487_right_flip.jpeg,1,usable
10279_left_rot180.jpeg,1,usable
25482_right_rot270.jpeg,1,usable
35027_right_rot180.jpeg,1,usable
36494_left_rot90.jpeg,1,usable
38887_right_rot180.jpeg,1,usable
42970_left_flip.jpeg,1,usable
8655_right_rot90.jpeg,1,usable
27472_left_rot180.jpeg,1,usable
17114_left_rot90.jpeg,1,usable
21173_right_rot270.jpeg,1,usable
7761_left_rot90.jpeg,1,usable
37548_right_rot270.jpeg,1,usable
35731_right_rot270.jpeg,1,usable
3273_left_rot180.jpeg,1,usable
25955_left_rot270.jpeg,1,usable
28379_left_rot90.jpeg,1,usable
10643_left_rot270.jpeg,1,usable
15595_left_rot180.jpeg,1,usable
863_left_rot180.jpeg,1,usable
21190_left_rot270.jpeg,1,usable
10241_right_rot180.jpeg,1,usable
37116_right_rot90.jpeg,1,usable
43196_left_rot270.jpeg,1,usable
31136_left_rot90.jpeg,1,usable
27204_left_rot270.jpeg,1,usable
13716_right_rot180.jpeg,1,usable
30414_right_rot180.jpeg,1,usable
12525_right_rot270.jpeg,1,usable
43592_right_flip.jpeg,1,usable
40821_right_rot180.jpeg,1,usable
39298_left_rot90.jpeg,1,usable
37582_right_flip.jpeg,1,usable
34304_left_rot90.jpeg,1,usable
10745_right_rot180.jpeg,1,usable
18016_right_rot90.jpeg,1,usable
32072_right_flip.jpeg,1,usable
43496_left_rot90.jpeg,1,usable
43255_left_rot270.jpeg,1,usable
21741_right_flip.jpeg,1,usable
9682_right_rot180.jpeg,1,usable
18367_left_rot90.jpeg,1,usable
12662_left_rot90.jpeg,1,usable
10437_left_flip.jpeg,1,usable
13130_right_rot90.jpeg,1,usable
5220_left_rot90.jpeg,1,usable
19346_left_rot270.jpeg,1,usable
3846_left_rot180.jpeg,1,usable
27225_left_rot90.jpeg,1,usable
24523_left_rot180.jpeg,1,usable
29702_left_rot180.jpeg,1,usable
18320_left_rot180.jpeg,1,usable
17801_right_rot270.jpeg,1,usable
32430_right_flip.jpeg,1,usable
15563_left_rot90.jpeg,1,usable
2322_left_flip.jpeg,1,usable
22424_right_rot270.jpeg,1,usable
11058_right_rot270.jpeg,1,usable
34992_right_rot180.jpeg,1,usable
28840_left_rot90.jpeg,1,usable
10147_right_rot90.jpeg,1,usable
42828_left_flip.jpeg,1,usable
10384_right_rot180.jpeg,1,usable
17698_left_rot180.jpeg,1,usable
18069_left_flip.jpeg,1,usable
32686_left_rot90.jpeg,1,usable
35453_right_rot180.jpeg,1,usable
36625_left_rot180.jpeg,1,usable
18815_right_rot90.jpeg,1,usable
22144_right_rot270.jpeg,1,usable
28019_right_rot90.jpeg,1,usable
8190_right_flip.jpeg,1,usable
20808_right_rot180.jpeg,1,usable
26168_right_flip.jpeg,1,usable
19586_left_rot180.jpeg,1,usable
11555_left_rot270.jpeg,1,usable
6927_right_rot90.jpeg,1,usable
24681_left_rot180.jpeg,1,usable
1100_right_rot270.jpeg,1,usable
39612_left_rot270.jpeg,1,usable
9795_left_rot180.jpeg,1,usable
10729_left_flip.jpeg,1,usable
18233_right_rot180.jpeg,1,usable
8452_left_rot270.jpeg,1,usable
24484_left_flip.jpeg,1,usable
26856_right_flip.jpeg,1,usable
38889_left_rot270.jpeg,1,usable
16042_left_rot90.jpeg,1,usable
10409_left_rot180.jpeg,1,usable
15023_right_rot180.jpeg,1,usable
42815_left_rot270.jpeg,1,usable
2823_right_rot270.jpeg,1,usable
8388_right_rot90.jpeg,1,usable
22677_left_rot270.jpeg,1,usable
21429_left_rot180.jpeg,1,usable
41041_right_rot180.jpeg,1,usable
21948_right_rot270.jpeg,1,usable
28458_left_flip.jpeg,1,usable
24993_right_rot90.jpeg,1,usable
26438_left_flip.jpeg,1,usable
36999_left_rot90.jpeg,1,usable
4227_left_flip.jpeg,1,usable
30489_right_rot90.jpeg,1,usable
12316_left_rot90.jpeg,1,usable
32658_left_rot270.jpeg,1,usable
42689_right_rot180.jpeg,1,usable
28559_left_rot180.jpeg,1,usable
13786_right_flip.jpeg,1,usable
40005_right_rot90.jpeg,1,usable
15515_right_rot270.jpeg,1,usable
17209_left_rot90.jpeg,1,usable
43362_left_rot180.jpeg,1,usable
38949_right_rot270.jpeg,1,usable
13784_right_flip.jpeg,1,usable
13214_right_rot180.jpeg,1,usable
43420_left_rot90.jpeg,1,usable
1100_left_rot180.jpeg,1,usable
31862_left_rot270.jpeg,1,usable
34636_right_flip.jpeg,1,usable
40961_right_rot270.jpeg,1,usable
41312_left_rot270.jpeg,1,usable
49_left_rot180.jpeg,1,usable
26877_right_rot90.jpeg,1,usable
23248_left_rot180.jpeg,1,usable
30069_left_rot180.jpeg,1,usable
1076_left_flip.jpeg,1,usable
21268_right_rot270.jpeg,1,usable
12214_right_rot90.jpeg,1,usable
2496_right_rot180.jpeg,1,usable
29442_right_rot270.jpeg,1,usable
37859_right_rot270.jpeg,1,usable
29896_left_flip.jpeg,1,usable
41749_left_flip.jpeg,1,usable
6855_right_rot270.jpeg,1,usable
31446_left_rot180.jpeg,1,usable
2322_left_rot90.jpeg,1,usable
3608_left_rot90.jpeg,1,usable
1959_left_rot90.jpeg,1,usable
41894_right_rot270.jpeg,1,usable
10864_right_flip.jpeg,1,usable
29910_left_rot90.jpeg,1,usable
38650_left_rot90.jpeg,1,usable
19692_right_rot180.jpeg,1,usable
17915_left_rot90.jpeg,1,usable
35714_left_flip.jpeg,1,usable
36167_left_flip.jpeg,1,usable
21042_left_rot270.jpeg,1,usable
11923_right_rot180.jpeg,1,usable
26766_left_rot90.jpeg,1,usable
1640_right_rot270.jpeg,1,usable
7733_right_rot270.jpeg,1,usable
27094_right_rot180.jpeg,1,usable
25679_left_rot90.jpeg,1,usable
39544_right_flip.jpeg,1,usable
41798_right_rot180.jpeg,1,usable
8074_right_rot90.jpeg,1,usable
2131_left_rot270.jpeg,1,usable
37938_left_flip.jpeg,1,usable
3473_right_flip.jpeg,1,usable
20751_left_flip.jpeg,1,usable
7063_right_rot90.jpeg,1,usable
14986_right_rot90.jpeg,1,usable
8652_right_rot180.jpeg,1,usable
30666_left_flip.jpeg,1,usable
21618_left_rot270.jpeg,1,usable
9478_right_rot90.jpeg,1,usable
3557_right_flip.jpeg,1,usable
18902_right_rot270.jpeg,1,usable
32454_right_rot90.jpeg,1,usable
21501_right_flip.jpeg,1,usable
40897_right_rot180.jpeg,1,usable
5530_left_rot90.jpeg,1,usable
3700_left_rot180.jpeg,1,usable
41067_left_rot270.jpeg,1,usable
40757_right_rot180.jpeg,1,usable
11056_right_flip.jpeg,1,usable
9795_left_rot270.jpeg,1,usable
7276_left_flip.jpeg,1,usable
36402_left_rot90.jpeg,1,usable
43612_right_flip.jpeg,1,usable
18901_right_rot270.jpeg,1,usable
36359_right_rot270.jpeg,1,usable
32863_left_rot270.jpeg,1,usable
21558_left_rot270.jpeg,1,usable
13230_left_flip.jpeg,1,usable
2108_right_rot90.jpeg,1,usable
30906_left_rot180.jpeg,1,usable
31312_right_rot270.jpeg,1,usable
28660_left_rot180.jpeg,1,usable
29055_right_rot180.jpeg,1,usable
42397_left_rot180.jpeg,1,usable
25890_left_flip.jpeg,1,usable
21189_left_rot90.jpeg,1,usable
43476_right_flip.jpeg,1,usable
3914_right_rot180.jpeg,1,usable
3273_left_rot270.jpeg,1,usable
31344_left_rot90.jpeg,1,usable
28477_left_rot90.jpeg,1,usable
31777_right_rot90.jpeg,1,usable
4793_left_rot180.jpeg,1,usable
39809_left_rot90.jpeg,1,usable
3501_right_rot270.jpeg,1,usable
31685_right_rot180.jpeg,1,usable
15942_left_flip.jpeg,1,usable
1835_right_flip.jpeg,1,usable
15653_left_rot270.jpeg,1,usable
38220_right_rot90.jpeg,1,usable
9670_left_flip.jpeg,1,usable
7859_left_flip.jpeg,1,usable
4253_left_flip.jpeg,1,usable
33746_left_rot180.jpeg,1,usable
42815_left_rot180.jpeg,1,usable
19661_right_rot90.jpeg,1,usable
2962_left_rot90.jpeg,1,usable
28007_right_flip.jpeg,1,usable
4676_right_flip.jpeg,1,usable
29839_right_flip.jpeg,1,usable
15941_right_rot270.jpeg,1,usable
9894_left_rot180.jpeg,1,usable
5332_left_rot180.jpeg,1,usable
7730_right_rot180.jpeg,1,usable
36044_left_rot90.jpeg,1,usable
7137_left_rot90.jpeg,1,usable
37529_right_rot90.jpeg,1,usable
2544_left_rot90.jpeg,1,usable
5304_left_flip.jpeg,1,usable
12149_right_rot180.jpeg,1,usable
27037_left_rot270.jpeg,1,usable
762_right_rot270.jpeg,1,usable
35318_left_rot270.jpeg,1,usable
27374_left_flip.jpeg,1,usable
17779_left_rot270.jpeg,1,usable
8092_right_rot270.jpeg,1,usable
3346_right_flip.jpeg,1,usable
31453_right_rot270.jpeg,1,usable
42665_left_rot180.jpeg,1,usable
17925_left_rot270.jpeg,1,usable
19473_left_rot90.jpeg,1,usable
28460_left_rot270.jpeg,1,usable
19346_left_flip.jpeg,1,usable
23540_right_rot180.jpeg,1,usable
35062_left_flip.jpeg,1,usable
42843_right_flip.jpeg,1,usable
11056_right_rot180.jpeg,1,usable
24730_left_flip.jpeg,1,usable
38407_right_rot270.jpeg,1,usable
27037_left_flip.jpeg,1,usable
4523_right_flip.jpeg,1,usable
14416_left_rot180.jpeg,1,usable
18556_left_flip.jpeg,1,usable
33447_left_rot180.jpeg,1,usable
22668_left_rot180.jpeg,1,usable
11818_left_rot180.jpeg,1,usable
15788_left_rot270.jpeg,1,usable
36747_right_flip.jpeg,1,usable
2544_left_rot180.jpeg,1,usable
10147_right_rot270.jpeg,1,usable
39858_right_rot90.jpeg,1,usable
18010_left_flip.jpeg,1,usable
38349_right_rot180.jpeg,1,usable
13344_right_rot270.jpeg,1,usable
26140_left_rot180.jpeg,1,usable
33412_right_rot270.jpeg,1,usable
35487_right_rot270.jpeg,1,usable
23916_left_rot90.jpeg,1,usable
11289_left_rot90.jpeg,1,usable
17362_left_rot270.jpeg,1,usable
14457_right_rot180.jpeg,1,usable
39993_right_rot270.jpeg,1,usable
34072_right_flip.jpeg,1,usable
10134_left_flip.jpeg,1,usable
33180_right_flip.jpeg,1,usable
15027_left_rot270.jpeg,1,usable
19896_right_rot270.jpeg,1,usable
7008_right_rot90.jpeg,1,usable
20468_left_rot270.jpeg,1,usable
23725_left_rot270.jpeg,1,usable
33374_right_flip.jpeg,1,usable
41074_right_flip.jpeg,1,usable
11120_right_rot270.jpeg,1,usable
14587_left_rot270.jpeg,1,usable
9020_right_rot180.jpeg,1,usable
7425_left_flip.jpeg,1,usable
18656_left_rot270.jpeg,1,usable
29450_right_rot180.jpeg,1,usable
2952_right_rot270.jpeg,1,usable
37169_left_rot180.jpeg,1,usable
4886_left_rot270.jpeg,1,usable
15638_right_rot270.jpeg,1,usable
15011_left_flip.jpeg,1,usable
9282_left_rot270.jpeg,1,usable
13359_right_rot180.jpeg,1,usable
23615_right_flip.jpeg,1,usable
22142_left_rot270.jpeg,1,usable
30205_right_flip.jpeg,1,usable
26365_left_rot270.jpeg,1,usable
9020_right_flip.jpeg,1,usable
23974_left_flip.jpeg,1,usable
21179_left_rot90.jpeg,1,usable
28798_left_rot270.jpeg,1,usable
43362_left_rot90.jpeg,1,usable
5807_right_rot90.jpeg,1,usable
3141_right_flip.jpeg,1,usable
28260_right_rot90.jpeg,1,usable
9001_left_rot270.jpeg,1,usable
18297_left_rot180.jpeg,1,usable
25091_right_rot270.jpeg,1,usable
37350_left_rot180.jpeg,1,usable
11371_left_rot180.jpeg,1,usable
8344_left_rot180.jpeg,1,usable
9628_right_rot270.jpeg,1,usable
30133_left_flip.jpeg,1,usable
34221_right_rot270.jpeg,1,usable
42397_left_rot90.jpeg,1,usable
29666_left_rot180.jpeg,1,usable
7222_left_rot270.jpeg,1,usable
25558_left_rot90.jpeg,1,usable
1509_right_rot180.jpeg,1,usable
34880_left_rot90.jpeg,1,usable
40357_right_rot180.jpeg,1,usable
23248_left_rot270.jpeg,1,usable
20057_right_rot180.jpeg,1,usable
8794_left_rot180.jpeg,1,usable
28007_right_rot270.jpeg,1,usable
23902_right_rot270.jpeg,1,usable
3080_left_rot90.jpeg,1,usable
23572_left_rot270.jpeg,1,usable
39595_left_rot90.jpeg,1,usable
31759_right_rot90.jpeg,1,usable
7403_right_rot180.jpeg,1,usable
8699_right_flip.jpeg,1,usable
29502_right_rot270.jpeg,1,usable
33938_left_rot90.jpeg,1,usable
23902_right_flip.jpeg,1,usable
27086_left_rot270.jpeg,1,usable
2124_left_rot180.jpeg,1,usable
17114_left_rot180.jpeg,1,usable
29608_right_rot180.jpeg,1,usable
28375_right_rot270.jpeg,1,usable
163_right_flip.jpeg,1,usable
26078_right_rot90.jpeg,1,usable
7785_right_flip.jpeg,1,usable
2842_left_rot180.jpeg,1,usable
9251_left_rot90.jpeg,1,usable
33983_left_rot90.jpeg,1,usable
26752_right_rot90.jpeg,1,usable
1959_right_flip.jpeg,1,usable
3144_right_flip.jpeg,1,usable
37166_left_rot270.jpeg,1,usable
12010_right_flip.jpeg,1,usable
35838_right_flip.jpeg,1,usable
8388_right_flip.jpeg,1,usable
28258_right_rot180.jpeg,1,usable
17698_left_rot90.jpeg,1,usable
12561_right_rot90.jpeg,1,usable
43496_right_flip.jpeg,1,usable
13239_left_rot180.jpeg,1,usable
26955_left_flip.jpeg,1,usable
33070_left_rot90.jpeg,1,usable
19149_right_rot180.jpeg,1,usable
27550_left_rot180.jpeg,1,usable
31448_left_flip.jpeg,1,usable
34596_left_flip.jpeg,1,usable
24681_left_rot270.jpeg,1,usable
43612_right_rot270.jpeg,1,usable
41606_right_rot270.jpeg,1,usable
23647_left_rot270.jpeg,1,usable
42636_right_rot90.jpeg,1,usable
812_right_rot90.jpeg,1,usable
7730_right_flip.jpeg,1,usable
44200_left_flip.jpeg,1,usable
22702_right_rot270.jpeg,1,usable
2435_right_flip.jpeg,1,usable
14384_left_rot180.jpeg,1,usable
35666_right_rot270.jpeg,1,usable
1660_left_rot180.jpeg,1,usable
11923_right_rot270.jpeg,1,usable
9266_right_rot180.jpeg,1,usable
26274_right_flip.jpeg,1,usable
40924_left_flip.jpeg,1,usable
15023_right_flip.jpeg,1,usable
2131_left_rot180.jpeg,1,usable
31136_right_rot270.jpeg,1,usable
18837_left_rot180.jpeg,1,usable
22874_right_rot270.jpeg,1,usable
16042_left_rot270.jpeg,1,usable
21632_right_rot90.jpeg,1,usable
13409_right_rot90.jpeg,1,usable
3344_left_rot90.jpeg,1,usable
37913_left_rot90.jpeg,1,usable
40787_right_rot270.jpeg,1,usable
7063_left_rot90.jpeg,1,usable
37169_left_rot270.jpeg,1,usable
42944_left_rot270.jpeg,1,usable
27225_left_rot180.jpeg,1,usable
23851_right_rot180.jpeg,1,usable
30294_left_flip.jpeg,1,usable
33358_right_flip.jpeg,1,usable
23991_left_rot180.jpeg,1,usable
9897_right_rot270.jpeg,1,usable
24002_left_rot180.jpeg,1,usable
28898_right_rot90.jpeg,1,usable
33410_left_rot90.jpeg,1,usable
37624_right_rot90.jpeg,1,usable
30090_left_rot180.jpeg,1,usable
12129_left_rot90.jpeg,1,usable
18422_right_rot180.jpeg,1,usable
13326_left_rot270.jpeg,1,usable
22916_left_flip.jpeg,1,usable
24730_left_rot270.jpeg,1,usable
19766_right_rot90.jpeg,1,usable
23746_right_rot90.jpeg,1,usable
9682_right_flip.jpeg,1,usable
3932_right_flip.jpeg,1,usable
14467_left_rot90.jpeg,1,usable
19521_left_flip.jpeg,1,usable
25091_right_rot180.jpeg,1,usable
26766_left_rot270.jpeg,1,usable
41807_right_rot270.jpeg,1,usable
25907_left_rot270.jpeg,1,usable
3908_right_rot90.jpeg,1,usable
10864_right_rot90.jpeg,1,usable
19399_right_rot90.jpeg,1,usable
19762_left_rot180.jpeg,1,usable
26888_left_flip.jpeg,1,usable
10942_right_rot90.jpeg,1,usable
12149_right_rot270.jpeg,1,usable
27107_right_rot270.jpeg,1,usable
1981_left_rot90.jpeg,1,usable
29608_right_flip.jpeg,1,usable
39805_left_rot180.jpeg,1,usable
28387_left_rot90.jpeg,1,usable
21189_right_rot270.jpeg,1,usable
44249_left_rot180.jpeg,1,usable
7217_right_rot180.jpeg,1,usable
31777_right_rot180.jpeg,1,usable
14416_left_rot270.jpeg,1,usable
29494_left_rot90.jpeg,1,usable
17967_right_flip.jpeg,1,usable
13344_right_flip.jpeg,1,usable
32644_left_rot180.jpeg,1,usable
41961_left_rot180.jpeg,1,usable
26467_right_rot270.jpeg,1,usable
13312_left_rot270.jpeg,1,usable
30675_right_rot90.jpeg,1,usable
39756_left_flip.jpeg,1,usable
30489_right_rot270.jpeg,1,usable
19936_left_rot270.jpeg,1,usable
34186_right_flip.jpeg,1,usable
1509_right_rot90.jpeg,1,usable
5501_left_rot180.jpeg,1,usable
32196_right_rot90.jpeg,1,usable
31784_left_rot270.jpeg,1,usable
27144_left_rot270.jpeg,1,usable
11818_left_rot90.jpeg,1,usable
52_right_rot180.jpeg,1,usable
2405_left_rot180.jpeg,1,usable
43466_left_flip.jpeg,1,usable
23249_left_rot180.jpeg,1,usable
4282_right_rot270.jpeg,1,usable
32600_right_rot90.jpeg,1,usable
32782_left_rot270.jpeg,1,usable
44218_right_rot180.jpeg,1,usable
31955_right_rot90.jpeg,1,usable
42557_left_rot270.jpeg,1,usable
14681_left_rot270.jpeg,1,usable
31131_left_rot90.jpeg,1,usable
38176_right_flip.jpeg,1,usable
6314_right_flip.jpeg,1,usable
8533_left_flip.jpeg,1,usable
44205_left_flip.jpeg,1,usable
17860_right_rot180.jpeg,1,usable
7905_left_rot270.jpeg,1,usable
15595_right_flip.jpeg,1,usable
19114_right_rot90.jpeg,1,usable
15584_left_rot90.jpeg,1,usable
18016_right_flip.jpeg,1,usable
6067_right_rot270.jpeg,1,usable
1640_right_flip.jpeg,1,usable
16408_left_rot270.jpeg,1,usable
15859_left_rot180.jpeg,1,usable
38345_left_rot90.jpeg,1,usable
26337_left_rot90.jpeg,1,usable
19505_left_rot90.jpeg,1,usable
812_right_flip.jpeg,1,usable
29412_right_rot270.jpeg,1,usable
3661_right_flip.jpeg,1,usable
1667_left_rot270.jpeg,1,usable
14530_left_rot90.jpeg,1,usable
15926_left_rot90.jpeg,1,usable
26100_left_flip.jpeg,1,usable
6030_right_flip.jpeg,1,usable
7378_right_rot180.jpeg,1,usable
12944_right_rot90.jpeg,1,usable
8452_left_rot180.jpeg,1,usable
42815_left_rot90.jpeg,1,usable
25751_right_flip.jpeg,1,usable
25159_right_rot180.jpeg,1,usable
17801_right_rot90.jpeg,1,usable
762_right_flip.jpeg,1,usable
23746_right_flip.jpeg,1,usable
28898_right_rot180.jpeg,1,usable
9646_right_flip.jpeg,1,usable
279_right_rot270.jpeg,1,usable
1501_left_rot90.jpeg,1,usable
25280_right_rot90.jpeg,1,usable
41145_right_rot180.jpeg,1,usable
11163_right_rot90.jpeg,1,usable
33912_left_rot90.jpeg,1,usable
7905_left_rot180.jpeg,1,usable
21189_left_rot270.jpeg,1,usable
5100_left_rot270.jpeg,1,usable
13651_left_rot90.jpeg,1,usable
5793_right_flip.jpeg,1,usable
40940_left_rot270.jpeg,1,usable
36232_right_rot90.jpeg,1,usable
41807_right_rot180.jpeg,1,usable
24263_right_flip.jpeg,1,usable
28260_right_flip.jpeg,1,usable
41876_right_flip.jpeg,1,usable
12213_left_flip.jpeg,1,usable
36326_right_flip.jpeg,1,usable
18534_left_rot180.jpeg,1,usable
32483_left_rot90.jpeg,1,usable
23233_right_rot90.jpeg,1,usable
16408_left_flip.jpeg,1,usable
21268_left_flip.jpeg,1,usable
6433_left_flip.jpeg,1,usable
6855_right_flip.jpeg,1,usable
21948_right_rot180.jpeg,1,usable
38889_left_rot90.jpeg,1,usable
33180_right_rot270.jpeg,1,usable
3317_left_flip.jpeg,1,usable
21238_right_flip.jpeg,1,usable
24916_right_rot270.jpeg,1,usable
21558_left_rot90.jpeg,1,usable
14992_right_flip.jpeg,1,usable
9875_right_rot180.jpeg,1,usable
34057_right_rot270.jpeg,1,usable
2869_left_rot180.jpeg,1,usable
7270_right_rot180.jpeg,1,usable
18804_left_rot90.jpeg,1,usable
9761_right_rot180.jpeg,1,usable
18372_left_rot180.jpeg,1,usable
37210_left_flip.jpeg,1,usable
30868_left_rot90.jpeg,1,usable
2844_right_rot180.jpeg,1,usable
38150_right_rot180.jpeg,1,usable
41105_left_rot270.jpeg,1,usable
3779_right_rot270.jpeg,1,usable
14097_left_flip.jpeg,1,usable
33283_right_rot90.jpeg,1,usable
39293_right_rot180.jpeg,1,usable
44200_left_rot180.jpeg,1,usable
3525_right_rot180.jpeg,1,usable
23725_left_rot90.jpeg,1,usable
13359_right_rot270.jpeg,1,usable
20054_left_rot180.jpeg,1,usable
44218_right_flip.jpeg,1,usable
279_right_rot180.jpeg,1,usable
3723_right_rot90.jpeg,1,usable
32894_left_rot90.jpeg,1,usable
41074_right_rot270.jpeg,1,usable
31462_right_rot180.jpeg,1,usable
31621_right_flip.jpeg,1,usable
28375_right_rot180.jpeg,1,usable
11181_left_rot180.jpeg,1,usable
40435_right_flip.jpeg,1,usable
25697_left_rot90.jpeg,1,usable
762_left_rot180.jpeg,1,usable
5540_right_flip.jpeg,1,usable
29755_right_rot180.jpeg,1,usable
35254_right_flip.jpeg,1,usable
5525_left_rot180.jpeg,1,usable
21618_left_rot90.jpeg,1,usable
43169_left_rot90.jpeg,1,usable
37548_right_rot180.jpeg,1,usable
29362_left_rot90.jpeg,1,usable
35919_right_rot180.jpeg,1,usable
28823_left_rot90.jpeg,1,usable
32655_left_rot180.jpeg,1,usable
2405_left_rot90.jpeg,1,usable
25713_right_flip.jpeg,1,usable
34057_right_rot180.jpeg,1,usable
11940_left_rot270.jpeg,1,usable
9584_right_rot180.jpeg,1,usable
24297_left_rot180.jpeg,1,usable
24163_left_flip.jpeg,1,usable
34186_right_rot270.jpeg,1,usable
32186_left_flip.jpeg,1,usable
44267_right_rot270.jpeg,1,usable
30101_right_rot270.jpeg,1,usable
6302_left_flip.jpeg,1,usable
35925_left_flip.jpeg,1,usable
4289_left_rot270.jpeg,1,usable
8754_right_flip.jpeg,1,usable
19472_left_flip.jpeg,1,usable
37017_right_flip.jpeg,1,usable
6889_right_flip.jpeg,1,usable
20137_right_flip.jpeg,1,usable
9177_right_rot270.jpeg,1,usable
40712_right_rot180.jpeg,1,usable
32001_right_rot180.jpeg,1,usable
11974_right_rot180.jpeg,1,usable
9584_right_rot270.jpeg,1,usable
30205_left_rot270.jpeg,1,usable
6440_right_rot270.jpeg,1,usable
4972_right_rot180.jpeg,1,usable
12213_left_rot90.jpeg,1,usable
7335_left_flip.jpeg,1,usable
40005_right_rot270.jpeg,1,usable
28840_left_rot270.jpeg,1,usable
17615_right_rot270.jpeg,1,usable
42397_left_rot270.jpeg,1,usable
36085_right_flip.jpeg,1,usable
40005_right_rot180.jpeg,1,usable
6645_left_flip.jpeg,1,usable
35119_right_rot270.jpeg,1,usable
2712_left_rot90.jpeg,1,usable
19060_right_flip.jpeg,1,usable
5329_left_flip.jpeg,1,usable
36702_left_rot270.jpeg,1,usable
15595_left_flip.jpeg,1,usable
39502_left_rot180.jpeg,1,usable
15554_right_rot180.jpeg,1,usable
3967_left_rot180.jpeg,1,usable
19591_left_rot180.jpeg,1,usable
43496_left_rot180.jpeg,1,usable
17887_left_flip.jpeg,1,usable
25767_right_flip.jpeg,1,usable
43373_right_rot90.jpeg,1,usable
13190_left_rot180.jpeg,1,usable
29055_right_rot90.jpeg,1,usable
5291_left_flip.jpeg,1,usable
10612_right_rot90.jpeg,1,usable
35646_right_rot90.jpeg,1,usable
22202_right_rot180.jpeg,1,usable
21073_left_rot180.jpeg,1,usable
19803_right_rot90.jpeg,1,usable
7952_left_rot270.jpeg,1,usable
10028_left_rot180.jpeg,1,usable
28791_left_rot270.jpeg,1,usable
38176_right_rot180.jpeg,1,usable
26024_left_flip.jpeg,1,usable
26467_right_flip.jpeg,1,usable
20893_left_flip.jpeg,1,usable
21769_left_flip.jpeg,1,usable
9906_right_flip.jpeg,1,usable
16403_right_rot180.jpeg,1,usable
31050_right_rot90.jpeg,1,usable
17209_left_rot270.jpeg,1,usable
38637_right_rot270.jpeg,1,usable
41525_right_rot90.jpeg,1,usable
31050_left_rot180.jpeg,1,usable
26659_right_rot270.jpeg,1,usable
43362_right_rot180.jpeg,1,usable
38345_left_flip.jpeg,1,usable
9638_right_rot270.jpeg,1,usable
37951_right_flip.jpeg,1,usable
26441_left_rot180.jpeg,1,usable
37557_left_flip.jpeg,1,usable
29951_right_rot270.jpeg,1,usable
13554_right_rot270.jpeg,1,usable
42187_left_rot90.jpeg,1,usable
14292_right_rot270.jpeg,1,usable
21251_right_rot180.jpeg,1,usable
11192_left_rot90.jpeg,1,usable
23030_right_flip.jpeg,1,usable
42914_left_rot90.jpeg,1,usable
38725_left_rot270.jpeg,1,usable
16545_right_rot180.jpeg,1,usable
31044_right_rot180.jpeg,1,usable
25280_right_flip.jpeg,1,usable
7024_right_flip.jpeg,1,usable
37582_right_rot180.jpeg,1,usable
21580_right_rot90.jpeg,1,usable
17477_left_rot180.jpeg,1,usable
11181_left_rot270.jpeg,1,usable
11909_right_rot90.jpeg,1,usable
26797_right_flip.jpeg,1,usable
11244_left_rot180.jpeg,1,usable
17915_left_flip.jpeg,1,usable
3914_right_flip.jpeg,1,usable
7468_left_flip.jpeg,1,usable
6965_right_flip.jpeg,1,usable
1856_left_flip.jpeg,1,usable
40757_left_rot90.jpeg,1,usable
31050_left_flip.jpeg,1,usable
32572_left_rot180.jpeg,1,usable
2844_right_rot90.jpeg,1,usable
8638_right_rot180.jpeg,1,usable
18880_right_flip.jpeg,1,usable
12468_right_flip.jpeg,1,usable
8993_right_flip.jpeg,1,usable
13819_left_rot180.jpeg,1,usable
9640_left_rot90.jpeg,1,usable
27039_right_rot90.jpeg,1,usable
25767_right_rot90.jpeg,1,usable
14293_right_rot270.jpeg,1,usable
10295_left_rot270.jpeg,1,usable
36395_left_rot90.jpeg,1,usable
8484_left_rot180.jpeg,1,usable
36483_left_rot90.jpeg,1,usable
30580_left_rot90.jpeg,1,usable
22546_right_flip.jpeg,1,usable
42636_right_flip.jpeg,1,usable
43626_left_rot270.jpeg,1,usable
25531_left_rot90.jpeg,1,usable
15652_right_rot90.jpeg,1,usable
35131_left_rot270.jpeg,1,usable
9894_left_rot90.jpeg,1,usable
30414_right_rot90.jpeg,1,usable
2818_left_flip.jpeg,1,usable
32782_left_rot180.jpeg,1,usable
37529_right_rot270.jpeg,1,usable
16179_right_rot180.jpeg,1,usable
417_right_rot270.jpeg,1,usable
23075_right_rot90.jpeg,1,usable
3661_left_flip.jpeg,1,usable
31344_left_rot270.jpeg,1,usable
25331_right_rot270.jpeg,1,usable
21189_left_flip.jpeg,1,usable
37557_left_rot180.jpeg,1,usable
18194_left_rot90.jpeg,1,usable
25271_left_rot180.jpeg,1,usable
21540_right_rot270.jpeg,1,usable
18367_left_rot180.jpeg,1,usable
23030_right_rot270.jpeg,1,usable
20711_left_flip.jpeg,1,usable
17284_left_rot180.jpeg,1,usable
1955_left_rot180.jpeg,1,usable
27436_right_flip.jpeg,1,usable
28519_right_flip.jpeg,1,usable
34889_left_rot90.jpeg,1,usable
34484_left_flip.jpeg,1,usable
30163_right_rot90.jpeg,1,usable
13730_left_rot270.jpeg,1,usable
21609_right_rot90.jpeg,1,usable
28387_left_flip.jpeg,1,usable
1698_left_flip.jpeg,1,usable
7174_right_rot270.jpeg,1,usable
6965_right_rot270.jpeg,1,usable
44056_left_rot270.jpeg,1,usable
9358_right_rot180.jpeg,1,usable
30945_right_rot90.jpeg,1,usable
456_left_rot90.jpeg,1,usable
36254_right_flip.jpeg,1,usable
18493_left_rot180.jpeg,1,usable
34138_right_flip.jpeg,1,usable
32496_left_flip.jpeg,1,usable
20711_left_rot90.jpeg,1,usable
13879_right_flip.jpeg,1,usable
40299_right_flip.jpeg,1,usable
10886_left_rot270.jpeg,1,usable
28929_right_flip.jpeg,1,usable
15554_right_rot270.jpeg,1,usable
37350_left_rot90.jpeg,1,usable
28555_left_rot90.jpeg,1,usable
1504_right_flip.jpeg,1,usable
2071_right_rot270.jpeg,1,usable
44285_right_flip.jpeg,1,usable
31596_left_rot270.jpeg,1,usable
7591_right_rot180.jpeg,1,usable
21700_left_flip.jpeg,1,usable
36479_left_rot90.jpeg,1,usable
37210_left_rot180.jpeg,1,usable
11929_left_rot270.jpeg,1,usable
30046_left_rot270.jpeg,1,usable
36232_right_flip.jpeg,1,usable
31312_left_flip.jpeg,1,usable
30522_right_rot90.jpeg,1,usable
14292_right_rot180.jpeg,1,usable
7730_right_rot90.jpeg,1,usable
24368_right_rot180.jpeg,1,usable
41041_right_rot270.jpeg,1,usable
13716_left_flip.jpeg,1,usable
611_right_rot90.jpeg,1,usable
26441_left_rot270.jpeg,1,usable
20590_left_flip.jpeg,1,usable
22144_right_flip.jpeg,1,usable
10321_right_flip.jpeg,1,usable
9894_left_rot270.jpeg,1,usable
27140_right_flip.jpeg,1,usable
35132_right_flip.jpeg,1,usable
28477_left_rot180.jpeg,1,usable
30522_right_flip.jpeg,1,usable
9266_right_rot90.jpeg,1,usable
37569_right_rot90.jpeg,1,usable
15369_left_rot90.jpeg,1,usable
7527_right_rot180.jpeg,1,usable
6707_right_flip.jpeg,1,usable
34368_left_rot90.jpeg,1,usable
7024_right_rot270.jpeg,1,usable
5780_right_flip.jpeg,1,usable
2823_right_rot90.jpeg,1,usable
36885_right_flip.jpeg,1,usable
2818_left_rot270.jpeg,1,usable
21018_right_rot180.jpeg,1,usable
30026_right_rot90.jpeg,1,usable
14320_right_rot270.jpeg,1,usable
36199_right_flip.jpeg,1,usable
18367_right_rot90.jpeg,1,usable
17843_left_rot90.jpeg,1,usable
22523_right_rot180.jpeg,1,usable
38431_left_rot90.jpeg,1,usable
34368_left_rot270.jpeg,1,usable
35861_right_rot90.jpeg,1,usable
29372_right_flip.jpeg,1,usable
36359_right_flip.jpeg,1,usable
35547_left_rot180.jpeg,1,usable
19692_right_flip.jpeg,1,usable
25479_left_rot90.jpeg,1,usable
199_right_rot180.jpeg,1,usable
23233_right_rot180.jpeg,1,usable
19060_right_rot180.jpeg,1,usable
8971_right_rot270.jpeg,1,usable
7217_left_rot270.jpeg,1,usable
29754_right_rot90.jpeg,1,usable
8358_left_rot270.jpeg,1,usable
39144_right_flip.jpeg,1,usable
14681_left_rot90.jpeg,1,usable
279_right_rot90.jpeg,1,usable
22916_left_rot180.jpeg,1,usable
20808_right_flip.jpeg,1,usable
8971_right_rot90.jpeg,1,usable
39195_right_rot270.jpeg,1,usable
17415_left_rot90.jpeg,1,usable
21565_right_rot270.jpeg,1,usable
21190_right_flip.jpeg,1,usable
18902_left_rot270.jpeg,1,usable
12561_right_rot270.jpeg,1,usable
13942_left_rot270.jpeg,1,usable
29097_left_rot270.jpeg,1,usable
26071_left_rot90.jpeg,1,usable
32655_left_rot270.jpeg,1,usable
36130_right_rot90.jpeg,1,usable
34496_left_rot90.jpeg,1,usable
41356_left_rot270.jpeg,1,usable
28098_left_rot270.jpeg,1,usable
30090_right_rot270.jpeg,1,usable
37369_right_flip.jpeg,1,usable
11163_right_flip.jpeg,1,usable
44263_left_rot90.jpeg,1,usable
40376_right_rot180.jpeg,1,usable
1454_left_flip.jpeg,1,usable
1188_left_rot90.jpeg,1,usable
44200_left_rot270.jpeg,1,usable
16047_right_flip.jpeg,1,usable
33849_right_rot180.jpeg,1,usable
44200_left_rot90.jpeg,1,usable
31967_right_rot270.jpeg,1,usable
18874_right_rot90.jpeg,1,usable
16047_left_rot90.jpeg,1,usable
7174_right_rot180.jpeg,1,usable
32598_left_rot180.jpeg,1,usable
8974_left_rot270.jpeg,1,usable
19149_left_rot270.jpeg,1,usable
40520_left_rot270.jpeg,1,usable
21563_right_rot90.jpeg,1,usable
35638_left_rot270.jpeg,1,usable
29389_right_rot270.jpeg,1,usable
31216_right_rot90.jpeg,1,usable
12739_left_rot90.jpeg,1,usable
37033_left_flip.jpeg,1,usable
34069_right_rot180.jpeg,1,usable
28155_left_rot90.jpeg,1,usable
27832_left_rot180.jpeg,1,usable
40207_left_flip.jpeg,1,usable
29195_right_rot90.jpeg,1,usable
27943_right_rot270.jpeg,1,usable
19460_right_flip.jpeg,1,usable
15027_right_rot90.jpeg,1,usable
34098_left_rot270.jpeg,1,usable
12193_right_rot270.jpeg,1,usable
16750_left_flip.jpeg,1,usable
2174_right_rot90.jpeg,1,usable
3779_right_flip.jpeg,1,usable
28614_left_rot270.jpeg,1,usable
38556_right_rot90.jpeg,1,usable
19059_right_rot270.jpeg,1,usable
21565_right_rot90.jpeg,1,usable
18197_right_rot270.jpeg,1,usable
1650_right_rot270.jpeg,1,usable
3141_right_rot180.jpeg,1,usable
19897_right_rot180.jpeg,1,usable
37407_left_rot180.jpeg,1,usable
10312_left_flip.jpeg,1,usable
20319_right_flip.jpeg,1,usable
14992_right_rot270.jpeg,1,usable
26144_right_flip.jpeg,1,usable
39756_left_rot270.jpeg,1,usable
24150_left_flip.jpeg,1,usable
19285_right_rot90.jpeg,1,usable
13837_left_rot180.jpeg,1,usable
9875_right_rot270.jpeg,1,usable
35746_left_rot180.jpeg,1,usable
26024_left_rot270.jpeg,1,usable
26365_left_rot90.jpeg,1,usable
34449_right_rot90.jpeg,1,usable
41074_right_rot180.jpeg,1,usable
24368_right_flip.jpeg,1,usable
29450_right_rot270.jpeg,1,usable
10328_left_rot180.jpeg,1,usable
33409_left_rot90.jpeg,1,usable
38949_right_rot180.jpeg,1,usable
22737_left_rot90.jpeg,1,usable
37116_right_rot180.jpeg,1,usable
36673_right_flip.jpeg,1,usable
28424_left_rot180.jpeg,1,usable
22668_left_flip.jpeg,1,usable
37958_left_rot90.jpeg,1,usable
839_left_rot270.jpeg,1,usable
12213_left_rot270.jpeg,1,usable
15319_left_rot270.jpeg,1,usable
31635_right_rot90.jpeg,1,usable
12382_right_rot270.jpeg,1,usable
18815_right_rot270.jpeg,1,usable
9553_left_rot180.jpeg,1,usable
4227_left_rot270.jpeg,1,usable
40316_left_rot270.jpeg,1,usable
15219_left_rot270.jpeg,1,usable
24877_left_rot90.jpeg,1,usable
11940_left_rot90.jpeg,1,usable
10321_right_rot90.jpeg,1,usable
14186_left_rot270.jpeg,1,usable
28265_right_flip.jpeg,1,usable
28901_right_flip.jpeg,1,usable
33901_right_rot270.jpeg,1,usable
20289_left_flip.jpeg,1,usable
32454_right_rot180.jpeg,1,usable
8895_left_flip.jpeg,1,usable
20104_right_rot180.jpeg,1,usable
6511_left_rot270.jpeg,1,usable
1188_left_flip.jpeg,1,usable
12040_left_rot180.jpeg,1,usable
44205_left_rot180.jpeg,1,usable
38622_left_rot270.jpeg,1,usable
34011_left_rot270.jpeg,1,usable
37557_left_rot90.jpeg,1,usable
30235_right_rot90.jpeg,1,usable
5814_right_flip.jpeg,1,usable
10605_right_rot270.jpeg,1,usable
37463_left_flip.jpeg,1,usable
9233_left_rot90.jpeg,1,usable
9518_right_rot180.jpeg,1,usable
11866_right_rot270.jpeg,1,usable
20251_right_rot180.jpeg,1,usable
12256_left_rot270.jpeg,1,usable
31099_right_flip.jpeg,1,usable
28215_left_flip.jpeg,1,usable
30090_right_rot180.jpeg,1,usable
15646_left_rot180.jpeg,1,usable
279_right_flip.jpeg,1,usable
10125_right_rot90.jpeg,1,usable
32773_left_rot270.jpeg,1,usable
40520_left_rot180.jpeg,1,usable
43603_left_flip.jpeg,1,usable
20321_right_rot270.jpeg,1,usable
6511_left_flip.jpeg,1,usable
37951_left_flip.jpeg,1,usable
13239_left_flip.jpeg,1,usable
7265_left_rot90.jpeg,1,usable
13180_right_rot180.jpeg,1,usable
21501_right_rot90.jpeg,1,usable
19505_left_flip.jpeg,1,usable
39315_right_rot90.jpeg,1,usable
23715_right_rot90.jpeg,1,usable
2000_left_rot180.jpeg,1,usable
22050_right_rot270.jpeg,1,usable
5807_right_rot180.jpeg,1,usable
30205_right_rot90.jpeg,1,usable
43601_left_flip.jpeg,1,usable
27746_right_flip.jpeg,1,usable
37328_left_rot90.jpeg,1,usable
10942_right_flip.jpeg,1,usable
35992_left_rot90.jpeg,1,usable
12213_left_rot180.jpeg,1,usable
33688_right_rot90.jpeg,1,usable
42914_left_flip.jpeg,1,usable
12014_right_flip.jpeg,1,usable
219_right_rot180.jpeg,1,usable
18408_left_rot180.jpeg,1,usable
27272_right_rot270.jpeg,1,usable
17121_right_rot90.jpeg,1,usable
27299_left_rot90.jpeg,1,usable
39336_left_rot270.jpeg,1,usable
39502_left_rot270.jpeg,1,usable
29450_left_rot90.jpeg,1,usable
31067_left_rot90.jpeg,1,usable
14444_right_rot180.jpeg,1,usable
35857_left_rot180.jpeg,1,usable
37387_right_rot180.jpeg,1,usable
13716_right_rot270.jpeg,1,usable
44317_left_rot180.jpeg,1,usable
38150_right_rot270.jpeg,1,usable
17779_left_rot180.jpeg,1,usable
3914_left_rot90.jpeg,1,usable
22546_right_rot90.jpeg,1,usable
43563_right_rot90.jpeg,1,usable
39676_right_rot270.jpeg,1,usable
19813_left_rot90.jpeg,1,usable
13390_right_rot180.jpeg,1,usable
22411_right_rot180.jpeg,1,usable
34420_right_flip.jpeg,1,usable
1985_right_rot270.jpeg,1,usable
31916_right_flip.jpeg,1,usable
30099_right_rot90.jpeg,1,usable
21558_left_flip.jpeg,1,usable
31519_right_rot90.jpeg,1,usable
30722_right_rot90.jpeg,1,usable
40520_left_rot90.jpeg,1,usable
15515_right_flip.jpeg,1,usable
22411_right_flip.jpeg,1,usable
16579_right_flip.jpeg,1,usable
15646_right_rot180.jpeg,1,usable
18233_right_rot90.jpeg,1,usable
28614_left_rot90.jpeg,1,usable
22045_right_rot270.jpeg,1,usable
11914_right_rot270.jpeg,1,usable
4077_right_rot270.jpeg,1,usable
35254_left_rot90.jpeg,1,usable
28559_left_rot90.jpeg,1,usable
18402_right_flip.jpeg,1,usable
23853_left_rot180.jpeg,1,usable
28424_left_rot90.jpeg,1,usable
22045_right_rot180.jpeg,1,usable
6927_left_flip.jpeg,1,usable
39739_left_rot270.jpeg,1,usable
22836_left_rot270.jpeg,1,usable
9020_right_rot90.jpeg,1,usable
29055_right_flip.jpeg,1,usable
31784_left_rot90.jpeg,1,usable
2646_left_rot180.jpeg,1,usable
18197_right_rot90.jpeg,1,usable
9183_right_rot270.jpeg,1,usable
5530_left_rot270.jpeg,1,usable
30046_left_flip.jpeg,1,usable
34686_left_rot90.jpeg,1,usable
24202_left_rot270.jpeg,1,usable
18416_right_rot90.jpeg,1,usable
8974_left_flip.jpeg,1,usable
32442_left_flip.jpeg,1,usable
33189_right_flip.jpeg,1,usable
28340_left_rot90.jpeg,1,usable
26543_left_rot90.jpeg,1,usable
9584_right_flip.jpeg,1,usable
12306_left_rot270.jpeg,1,usable
190_left_rot90.jpeg,1,usable
26228_left_flip.jpeg,1,usable
37730_right_rot180.jpeg,1,usable
37548_right_rot90.jpeg,1,usable
26997_right_flip.jpeg,1,usable
5186_right_rot270.jpeg,1,usable
23014_left_rot270.jpeg,1,usable
27107_right_flip.jpeg,1,usable
16635_right_rot180.jpeg,1,usable
30701_right_flip.jpeg,1,usable
7842_right_rot90.jpeg,1,usable
9308_right_rot180.jpeg,1,usable
28155_left_flip.jpeg,1,usable
11982_right_rot270.jpeg,1,usable
11982_right_rot180.jpeg,1,usable
43124_left_rot180.jpeg,1,usable
36671_right_rot180.jpeg,1,usable
25280_right_rot180.jpeg,1,usable
21042_left_rot90.jpeg,1,usable
7137_left_rot270.jpeg,1,usable
8927_right_rot270.jpeg,1,usable
4065_left_rot90.jpeg,1,usable
21139_left_rot90.jpeg,1,usable
1391_left_rot270.jpeg,1,usable
25713_right_rot180.jpeg,1,usable
36103_left_rot180.jpeg,1,usable
6030_right_rot180.jpeg,1,usable
1777_left_rot90.jpeg,1,usable
12441_right_flip.jpeg,1,usable
22017_right_rot270.jpeg,1,usable
43362_left_flip.jpeg,1,usable
1835_right_rot180.jpeg,1,usable
9183_left_rot90.jpeg,1,usable
39793_left_rot90.jpeg,1,usable
5961_right_rot270.jpeg,1,usable
3829_right_rot90.jpeg,1,usable
15595_right_rot270.jpeg,1,usable
12662_left_rot180.jpeg,1,usable
27265_left_rot270.jpeg,1,usable
417_right_flip.jpeg,1,usable
34794_left_rot90.jpeg,1,usable
27144_left_rot90.jpeg,1,usable
39674_left_rot90.jpeg,1,usable
27145_right_rot270.jpeg,1,usable
15218_right_flip.jpeg,1,usable
25175_right_rot90.jpeg,1,usable
13180_right_rot90.jpeg,1,usable
8360_left_rot90.jpeg,1,usable
20353_right_rot270.jpeg,1,usable
13488_left_flip.jpeg,1,usable
37496_right_rot90.jpeg,1,usable
39399_left_rot90.jpeg,1,usable
32232_right_rot180.jpeg,1,usable
22677_left_flip.jpeg,1,usable
31965_right_flip.jpeg,1,usable
12662_left_flip.jpeg,1,usable
31312_right_rot180.jpeg,1,usable
17312_right_rot270.jpeg,1,usable
21386_right_rot270.jpeg,1,usable
32842_left_rot90.jpeg,1,usable
41889_left_rot180.jpeg,1,usable
41804_right_flip.jpeg,1,usable
35453_right_flip.jpeg,1,usable
34436_left_rot270.jpeg,1,usable
27504_left_flip.jpeg,1,usable
27299_left_rot270.jpeg,1,usable
35004_right_rot180.jpeg,1,usable
27827_right_rot270.jpeg,1,usable
26353_left_rot90.jpeg,1,usable
30675_right_rot180.jpeg,1,usable
43420_left_flip.jpeg,1,usable
7217_left_flip.jpeg,1,usable
25450_left_flip.jpeg,1,usable
15023_right_rot90.jpeg,1,usable
31814_left_rot180.jpeg,1,usable
3829_right_rot270.jpeg,1,usable
29494_left_rot270.jpeg,1,usable
11058_right_flip.jpeg,1,usable
33793_left_rot90.jpeg,1,usable
28460_left_flip.jpeg,1,usable
23715_left_rot90.jpeg,1,usable
199_right_rot270.jpeg,1,usable
18194_right_rot180.jpeg,1,usable
28756_right_flip.jpeg,1,usable
17974_left_rot270.jpeg,1,usable
10891_right_rot270.jpeg,1,usable
41717_right_rot270.jpeg,1,usable
35711_left_rot270.jpeg,1,usable
44263_left_rot180.jpeg,1,usable
990_left_rot270.jpeg,1,usable
37859_right_rot180.jpeg,1,usable
24993_right_rot180.jpeg,1,usable
9807_left_rot180.jpeg,1,usable
26211_left_flip.jpeg,1,usable
26997_right_rot270.jpeg,1,usable
22874_right_rot90.jpeg,1,usable
2000_right_rot270.jpeg,1,usable
32430_right_rot90.jpeg,1,usable
38725_left_flip.jpeg,1,usable
52_left_rot180.jpeg,1,usable
27694_left_rot90.jpeg,1,usable
30971_right_flip.jpeg,1,usable
13043_right_flip.jpeg,1,usable
7905_left_rot90.jpeg,1,usable
38162_right_rot180.jpeg,1,usable
5501_left_rot90.jpeg,1,usable
43612_right_rot90.jpeg,1,usable
41798_right_rot270.jpeg,1,usable
22411_right_rot90.jpeg,1,usable
23095_right_flip.jpeg,1,usable
37624_right_rot270.jpeg,1,usable
18493_left_flip.jpeg,1,usable
13651_left_rot270.jpeg,1,usable
35504_left_flip.jpeg,1,usable
27504_right_flip.jpeg,1,usable
70_right_rot180.jpeg,1,usable
38332_right_rot90.jpeg,1,usable
38176_right_rot90.jpeg,1,usable
29961_left_rot270.jpeg,1,usable
26353_left_rot270.jpeg,1,usable
26144_right_rot180.jpeg,1,usable
27140_left_rot90.jpeg,1,usable
8344_left_flip.jpeg,1,usable
21540_right_flip.jpeg,1,usable
26228_left_rot180.jpeg,1,usable
8754_right_rot270.jpeg,1,usable
20057_right_flip.jpeg,1,usable
839_left_rot90.jpeg,1,usable
27144_left_flip.jpeg,1,usable
16061_right_rot270.jpeg,1,usable
8876_right_rot90.jpeg,1,usable
15588_right_rot180.jpeg,1,usable
28823_left_rot270.jpeg,1,usable
16336_left_rot270.jpeg,1,usable
30133_left_rot270.jpeg,1,usable
1500_right_flip.jpeg,1,usable
42578_left_rot180.jpeg,1,usable
38431_left_rot270.jpeg,1,usable
30099_right_rot270.jpeg,1,usable
3722_left_rot90.jpeg,1,usable
13591_left_rot90.jpeg,1,usable
15089_left_flip.jpeg,1,usable
17209_left_rot180.jpeg,1,usable
11923_right_rot90.jpeg,1,usable
14201_right_flip.jpeg,1,usable
33849_right_flip.jpeg,1,usable
26332_right_rot270.jpeg,1,usable
8499_left_rot90.jpeg,1,usable
25331_right_flip.jpeg,1,usable
26005_right_flip.jpeg,1,usable
43496_left_rot270.jpeg,1,usable
25969_left_rot270.jpeg,1,usable
163_right_rot270.jpeg,1,usable
26519_right_rot270.jpeg,1,usable
876_left_rot270.jpeg,1,usable
9020_right_rot270.jpeg,1,usable
31312_left_rot180.jpeg,1,usable
1550_left_rot270.jpeg,1,usable
35254_left_rot180.jpeg,1,usable
23853_left_flip.jpeg,1,usable
12666_left_rot90.jpeg,1,usable
9535_left_rot90.jpeg,1,usable
31594_right_rot180.jpeg,1,usable
24730_right_rot270.jpeg,1,usable
28898_right_flip.jpeg,1,usable
20421_left_rot90.jpeg,1,usable
33643_left_rot180.jpeg,1,usable
17284_right_rot270.jpeg,1,usable
24916_right_flip.jpeg,1,usable
31635_right_rot270.jpeg,1,usable
5368_left_rot270.jpeg,1,usable
16672_left_rot90.jpeg,1,usable
30414_right_rot270.jpeg,1,usable
986_right_flip.jpeg,1,usable
21609_right_rot180.jpeg,1,usable
20423_left_rot90.jpeg,1,usable
8090_left_rot180.jpeg,1,usable
41085_right_rot180.jpeg,1,usable
10592_right_rot180.jpeg,1,usable
6965_right_rot90.jpeg,1,usable
41659_left_flip.jpeg,1,usable
11268_left_rot270.jpeg,1,usable
32680_left_rot180.jpeg,1,usable
7591_right_rot90.jpeg,1,usable
12923_right_rot180.jpeg,1,usable
4523_right_rot270.jpeg,1,usable
41205_left_rot270.jpeg,1,usable
7829_right_rot180.jpeg,1,usable
21675_right_rot270.jpeg,1,usable
4217_right_rot90.jpeg,1,usable
15582_right_rot90.jpeg,1,usable
37939_right_rot270.jpeg,1,usable
29135_right_rot270.jpeg,1,usable
9672_left_rot90.jpeg,1,usable
22444_right_rot270.jpeg,1,usable
19505_right_rot90.jpeg,1,usable
11942_left_flip.jpeg,1,usable
11818_left_flip.jpeg,1,usable
21042_left_rot180.jpeg,1,usable
7859_left_rot270.jpeg,1,usable
13099_left_flip.jpeg,1,usable
4805_right_rot90.jpeg,1,usable
36885_right_rot180.jpeg,1,usable
40299_right_rot90.jpeg,1,usable
2544_left_rot270.jpeg,1,usable
28618_left_flip.jpeg,1,usable
6927_right_rot180.jpeg,1,usable
33070_left_flip.jpeg,1,usable
384_left_flip.jpeg,1,usable
7276_left_rot90.jpeg,1,usable
21139_left_rot270.jpeg,1,usable
26196_left_rot180.jpeg,1,usable
33643_left_flip.jpeg,1,usable
19460_right_rot270.jpeg,1,usable
36625_left_rot270.jpeg,1,usable
37951_left_rot270.jpeg,1,usable
19813_left_rot270.jpeg,1,usable
37616_right_flip.jpeg,1,usable
29221_left_flip.jpeg,1,usable
5961_right_rot180.jpeg,1,usable
12129_left_rot270.jpeg,1,usable
22904_right_flip.jpeg,1,usable
13417_right_flip.jpeg,1,usable
41085_left_rot270.jpeg,1,usable
13390_right_rot270.jpeg,1,usable
702_right_rot270.jpeg,1,usable
12411_right_rot270.jpeg,1,usable
33983_left_rot270.jpeg,1,usable
14778_left_rot180.jpeg,1,usable
9794_left_rot180.jpeg,1,usable
30235_right_rot180.jpeg,1,usable
4048_right_rot270.jpeg,1,usable
33849_left_rot270.jpeg,1,usable
14097_left_rot270.jpeg,1,usable
18995_left_rot180.jpeg,1,usable
12193_right_rot180.jpeg,1,usable
20289_left_rot90.jpeg,1,usable
20590_left_rot90.jpeg,1,usable
28864_left_rot270.jpeg,1,usable
21563_right_flip.jpeg,1,usable
35710_left_rot90.jpeg,1,usable
9082_right_rot90.jpeg,1,usable
30906_left_rot270.jpeg,1,usable
23249_left_flip.jpeg,1,usable
20412_left_rot90.jpeg,1,usable
22783_left_flip.jpeg,1,usable
17415_left_rot180.jpeg,1,usable
8999_left_rot270.jpeg,1,usable
40052_right_rot90.jpeg,1,usable
35919_right_flip.jpeg,1,usable
11474_left_rot90.jpeg,1,usable
27507_right_rot180.jpeg,1,usable
34046_right_rot180.jpeg,1,usable
41717_right_rot90.jpeg,1,usable
26797_right_rot90.jpeg,1,usable
27657_right_flip.jpeg,1,usable
43946_right_rot180.jpeg,1,usable
26701_left_flip.jpeg,1,usable
29492_right_flip.jpeg,1,usable
2339_left_flip.jpeg,1,usable
15174_right_rot180.jpeg,1,usable
29896_left_rot270.jpeg,1,usable
3673_left_flip.jpeg,1,usable
22092_right_flip.jpeg,1,usable
8999_left_rot180.jpeg,1,usable
13312_left_rot90.jpeg,1,usable
35027_left_flip.jpeg,1,usable
5336_left_rot90.jpeg,1,usable
31891_right_rot90.jpeg,1,usable
1395_right_rot90.jpeg,1,usable
4370_left_rot270.jpeg,1,usable
22668_right_rot90.jpeg,1,usable
41427_left_rot270.jpeg,1,usable
14292_right_flip.jpeg,1,usable
43362_right_rot90.jpeg,1,usable
22525_right_rot180.jpeg,1,usable
19661_right_rot270.jpeg,1,usable
11270_right_rot90.jpeg,1,usable
35027_right_rot90.jpeg,1,usable
7393_left_rot90.jpeg,1,usable
41876_right_rot270.jpeg,1,usable
27107_right_rot180.jpeg,1,usable
42914_right_flip.jpeg,1,usable
31448_left_rot270.jpeg,1,usable
19813_left_flip.jpeg,1,usable
19766_right_rot180.jpeg,1,usable
431_right_rot180.jpeg,1,usable
34992_right_rot270.jpeg,1,usable
41589_left_rot90.jpeg,1,usable
41659_left_rot270.jpeg,1,usable
12739_left_flip.jpeg,1,usable
16697_left_rot270.jpeg,1,usable
23371_right_rot270.jpeg,1,usable
32796_left_rot180.jpeg,1,usable
12945_left_rot270.jpeg,1,usable
13942_left_flip.jpeg,1,usable
6129_right_rot270.jpeg,1,usable
9233_right_rot180.jpeg,1,usable
26168_right_rot180.jpeg,1,usable
5291_left_rot270.jpeg,1,usable
5368_left_flip.jpeg,1,usable
18367_right_flip.jpeg,1,usable
14336_left_flip.jpeg,1,usable
34697_left_flip.jpeg,1,usable
25091_left_rot270.jpeg,1,usable
38307_left_flip.jpeg,1,usable
2697_left_rot270.jpeg,1,usable
28258_right_rot90.jpeg,1,usable
42024_right_rot270.jpeg,1,usable
18440_right_flip.jpeg,1,usable
31814_left_rot90.jpeg,1,usable
27534_left_rot90.jpeg,1,usable
35254_left_rot270.jpeg,1,usable
15027_left_rot180.jpeg,1,usable
39805_left_flip.jpeg,1,usable
6433_left_rot90.jpeg,1,usable
12944_right_flip.jpeg,1,usable
24215_right_flip.jpeg,1,usable
17121_right_flip.jpeg,1,usable
8540_right_flip.jpeg,1,usable
10974_right_rot270.jpeg,1,usable
7403_right_rot270.jpeg,1,usable
21139_left_flip.jpeg,1,usable
29442_right_rot180.jpeg,1,usable
33626_left_rot90.jpeg,1,usable
31446_left_rot90.jpeg,1,usable
11314_right_rot180.jpeg,1,usable
23453_right_rot180.jpeg,1,usable
27272_right_flip.jpeg,1,usable
29135_right_rot180.jpeg,1,usable
30913_right_rot180.jpeg,1,usable
37017_right_rot90.jpeg,1,usable
17114_right_rot180.jpeg,1,usable
7560_left_rot90.jpeg,1,usable
7905_left_flip.jpeg,1,usable
13043_right_rot270.jpeg,1,usable
34488_left_rot180.jpeg,1,usable
15652_right_rot180.jpeg,1,usable
8767_left_rot180.jpeg,1,usable
15120_right_rot270.jpeg,1,usable
3938_left_rot90.jpeg,1,usable
16179_right_flip.jpeg,1,usable
9672_left_flip.jpeg,1,usable
16179_right_rot270.jpeg,1,usable
5793_right_rot90.jpeg,1,usable
16061_right_rot180.jpeg,1,usable
19692_left_rot180.jpeg,1,usable
23739_left_rot270.jpeg,1,usable
13730_left_rot90.jpeg,1,usable
41749_left_rot270.jpeg,1,usable
24215_right_rot270.jpeg,1,usable
18422_right_rot90.jpeg,1,usable
1500_right_rot90.jpeg,1,usable
26467_right_rot180.jpeg,1,usable
13786_right_rot270.jpeg,1,usable
7310_right_flip.jpeg,1,usable
29494_right_flip.jpeg,1,usable
384_left_rot90.jpeg,1,usable
21268_right_rot90.jpeg,1,usable
25399_right_rot90.jpeg,1,usable
2842_left_rot270.jpeg,1,usable
28098_left_rot90.jpeg,1,usable
34496_left_flip.jpeg,1,usable
35638_left_rot90.jpeg,1,usable
34069_right_rot90.jpeg,1,usable
23739_left_flip.jpeg,1,usable
9001_left_rot180.jpeg,1,usable
178_left_rot180.jpeg,1,usable
15089_left_rot90.jpeg,1,usable
27204_left_rot180.jpeg,1,usable
11555_left_rot180.jpeg,1,usable
22142_left_rot90.jpeg,1,usable
5647_left_rot180.jpeg,1,usable
30170_left_flip.jpeg,1,usable
3501_right_rot90.jpeg,1,usable
4227_left_rot90.jpeg,1,usable
27203_left_rot270.jpeg,1,usable
30615_right_rot270.jpeg,1,usable
28460_left_rot180.jpeg,1,usable
21238_right_rot180.jpeg,1,usable
19043_left_rot90.jpeg,1,usable
3673_left_rot180.jpeg,1,usable
19076_left_rot270.jpeg,1,usable
3473_right_rot180.jpeg,1,usable
42341_right_rot270.jpeg,1,usable
42970_left_rot270.jpeg,1,usable
17779_left_rot90.jpeg,1,usable
4805_right_rot180.jpeg,1,usable
6129_right_flip.jpeg,1,usable
8971_right_flip.jpeg,1,usable
31216_right_rot270.jpeg,1,usable
39441_right_rot90.jpeg,1,usable
7629_left_rot270.jpeg,1,usable
26752_right_rot270.jpeg,1,usable
2015_right_rot180.jpeg,1,usable
36254_right_rot90.jpeg,1,usable
29961_left_rot180.jpeg,1,usable
13837_left_rot90.jpeg,1,usable
21834_left_rot90.jpeg,1,usable
31312_left_rot270.jpeg,1,usable
316_right_rot90.jpeg,1,usable
11348_right_rot270.jpeg,1,usable
9511_right_rot180.jpeg,1,usable
17698_left_rot270.jpeg,1,usable
5530_left_rot180.jpeg,1,usable
32442_left_rot90.jpeg,1,usable
2605_left_rot270.jpeg,1,usable
19060_right_rot270.jpeg,1,usable
29935_left_rot270.jpeg,1,usable
44285_right_rot90.jpeg,1,usable
15874_left_rot270.jpeg,1,usable
27922_right_rot90.jpeg,1,usable
4035_left_rot180.jpeg,1,usable
19114_right_flip.jpeg,1,usable
31625_left_rot270.jpeg,1,usable
11270_right_flip.jpeg,1,usable
24104_left_rot180.jpeg,1,usable
34596_left_rot180.jpeg,1,usable
7209_right_flip.jpeg,1,usable
19581_right_rot90.jpeg,1,usable
29984_right_rot270.jpeg,1,usable
37575_left_rot180.jpeg,1,usable
8638_right_flip.jpeg,1,usable
24126_left_rot270.jpeg,1,usable
32655_right_rot90.jpeg,1,usable
37548_right_flip.jpeg,1,usable
21110_right_rot180.jpeg,1,usable
37350_left_rot270.jpeg,1,usable
19521_left_rot180.jpeg,1,usable
34138_right_rot270.jpeg,1,usable
24910_right_rot180.jpeg,1,usable
9232_right_rot90.jpeg,1,usable
33447_left_flip.jpeg,1,usable
27550_left_rot90.jpeg,1,usable
21079_right_rot90.jpeg,1,usable
19285_right_rot270.jpeg,1,usable
11555_left_rot90.jpeg,1,usable
19124_left_flip.jpeg,1,usable
37616_right_rot180.jpeg,1,usable
19935_left_flip.jpeg,1,usable
21269_right_rot180.jpeg,1,usable
26126_right_rot90.jpeg,1,usable
17887_left_rot270.jpeg,1,usable
17751_left_rot180.jpeg,1,usable
30636_right_rot270.jpeg,1,usable
28423_right_rot180.jpeg,1,usable
4571_left_flip.jpeg,1,usable
941_right_flip.jpeg,1,usable
42135_left_rot90.jpeg,1,usable
31841_right_rot270.jpeg,1,usable
38478_left_flip.jpeg,1,usable
39793_left_flip.jpeg,1,usable
23851_left_flip.jpeg,1,usable
5368_left_rot90.jpeg,1,usable
7404_right_flip.jpeg,1,usable
8408_right_rot270.jpeg,1,usable
5257_right_rot270.jpeg,1,usable
28265_right_rot180.jpeg,1,usable
70_right_rot90.jpeg,1,usable
11270_left_rot90.jpeg,1,usable
456_left_rot270.jpeg,1,usable
23725_left_flip.jpeg,1,usable
34436_left_rot180.jpeg,1,usable
31519_right_flip.jpeg,1,usable
24658_right_flip.jpeg,1,usable
9313_right_rot270.jpeg,1,usable
23075_right_rot270.jpeg,1,usable
16555_right_rot180.jpeg,1,usable
43199_left_rot270.jpeg,1,usable
4689_right_rot270.jpeg,1,usable
24002_left_rot270.jpeg,1,usable
8795_right_rot180.jpeg,1,usable
29502_right_flip.jpeg,1,usable
17561_right_flip.jpeg,1,usable
4065_right_rot270.jpeg,1,usable
5332_left_rot90.jpeg,1,usable
37328_left_rot270.jpeg,1,usable
34484_left_rot180.jpeg,1,usable
18297_left_rot270.jpeg,1,usable
18416_right_rot270.jpeg,1,usable
17424_right_flip.jpeg,1,usable
12990_left_flip.jpeg,1,usable
18425_left_rot270.jpeg,1,usable
4571_left_rot270.jpeg,1,usable
10147_right_flip.jpeg,1,usable
7842_right_rot270.jpeg,1,usable
18194_left_flip.jpeg,1,usable
9535_left_rot180.jpeg,1,usable
27204_left_rot90.jpeg,1,usable
29941_left_rot90.jpeg,1,usable
17332_right_rot270.jpeg,1,usable
36885_right_rot90.jpeg,1,usable
15414_left_rot270.jpeg,1,usable
25531_left_rot270.jpeg,1,usable
21834_left_rot270.jpeg,1,usable
15588_left_rot180.jpeg,1,usable
11270_left_rot270.jpeg,1,usable
4253_left_rot90.jpeg,1,usable
31594_right_rot90.jpeg,1,usable
22202_right_flip.jpeg,1,usable
5039_right_flip.jpeg,1,usable
5780_right_rot180.jpeg,1,usable
35283_left_flip.jpeg,1,usable
38650_left_rot180.jpeg,1,usable
13585_right_flip.jpeg,1,usable
30580_left_rot180.jpeg,1,usable
23248_left_rot90.jpeg,1,usable
1501_left_rot270.jpeg,1,usable
19762_left_rot270.jpeg,1,usable
35318_left_flip.jpeg,1,usable
17248_left_rot90.jpeg,1,usable
384_left_rot180.jpeg,1,usable
44317_left_flip.jpeg,1,usable
40787_left_flip.jpeg,1,usable
28120_right_rot180.jpeg,1,usable
22491_right_rot270.jpeg,1,usable
33849_left_flip.jpeg,1,usable
7948_left_rot90.jpeg,1,usable
26196_left_rot270.jpeg,1,usable
22050_right_flip.jpeg,1,usable
38637_right_rot180.jpeg,1,usable
1856_left_rot270.jpeg,1,usable
20248_left_rot180.jpeg,1,usable
36494_left_rot180.jpeg,1,usable
14992_right_rot90.jpeg,1,usable
40974_left_flip.jpeg,1,usable
31136_right_rot180.jpeg,1,usable
13877_right_flip.jpeg,1,usable
26240_right_rot270.jpeg,1,usable
34862_left_flip.jpeg,1,usable
6700_right_rot180.jpeg,1,usable
35143_left_flip.jpeg,1,usable
21814_right_rot270.jpeg,1,usable
33938_left_rot180.jpeg,1,usable
11058_left_flip.jpeg,1,usable
38858_left_rot90.jpeg,1,usable
30943_right_rot270.jpeg,1,usable
12399_right_rot180.jpeg,1,usable
3557_right_rot270.jpeg,1,usable
36673_right_rot90.jpeg,1,usable
5647_left_rot270.jpeg,1,usable
28019_right_rot270.jpeg,1,usable
31006_left_flip.jpeg,1,usable
5257_left_rot270.jpeg,1,usable
2697_right_rot90.jpeg,1,usable
37116_left_rot90.jpeg,1,usable
29577_left_flip.jpeg,1,usable
6970_right_rot270.jpeg,1,usable
26144_right_rot90.jpeg,1,usable
28795_left_rot270.jpeg,1,usable
39679_right_rot270.jpeg,1,usable
694_left_rot90.jpeg,1,usable
18443_left_rot180.jpeg,1,usable
43592_right_rot270.jpeg,1,usable
43802_right_rot270.jpeg,1,usable
27188_left_flip.jpeg,1,usable
30976_right_rot90.jpeg,1,usable
34889_left_rot270.jpeg,1,usable
16460_left_flip.jpeg,1,usable
26659_right_flip.jpeg,1,usable
16748_right_rot270.jpeg,1,usable
29334_right_rot90.jpeg,1,usable
28632_left_rot180.jpeg,1,usable
10312_left_rot270.jpeg,1,usable
31067_left_flip.jpeg,1,usable
31131_left_rot180.jpeg,1,usable
18157_left_rot270.jpeg,1,usable
43626_left_rot90.jpeg,1,usable
5304_left_rot180.jpeg,1,usable
29389_right_flip.jpeg,1,usable
10729_left_rot90.jpeg,1,usable
23615_right_rot270.jpeg,1,usable
19076_left_rot180.jpeg,1,usable
13150_right_rot90.jpeg,1,usable
30487_left_rot270.jpeg,1,usable
7425_left_rot270.jpeg,1,usable
25407_right_rot180.jpeg,1,usable
29221_left_rot270.jpeg,1,usable
15120_right_rot90.jpeg,1,usable
11098_left_rot90.jpeg,1,usable
19399_right_flip.jpeg,1,usable
2818_left_rot90.jpeg,1,usable
31965_right_rot180.jpeg,1,usable
43036_right_flip.jpeg,1,usable
18556_left_rot180.jpeg,1,usable
32690_left_rot180.jpeg,1,usable
43501_left_rot180.jpeg,1,usable
34686_left_rot180.jpeg,1,usable
30487_left_flip.jpeg,1,usable
32055_left_flip.jpeg,1,usable
19896_right_rot90.jpeg,1,usable
7448_right_rot90.jpeg,1,usable
7393_left_rot270.jpeg,1,usable
13324_left_rot270.jpeg,1,usable
36739_left_rot270.jpeg,1,usable
38878_left_rot90.jpeg,1,usable
21238_right_rot90.jpeg,1,usable
16750_left_rot270.jpeg,1,usable
29941_left_rot180.jpeg,1,usable
9547_right_rot270.jpeg,1,usable
42488_right_rot90.jpeg,1,usable
34889_right_rot90.jpeg,1,usable
3722_left_rot270.jpeg,1,usable
3673_left_rot270.jpeg,1,usable
6927_left_rot270.jpeg,1,usable
6700_right_flip.jpeg,1,usable
15638_right_rot90.jpeg,1,usable
24704_left_flip.jpeg,1,usable
13942_left_rot90.jpeg,1,usable
16114_left_flip.jpeg,1,usable
19477_right_rot180.jpeg,1,usable
34368_right_rot90.jpeg,1,usable
33983_right_rot90.jpeg,1,usable
10328_left_rot90.jpeg,1,usable
43601_left_rot270.jpeg,1,usable
21268_right_flip.jpeg,1,usable
2108_right_flip.jpeg,1,usable
26228_left_rot90.jpeg,1,usable
7730_right_rot270.jpeg,1,usable
15863_left_rot180.jpeg,1,usable
25120_left_rot90.jpeg,1,usable
19936_right_rot90.jpeg,1,usable
33793_left_rot270.jpeg,1,usable
6314_right_rot90.jpeg,1,usable
9526_right_rot270.jpeg,1,usable
41067_left_flip.jpeg,1,usable
36326_right_rot270.jpeg,1,usable
42183_left_rot270.jpeg,1,usable
18594_left_flip.jpeg,1,usable
30597_left_rot270.jpeg,1,usable
42871_left_rot270.jpeg,1,usable
26888_left_rot180.jpeg,1,usable
12129_left_flip.jpeg,1,usable
26856_right_rot270.jpeg,1,usable
23647_left_flip.jpeg,1,usable
70_right_flip.jpeg,1,usable
5304_left_rot90.jpeg,1,usable
10511_left_rot180.jpeg,1,usable
40711_right_flip.jpeg,1,usable
43626_left_flip.jpeg,1,usable
33417_left_rot90.jpeg,1,usable
14940_right_flip.jpeg,1,usable
37557_left_rot270.jpeg,1,usable
11058_left_rot270.jpeg,1,usable
39367_right_flip.jpeg,1,usable
21079_left_flip.jpeg,1,usable
35927_left_rot180.jpeg,1,usable
11120_right_rot90.jpeg,1,usable
19473_left_flip.jpeg,1,usable
22092_right_rot90.jpeg,1,usable
12687_right_rot180.jpeg,1,usable
37369_right_rot90.jpeg,1,usable
7393_right_flip.jpeg,1,usable
26113_left_rot270.jpeg,1,usable
26342_right_rot270.jpeg,1,usable
2785_right_rot180.jpeg,1,usable
26212_right_rot180.jpeg,1,usable
30101_right_rot90.jpeg,1,usable
41899_right_rot270.jpeg,1,usable
39652_left_rot90.jpeg,1,usable
21176_left_flip.jpeg,1,usable
11348_right_rot180.jpeg,1,usable
19936_left_rot90.jpeg,1,usable
42819_left_flip.jpeg,1,usable
7404_left_rot270.jpeg,1,usable
40924_left_rot270.jpeg,1,usable
25159_right_rot270.jpeg,1,usable
20321_left_flip.jpeg,1,usable
27534_left_flip.jpeg,1,usable
10241_right_rot90.jpeg,1,usable
10181_right_rot180.jpeg,1,usable
6782_left_rot270.jpeg,1,usable
26392_right_rot90.jpeg,1,usable
18443_left_rot270.jpeg,1,usable
36625_left_flip.jpeg,1,usable
2767_right_rot90.jpeg,1,usable
31608_right_rot270.jpeg,1,usable
29450_left_rot270.jpeg,1,usable
42340_left_flip.jpeg,1,usable
4793_left_flip.jpeg,1,usable
26669_left_rot90.jpeg,1,usable
28559_left_flip.jpeg,1,usable
14384_left_flip.jpeg,1,usable
3846_left_flip.jpeg,1,usable
36359_right_rot90.jpeg,1,usable
1640_right_rot180.jpeg,1,usable
34862_left_rot180.jpeg,1,usable
33849_right_rot90.jpeg,1,usable
24549_left_rot180.jpeg,1,usable
10643_left_flip.jpeg,1,usable
15428_left_rot180.jpeg,1,usable
2436_left_rot90.jpeg,1,usable
28581_right_rot90.jpeg,1,usable
35979_left_rot90.jpeg,1,usable
43946_right_rot270.jpeg,1,usable
41312_right_rot90.jpeg,1,usable
1348_right_flip.jpeg,1,usable
36402_left_rot180.jpeg,1,usable
38556_right_rot180.jpeg,1,usable
2823_right_flip.jpeg,1,usable
41336_right_flip.jpeg,1,usable
27436_right_rot90.jpeg,1,usable
5100_left_rot90.jpeg,1,usable
1698_left_rot90.jpeg,1,usable
24298_right_rot270.jpeg,1,usable
20289_left_rot180.jpeg,1,usable
42365_right_rot270.jpeg,1,usable
10614_right_rot270.jpeg,1,usable
19477_right_flip.jpeg,1,usable
27140_right_rot180.jpeg,1,usable
42382_right_rot180.jpeg,1,usable
37958_right_flip.jpeg,1,usable
44267_right_rot90.jpeg,1,usable
17312_right_rot180.jpeg,1,usable
28423_right_flip.jpeg,1,usable
40207_left_rot180.jpeg,1,usable
32159_left_flip.jpeg,1,usable
23009_left_rot90.jpeg,1,usable
9232_right_rot180.jpeg,1,usable
9670_left_rot180.jpeg,1,usable
27374_left_rot270.jpeg,1,usable
3700_left_rot90.jpeg,1,usable
34029_left_flip.jpeg,1,usable
19516_right_rot270.jpeg,1,usable
25407_right_rot270.jpeg,1,usable
35547_left_rot90.jpeg,1,usable
35919_right_rot90.jpeg,1,usable
1650_right_rot90.jpeg,1,usable
27499_right_rot270.jpeg,1,usable
23715_left_rot270.jpeg,1,usable
27037_left_rot180.jpeg,1,usable
27920_left_rot270.jpeg,1,usable
5257_left_flip.jpeg,1,usable
5336_right_flip.jpeg,1,usable
31764_left_flip.jpeg,1,usable
34057_right_rot90.jpeg,1,usable
4161_left_flip.jpeg,1,usable
42919_left_rot270.jpeg,1,usable
7952_left_rot90.jpeg,1,usable
24730_right_flip.jpeg,1,usable
30090_right_flip.jpeg,1,usable
42187_left_flip.jpeg,1,usable
29057_left_rot180.jpeg,1,usable
21835_left_flip.jpeg,1,usable
35836_left_flip.jpeg,1,usable
37575_left_flip.jpeg,1,usable
4157_right_rot270.jpeg,1,usable
7310_right_rot270.jpeg,1,usable
14444_right_rot270.jpeg,1,usable
28650_left_rot180.jpeg,1,usable
38277_left_rot270.jpeg,1,usable
30722_right_rot270.jpeg,1,usable
3938_left_rot270.jpeg,1,usable
13585_right_rot90.jpeg,1,usable
28752_right_rot180.jpeg,1,usable
13786_right_rot90.jpeg,1,usable
2550_left_rot180.jpeg,1,usable
29984_right_rot180.jpeg,1,usable
26814_left_flip.jpeg,1,usable
35254_left_flip.jpeg,1,usable
5991_left_rot90.jpeg,1,usable
13879_right_rot180.jpeg,1,usable
32603_right_rot270.jpeg,1,usable
33226_right_rot180.jpeg,1,usable
9518_right_flip.jpeg,1,usable
4157_right_rot90.jpeg,1,usable
12561_right_rot180.jpeg,1,usable
20111_left_flip.jpeg,1,usable
702_right_flip.jpeg,1,usable
33983_left_flip.jpeg,1,usable
21206_left_rot180.jpeg,1,usable
38175_right_rot90.jpeg,1,usable
35004_right_flip.jpeg,1,usable
30471_right_rot90.jpeg,1,usable
30489_right_rot180.jpeg,1,usable
11942_left_rot90.jpeg,1,usable
26396_right_flip.jpeg,1,usable
6080_left_rot90.jpeg,1,usable
33456_left_rot270.jpeg,1,usable
19641_right_rot270.jpeg,1,usable
26396_right_rot180.jpeg,1,usable
3525_right_flip.jpeg,1,usable
6067_right_rot180.jpeg,1,usable
19280_left_flip.jpeg,1,usable
15914_right_flip.jpeg,1,usable
30090_right_rot90.jpeg,1,usable
25120_right_rot180.jpeg,1,usable
36739_left_rot90.jpeg,1,usable
32101_right_rot180.jpeg,1,usable
30026_right_rot180.jpeg,1,usable
33409_left_rot180.jpeg,1,usable
27920_right_rot180.jpeg,1,usable
18483_left_rot270.jpeg,1,usable
43758_right_rot270.jpeg,1,usable
8999_left_flip.jpeg,1,usable
24002_left_flip.jpeg,1,usable
16555_right_flip.jpeg,1,usable
29450_left_flip.jpeg,1,usable
33456_left_rot180.jpeg,1,usable
18069_left_rot180.jpeg,1,usable
19285_right_rot180.jpeg,1,usable
38479_left_rot180.jpeg,1,usable
2399_left_rot180.jpeg,1,usable
7209_right_rot180.jpeg,1,usable
40473_left_flip.jpeg,1,usable
31955_right_rot270.jpeg,1,usable
26024_left_rot90.jpeg,1,usable
35683_left_flip.jpeg,1,usable
27694_left_flip.jpeg,1,usable
37875_right_rot90.jpeg,1,usable
16534_left_rot90.jpeg,1,usable
3829_right_rot180.jpeg,1,usable
28823_left_flip.jpeg,1,usable
28901_left_rot180.jpeg,1,usable
20145_left_rot90.jpeg,1,usable
16637_left_rot270.jpeg,1,usable
14986_right_rot180.jpeg,1,usable
33409_left_rot270.jpeg,1,usable
44093_right_flip.jpeg,1,usable
43317_right_rot90.jpeg,1,usable
29334_right_flip.jpeg,1,usable
36671_right_flip.jpeg,1,usable
19473_left_rot270.jpeg,1,usable
33849_right_rot270.jpeg,1,usable
6782_left_flip.jpeg,1,usable
23572_left_rot180.jpeg,1,usable
37680_left_flip.jpeg,1,usable
9794_left_flip.jpeg,1,usable
20666_left_rot180.jpeg,1,usable
19257_right_flip.jpeg,1,usable
21814_right_flip.jpeg,1,usable
40435_right_rot90.jpeg,1,usable
10974_right_rot180.jpeg,1,usable
26342_right_rot180.jpeg,1,usable
6080_left_rot270.jpeg,1,usable
16697_left_rot180.jpeg,1,usable
21534_left_rot270.jpeg,1,usable
11120_right_rot180.jpeg,1,usable
25331_left_rot270.jpeg,1,usable
28650_left_flip.jpeg,1,usable
19280_left_rot90.jpeg,1,usable
35132_right_rot90.jpeg,1,usable
25697_left_flip.jpeg,1,usable
8699_right_rot270.jpeg,1,usable
37728_left_flip.jpeg,1,usable
20893_left_rot90.jpeg,1,usable
15584_left_rot270.jpeg,1,usable
13877_right_rot90.jpeg,1,usable
4740_left_rot270.jpeg,1,usable
28318_left_rot270.jpeg,1,usable
25989_left_rot90.jpeg,1,usable
34794_left_rot270.jpeg,1,usable
5257_right_rot180.jpeg,1,usable
41105_left_flip.jpeg,1,usable
30790_right_flip.jpeg,1,usable
9897_right_rot180.jpeg,1,usable
7335_left_rot90.jpeg,1,usable
24730_left_rot180.jpeg,1,usable
31554_right_rot180.jpeg,1,usable
13561_left_rot180.jpeg,1,usable
18320_left_rot90.jpeg,1,usable
24681_left_rot90.jpeg,1,usable
26684_left_rot270.jpeg,1,usable
23615_right_rot180.jpeg,1,usable
21206_left_rot270.jpeg,1,usable
38972_right_rot270.jpeg,1,usable
30597_left_rot90.jpeg,1,usable
25669_right_flip.jpeg,1,usable
22783_left_rot90.jpeg,1,usable
7310_right_rot180.jpeg,1,usable
19346_left_rot90.jpeg,1,usable
7378_right_rot90.jpeg,1,usable
18194_right_rot90.jpeg,1,usable
30868_left_rot180.jpeg,1,usable
13375_left_rot90.jpeg,2,reject
22271_left_rot90.jpeg,2,reject
24159_right_rot180.jpeg,2,reject
11826_left_rot180.jpeg,2,reject
1469_right_rot270.jpeg,2,reject
18870_right_rot90.jpeg,2,reject
17989_left_rot90.jpeg,2,reject
31497_left_rot90.jpeg,2,reject
1073_left_rot270.jpeg,2,reject
41561_left_rot180.jpeg,2,reject
13848_right_rot180.jpeg,2,reject
37354_left_rot270.jpeg,2,reject
18496_left_rot90.jpeg,2,reject
13392_right_rot270.jpeg,2,reject
17092_right_rot270.jpeg,2,reject
11196_left_rot90.jpeg,2,reject
13184_left_rot90.jpeg,2,reject
43935_left_rot90.jpeg,2,reject
29127_right_rot180.jpeg,2,reject
8596_left_rot90.jpeg,2,reject
30120_right_rot270.jpeg,2,reject
15061_left_rot270.jpeg,2,reject
42488_left_rot180.jpeg,2,reject
38939_right_rot270.jpeg,2,reject
12699_left_rot180.jpeg,2,reject
37884_right_rot270.jpeg,2,reject
13033_right_rot90.jpeg,2,reject
4416_left_rot270.jpeg,2,reject
26628_left_rot90.jpeg,2,reject
3838_right_rot90.jpeg,2,reject
39465_right_rot90.jpeg,2,reject
40780_right_rot90.jpeg,2,reject
30119_left_rot90.jpeg,2,reject
17989_left_rot270.jpeg,2,reject
18487_right_rot270.jpeg,2,reject
24469_left_rot90.jpeg,2,reject
5275_right_rot270.jpeg,2,reject
940_left_rot270.jpeg,2,reject
26978_right_rot90.jpeg,2,reject
15636_left_rot270.jpeg,2,reject
29333_left_rot180.jpeg,2,reject
13431_left_rot180.jpeg,2,reject
43074_left_rot270.jpeg,2,reject
18350_left_rot90.jpeg,2,reject
15236_left_rot90.jpeg,2,reject
12533_left_rot180.jpeg,2,reject
19604_left_rot270.jpeg,2,reject
29264_left_rot90.jpeg,2,reject
10408_left_rot90.jpeg,2,reject
28991_right_rot180.jpeg,2,reject
17925_right_rot180.jpeg,2,reject
37359_right_rot90.jpeg,2,reject
37608_right_rot270.jpeg,2,reject
13051_left_rot180.jpeg,2,reject
25146_left_rot180.jpeg,2,reject
14805_left_rot270.jpeg,2,reject
2357_left_rot180.jpeg,2,reject
8116_left_rot270.jpeg,2,reject
23345_right_rot90.jpeg,2,reject
22122_left_rot90.jpeg,2,reject
257_left_rot270.jpeg,2,reject
17638_right_rot270.jpeg,2,reject
15018_right_rot270.jpeg,2,reject
12533_left_rot270.jpeg,2,reject
40548_left_rot90.jpeg,2,reject
40355_right_rot180.jpeg,2,reject
41301_right_rot270.jpeg,2,reject
12947_right_rot90.jpeg,2,reject
10043_left_rot90.jpeg,2,reject
38186_left_rot180.jpeg,2,reject
23844_left_rot270.jpeg,2,reject
22704_left_rot90.jpeg,2,reject
25896_right_rot270.jpeg,2,reject
14474_left_rot270.jpeg,2,reject
15964_left_rot270.jpeg,2,reject
32809_right_rot180.jpeg,2,reject
33921_left_rot270.jpeg,2,reject
9278_left_rot180.jpeg,2,reject
33895_left_rot90.jpeg,2,reject
4383_right_rot180.jpeg,2,reject
21417_left_rot270.jpeg,2,reject
2262_left_rot270.jpeg,2,reject
6450_right_rot180.jpeg,2,reject
1266_left_rot90.jpeg,2,reject
26289_right_rot90.jpeg,2,reject
24780_right_rot90.jpeg,2,reject
14756_left_rot270.jpeg,2,reject
36806_left_rot270.jpeg,2,reject
16038_right_rot180.jpeg,2,reject
41148_right_rot270.jpeg,2,reject
15988_right_rot180.jpeg,2,reject
25166_left_rot180.jpeg,2,reject
20515_right_rot270.jpeg,2,reject
42208_left_rot180.jpeg,2,reject
25937_left_rot270.jpeg,2,reject
16803_right_rot180.jpeg,2,reject
27194_left_rot180.jpeg,2,reject
3062_left_rot270.jpeg,2,reject
37034_left_rot270.jpeg,2,reject
13276_right_rot90.jpeg,2,reject
38925_left_rot90.jpeg,2,reject
5879_left_rot180.jpeg,2,reject
17205_right_rot270.jpeg,2,reject
26747_left_rot270.jpeg,2,reject
9767_right_rot90.jpeg,2,reject
17864_right_rot270.jpeg,2,reject
38811_left_rot180.jpeg,2,reject
35668_left_rot270.jpeg,2,reject
40667_right_rot270.jpeg,2,reject
9804_right_rot180.jpeg,2,reject
1749_left_rot90.jpeg,2,reject
9690_left_rot180.jpeg,2,reject
34739_left_rot270.jpeg,2,reject
28897_left_rot180.jpeg,2,reject
33132_left_rot90.jpeg,2,reject
17684_right_rot180.jpeg,2,reject
22210_left_rot180.jpeg,2,reject
20513_left_rot180.jpeg,2,reject
2036_right_rot180.jpeg,2,reject
18853_left_rot180.jpeg,2,reject
34689_left_rot90.jpeg,2,reject
17426_right_rot270.jpeg,2,reject
6053_left_rot270.jpeg,2,reject
41499_left_rot180.jpeg,2,reject
37244_right_rot180.jpeg,2,reject
32798_left_rot270.jpeg,2,reject
22112_left_rot90.jpeg,2,reject
43153_right_rot180.jpeg,2,reject
19213_right_rot180.jpeg,2,reject
19046_right_rot180.jpeg,2,reject
928_left_rot270.jpeg,2,reject
38756_left_rot90.jpeg,2,reject
38255_left_rot270.jpeg,2,reject
41746_left_rot180.jpeg,2,reject
35655_right_rot180.jpeg,2,reject
20146_left_rot270.jpeg,2,reject
13865_left_rot270.jpeg,2,reject
8462_left_rot90.jpeg,2,reject
4601_left_rot270.jpeg,2,reject
18880_left_rot180.jpeg,2,reject
7291_left_rot180.jpeg,2,reject
39994_right_rot180.jpeg,2,reject
10131_left_rot270.jpeg,2,reject
10640_left_rot270.jpeg,2,reject
768_left_rot90.jpeg,2,reject
14530_right_rot90.jpeg,2,reject
39015_right_rot180.jpeg,2,reject
38513_right_rot270.jpeg,2,reject
5879_right_rot270.jpeg,2,reject
38796_left_rot270.jpeg,2,reject
32176_left_rot180.jpeg,2,reject
4561_right_rot180.jpeg,2,reject
6371_left_rot180.jpeg,2,reject
2016_right_rot270.jpeg,2,reject
23011_right_rot90.jpeg,2,reject
947_left_rot270.jpeg,2,reject
14374_right_rot270.jpeg,2,reject
13359_left_rot180.jpeg,2,reject
10811_left_rot270.jpeg,2,reject
31659_left_rot270.jpeg,2,reject
23855_left_rot270.jpeg,2,reject
39353_left_rot180.jpeg,2,reject
16007_left_rot90.jpeg,2,reject
4795_right_rot90.jpeg,2,reject
12735_left_rot90.jpeg,2,reject
29879_right_rot180.jpeg,2,reject
9069_left_rot180.jpeg,2,reject
6228_right_rot90.jpeg,2,reject
10567_left_rot90.jpeg,2,reject
33732_left_rot90.jpeg,2,reject
23724_right_rot270.jpeg,2,reject
40077_right_rot90.jpeg,2,reject
38307_right_rot90.jpeg,2,reject
10694_left_rot90.jpeg,2,reject
33258_left_rot90.jpeg,2,reject
31931_right_rot90.jpeg,2,reject
3029_right_rot180.jpeg,2,reject
18425_right_rot90.jpeg,2,reject
13033_right_rot180.jpeg,2,reject
5573_left_rot180.jpeg,2,reject
43375_right_rot180.jpeg,2,reject
513_right_rot180.jpeg,2,reject
41148_right_rot180.jpeg,2,reject
9747_left_rot180.jpeg,2,reject
43710_right_rot90.jpeg,2,reject
28208_left_rot270.jpeg,2,reject
18188_right_rot180.jpeg,2,reject
25780_left_rot270.jpeg,2,reject
1868_right_rot270.jpeg,2,reject
29182_right_rot270.jpeg,2,reject
6219_left_rot270.jpeg,2,reject
7938_right_rot180.jpeg,2,reject
43710_left_rot90.jpeg,2,reject
38811_right_rot270.jpeg,2,reject
111_left_rot270.jpeg,2,reject
25832_right_rot180.jpeg,2,reject
37773_left_rot90.jpeg,2,reject
15302_left_rot90.jpeg,2,reject
8143_left_rot270.jpeg,2,reject
26148_right_rot270.jpeg,2,reject
41301_right_rot90.jpeg,2,reject
2521_left_rot90.jpeg,2,reject
19444_left_rot90.jpeg,2,reject
10640_left_rot180.jpeg,2,reject
37064_right_rot270.jpeg,2,reject
42299_right_rot180.jpeg,2,reject
34899_right_rot180.jpeg,2,reject
14195_left_rot90.jpeg,2,reject
1051_right_rot180.jpeg,2,reject
42007_left_rot180.jpeg,2,reject
3933_right_rot180.jpeg,2,reject
22901_right_rot90.jpeg,2,reject
12699_left_rot270.jpeg,2,reject
14597_right_rot180.jpeg,2,reject
7825_left_rot180.jpeg,2,reject
26601_right_rot270.jpeg,2,reject
31924_right_rot90.jpeg,2,reject
733_right_rot180.jpeg,2,reject
14656_left_rot180.jpeg,2,reject
622_left_rot90.jpeg,2,reject
42119_right_rot270.jpeg,2,reject
32460_left_rot270.jpeg,2,reject
26802_right_rot180.jpeg,2,reject
8583_left_rot180.jpeg,2,reject
19223_left_rot270.jpeg,2,reject
745_left_rot270.jpeg,2,reject
42139_left_rot90.jpeg,2,reject
8532_right_rot180.jpeg,2,reject
11649_left_rot180.jpeg,2,reject
20570_left_rot90.jpeg,2,reject
1266_left_rot180.jpeg,2,reject
44050_left_rot90.jpeg,2,reject
8762_left_rot90.jpeg,2,reject
2516_left_rot270.jpeg,2,reject
21826_left_rot180.jpeg,2,reject
16007_left_rot270.jpeg,2,reject
16510_left_rot270.jpeg,2,reject
39233_left_rot90.jpeg,2,reject
32220_right_rot90.jpeg,2,reject
8316_left_rot180.jpeg,2,reject
30039_right_rot90.jpeg,2,reject
40285_left_rot180.jpeg,2,reject
10634_left_rot180.jpeg,2,reject
29879_right_rot90.jpeg,2,reject
1933_right_rot90.jpeg,2,reject
1718_left_rot180.jpeg,2,reject
33529_left_rot270.jpeg,2,reject
4526_right_rot90.jpeg,2,reject
21345_left_rot270.jpeg,2,reject
10401_left_rot180.jpeg,2,reject
15065_right_rot180.jpeg,2,reject
42007_left_rot270.jpeg,2,reject
2218_right_rot270.jpeg,2,reject
13022_left_rot180.jpeg,2,reject
11539_right_rot270.jpeg,2,reject
12950_right_rot270.jpeg,2,reject
35429_right_rot90.jpeg,2,reject
22474_right_rot270.jpeg,2,reject
2107_right_rot270.jpeg,2,reject
12630_left_rot90.jpeg,2,reject
5702_left_rot270.jpeg,2,reject
41274_right_rot90.jpeg,2,reject
30303_left_rot270.jpeg,2,reject
16279_left_rot180.jpeg,2,reject
4688_left_rot90.jpeg,2,reject
734_left_rot90.jpeg,2,reject
30984_right_rot180.jpeg,2,reject
393_right_rot90.jpeg,2,reject
1868_left_rot90.jpeg,2,reject
20244_right_rot90.jpeg,2,reject
38949_left_rot270.jpeg,2,reject
43025_right_rot270.jpeg,2,reject
33180_left_rot180.jpeg,2,reject
42208_right_rot180.jpeg,2,reject
43867_left_rot270.jpeg,2,reject
4558_right_rot90.jpeg,2,reject
37884_right_rot90.jpeg,2,reject
2034_left_rot270.jpeg,2,reject
6311_left_rot90.jpeg,2,reject
22268_left_rot270.jpeg,2,reject
27979_left_rot180.jpeg,2,reject
37354_right_rot90.jpeg,2,reject
19442_left_rot90.jpeg,2,reject
4391_right_rot90.jpeg,2,reject
7445_left_rot90.jpeg,2,reject
18226_right_rot90.jpeg,2,reject
27271_left_rot90.jpeg,2,reject
11485_left_rot180.jpeg,2,reject
6219_left_rot90.jpeg,2,reject
22947_right_rot90.jpeg,2,reject
34389_left_rot180.jpeg,2,reject
17139_right_rot270.jpeg,2,reject
4629_left_rot90.jpeg,2,reject
6299_left_rot270.jpeg,2,reject
44133_left_rot270.jpeg,2,reject
3525_left_rot270.jpeg,2,reject
4674_left_rot90.jpeg,2,reject
19937_right_rot270.jpeg,2,reject
31880_right_rot180.jpeg,2,reject
5185_right_rot270.jpeg,2,reject
7383_left_rot270.jpeg,2,reject
26991_left_rot90.jpeg,2,reject
42429_left_rot270.jpeg,2,reject
18315_left_rot90.jpeg,2,reject
30970_right_rot180.jpeg,2,reject
18562_right_rot180.jpeg,2,reject
32311_left_rot270.jpeg,2,reject
1636_left_rot90.jpeg,2,reject
22901_left_rot270.jpeg,2,reject
8527_left_rot270.jpeg,2,reject
38255_left_rot90.jpeg,2,reject
13184_left_rot270.jpeg,2,reject
40396_right_rot270.jpeg,2,reject
19745_left_rot90.jpeg,2,reject
12575_right_rot180.jpeg,2,reject
17860_left_rot90.jpeg,2,reject
4443_right_rot270.jpeg,2,reject
8532_right_rot270.jpeg,2,reject
13649_right_rot180.jpeg,2,reject
33655_left_rot90.jpeg,2,reject
10569_left_rot90.jpeg,2,reject
7460_left_rot90.jpeg,2,reject
18803_right_rot270.jpeg,2,reject
9538_left_rot90.jpeg,2,reject
19490_left_rot90.jpeg,2,reject
9690_left_rot90.jpeg,2,reject
14981_left_rot270.jpeg,2,reject
37353_right_rot180.jpeg,2,reject
33561_left_rot90.jpeg,2,reject
35871_left_rot180.jpeg,2,reject
3387_left_rot270.jpeg,2,reject
38502_right_rot180.jpeg,2,reject
16196_left_rot270.jpeg,2,reject
15061_left_rot90.jpeg,2,reject
24292_right_rot180.jpeg,2,reject
40405_left_rot180.jpeg,2,reject
40213_right_rot90.jpeg,2,reject
5128_left_rot180.jpeg,2,reject
14756_left_rot180.jpeg,2,reject
1222_left_rot180.jpeg,2,reject
20271_right_rot90.jpeg,2,reject
29661_right_rot180.jpeg,2,reject
23325_left_rot90.jpeg,2,reject
4629_left_rot180.jpeg,2,reject
8133_left_rot90.jpeg,2,reject
3639_left_rot180.jpeg,2,reject
16499_right_rot90.jpeg,2,reject
37160_left_rot90.jpeg,2,reject
41031_right_rot180.jpeg,2,reject
33127_left_rot180.jpeg,2,reject
30304_left_rot90.jpeg,2,reject
40698_right_rot270.jpeg,2,reject
26828_right_rot180.jpeg,2,reject
3621_left_rot90.jpeg,2,reject
31924_left_rot180.jpeg,2,reject
22679_left_rot90.jpeg,2,reject
733_right_rot90.jpeg,2,reject
7607_right_rot180.jpeg,2,reject
4795_right_rot180.jpeg,2,reject
7070_right_rot90.jpeg,2,reject
42607_left_rot180.jpeg,2,reject
38856_right_rot90.jpeg,2,reject
1524_right_rot90.jpeg,2,reject
43998_left_rot180.jpeg,2,reject
10014_left_rot180.jpeg,2,reject
26300_right_rot180.jpeg,2,reject
43457_left_rot270.jpeg,2,reject
12950_left_rot90.jpeg,2,reject
17732_right_rot180.jpeg,2,reject
27466_right_rot90.jpeg,2,reject
16899_right_rot90.jpeg,2,reject
7378_left_rot270.jpeg,2,reject
22210_left_rot90.jpeg,2,reject
37601_right_rot180.jpeg,2,reject
18350_left_rot180.jpeg,2,reject
28072_right_rot270.jpeg,2,reject
33582_right_rot180.jpeg,2,reject
5067_right_rot180.jpeg,2,reject
35295_left_rot90.jpeg,2,reject
26113_right_rot180.jpeg,2,reject
43688_left_rot270.jpeg,2,reject
5488_left_rot180.jpeg,2,reject
13743_left_rot270.jpeg,2,reject
7017_right_rot180.jpeg,2,reject
28991_right_rot90.jpeg,2,reject
12947_right_rot180.jpeg,2,reject
10408_left_rot180.jpeg,2,reject
7383_right_rot90.jpeg,2,reject
22134_right_rot180.jpeg,2,reject
39192_right_rot270.jpeg,2,reject
13022_left_rot270.jpeg,2,reject
20799_left_rot180.jpeg,2,reject
11519_right_rot180.jpeg,2,reject
27369_left_rot90.jpeg,2,reject
40523_right_rot180.jpeg,2,reject
928_left_rot180.jpeg,2,reject
4711_left_rot90.jpeg,2,reject
19858_right_rot90.jpeg,2,reject
17860_left_rot270.jpeg,2,reject
26270_left_rot180.jpeg,2,reject
35629_left_rot90.jpeg,2,reject
54_left_rot180.jpeg,2,reject
27381_left_rot180.jpeg,2,reject
15335_left_rot180.jpeg,2,reject
24305_left_rot180.jpeg,2,reject
721_left_rot180.jpeg,2,reject
11129_right_rot180.jpeg,2,reject
27917_left_rot90.jpeg,2,reject
41746_right_rot180.jpeg,2,reject
33655_right_rot180.jpeg,2,reject
26741_left_rot270.jpeg,2,reject
4314_right_rot180.jpeg,2,reject
39072_left_rot90.jpeg,2,reject
35893_right_rot180.jpeg,2,reject
31945_right_rot90.jpeg,2,reject
23325_left_rot270.jpeg,2,reject
1407_left_rot180.jpeg,2,reject
12735_right_rot270.jpeg,2,reject
35374_left_rot270.jpeg,2,reject
12954_left_rot90.jpeg,2,reject
25154_left_rot180.jpeg,2,reject
4322_right_rot180.jpeg,2,reject
16862_left_rot180.jpeg,2,reject
43187_left_rot270.jpeg,2,reject
14450_left_rot270.jpeg,2,reject
23630_left_rot90.jpeg,2,reject
8302_right_rot180.jpeg,2,reject
10129_left_rot180.jpeg,2,reject
18922_left_rot90.jpeg,2,reject
15529_right_rot90.jpeg,2,reject
30149_left_rot90.jpeg,2,reject
29127_left_rot270.jpeg,2,reject
41566_left_rot90.jpeg,2,reject
31336_right_rot90.jpeg,2,reject
35127_left_rot90.jpeg,2,reject
44254_left_rot90.jpeg,2,reject
26580_left_rot90.jpeg,2,reject
12699_right_rot270.jpeg,2,reject
7992_right_rot90.jpeg,2,reject
18644_left_rot180.jpeg,2,reject
44268_left_rot180.jpeg,2,reject
35966_left_rot90.jpeg,2,reject
38083_right_rot90.jpeg,2,reject
3405_left_rot180.jpeg,2,reject
14139_right_rot90.jpeg,2,reject
39994_right_rot270.jpeg,2,reject
3525_left_rot90.jpeg,2,reject
24801_right_rot270.jpeg,2,reject
29762_left_rot90.jpeg,2,reject
35365_left_rot90.jpeg,2,reject
33368_left_rot90.jpeg,2,reject
42721_right_rot270.jpeg,2,reject
30149_left_rot270.jpeg,2,reject
30021_right_rot90.jpeg,2,reject
33750_right_rot270.jpeg,2,reject
32572_right_rot270.jpeg,2,reject
21447_left_rot90.jpeg,2,reject
13051_right_rot270.jpeg,2,reject
6403_right_rot90.jpeg,2,reject
5156_right_rot180.jpeg,2,reject
38373_right_rot270.jpeg,2,reject
1718_right_rot270.jpeg,2,reject
40903_left_rot180.jpeg,2,reject
43752_left_rot270.jpeg,2,reject
37197_left_rot90.jpeg,2,reject
195_right_rot270.jpeg,2,reject
44254_right_rot270.jpeg,2,reject
5728_right_rot270.jpeg,2,reject
14139_left_rot180.jpeg,2,reject
6759_right_rot180.jpeg,2,reject
39527_left_rot180.jpeg,2,reject
10319_right_rot90.jpeg,2,reject
25937_left_rot180.jpeg,2,reject
3712_left_rot90.jpeg,2,reject
11384_right_rot90.jpeg,2,reject
13275_left_rot270.jpeg,2,reject
13254_left_rot90.jpeg,2,reject
13848_right_rot270.jpeg,2,reject
34666_left_rot270.jpeg,2,reject
43452_left_rot180.jpeg,2,reject
29956_left_rot270.jpeg,2,reject
203_left_rot90.jpeg,2,reject
35377_left_rot90.jpeg,2,reject
17925_right_rot90.jpeg,2,reject
26268_left_rot270.jpeg,2,reject
31662_left_rot180.jpeg,2,reject
26596_right_rot90.jpeg,2,reject
38323_right_rot180.jpeg,2,reject
32585_left_rot90.jpeg,2,reject
6418_left_rot90.jpeg,2,reject
34117_left_rot90.jpeg,2,reject
10444_left_rot90.jpeg,2,reject
12629_right_rot90.jpeg,2,reject
15037_left_rot90.jpeg,2,reject
18819_right_rot270.jpeg,2,reject
4558_left_rot90.jpeg,2,reject
24772_right_rot180.jpeg,2,reject
19462_right_rot90.jpeg,2,reject
31857_right_rot270.jpeg,2,reject
3986_left_rot270.jpeg,2,reject
13664_right_rot270.jpeg,2,reject
25077_right_rot180.jpeg,2,reject
20037_right_rot270.jpeg,2,reject
15302_left_rot270.jpeg,2,reject
39981_right_rot180.jpeg,2,reject
29430_left_rot90.jpeg,2,reject
33529_right_rot180.jpeg,2,reject
12329_left_rot270.jpeg,2,reject
32585_left_rot270.jpeg,2,reject
38186_right_rot180.jpeg,2,reject
18001_right_rot270.jpeg,2,reject
8209_right_rot90.jpeg,2,reject
30120_right_rot90.jpeg,2,reject
27759_left_rot90.jpeg,2,reject
28208_left_rot90.jpeg,2,reject
2903_left_rot270.jpeg,2,reject
41988_right_rot270.jpeg,2,reject
37117_left_rot270.jpeg,2,reject
20244_left_rot90.jpeg,2,reject
31987_right_rot90.jpeg,2,reject
1348_left_rot90.jpeg,2,reject
34395_left_rot270.jpeg,2,reject
7741_left_rot180.jpeg,2,reject
12947_left_rot270.jpeg,2,reject
6639_right_rot90.jpeg,2,reject
36576_left_rot270.jpeg,2,reject
37608_left_rot270.jpeg,2,reject
159_left_rot270.jpeg,2,reject
13304_left_rot90.jpeg,2,reject
15018_right_rot90.jpeg,2,reject
41368_left_rot180.jpeg,2,reject
10043_right_rot90.jpeg,2,reject
10853_right_rot180.jpeg,2,reject
1718_left_rot90.jpeg,2,reject
42939_right_rot270.jpeg,2,reject
44317_right_rot90.jpeg,2,reject
39847_right_rot270.jpeg,2,reject
15060_left_rot180.jpeg,2,reject
30726_right_rot270.jpeg,2,reject
36965_left_rot180.jpeg,2,reject
34267_right_rot90.jpeg,2,reject
25077_left_rot180.jpeg,2,reject
23444_right_rot90.jpeg,2,reject
36467_right_rot90.jpeg,2,reject
15964_left_rot90.jpeg,2,reject
13275_right_rot270.jpeg,2,reject
32585_left_rot180.jpeg,2,reject
33368_left_rot270.jpeg,2,reject
14620_right_rot90.jpeg,2,reject
38902_left_rot270.jpeg,2,reject
26509_right_rot270.jpeg,2,reject
1061_right_rot180.jpeg,2,reject
13780_left_rot90.jpeg,2,reject
6403_right_rot270.jpeg,2,reject
42055_right_rot180.jpeg,2,reject
4043_left_rot180.jpeg,2,reject
6371_right_rot180.jpeg,2,reject
26922_left_rot90.jpeg,2,reject
37601_right_rot270.jpeg,2,reject
34646_right_rot180.jpeg,2,reject
13283_right_rot90.jpeg,2,reject
4887_left_rot90.jpeg,2,reject
5632_left_rot180.jpeg,2,reject
43057_right_rot90.jpeg,2,reject
10694_left_rot180.jpeg,2,reject
9069_left_rot270.jpeg,2,reject
37757_left_rot180.jpeg,2,reject
31554_left_rot270.jpeg,2,reject
40847_left_rot270.jpeg,2,reject
19561_right_rot270.jpeg,2,reject
27597_right_rot90.jpeg,2,reject
11431_left_rot270.jpeg,2,reject
3608_right_rot90.jpeg,2,reject
5441_left_rot180.jpeg,2,reject
43105_right_rot270.jpeg,2,reject
12256_right_rot270.jpeg,2,reject
10794_right_rot90.jpeg,2,reject
2735_right_rot90.jpeg,2,reject
13584_right_rot270.jpeg,2,reject
21824_left_rot90.jpeg,2,reject
3440_right_rot90.jpeg,2,reject
42728_left_rot180.jpeg,2,reject
42139_right_rot270.jpeg,2,reject
19937_left_rot270.jpeg,2,reject
28172_left_rot180.jpeg,2,reject
13192_left_rot180.jpeg,2,reject
3365_right_rot180.jpeg,2,reject
9404_left_rot270.jpeg,2,reject
12947_left_rot90.jpeg,2,reject
14392_right_rot180.jpeg,2,reject
33655_right_rot270.jpeg,2,reject
37117_left_rot180.jpeg,2,reject
41274_right_rot270.jpeg,2,reject
5927_right_rot270.jpeg,2,reject
31465_left_rot90.jpeg,2,reject
3722_right_rot90.jpeg,2,reject
38939_left_rot270.jpeg,2,reject
22543_right_rot180.jpeg,2,reject
5147_left_rot270.jpeg,2,reject
43033_left_rot180.jpeg,2,reject
33132_left_rot270.jpeg,2,reject
13673_left_rot180.jpeg,2,reject
41566_left_rot270.jpeg,2,reject
40847_left_rot180.jpeg,2,reject
20960_left_rot90.jpeg,2,reject
35871_left_rot270.jpeg,2,reject
44008_left_rot90.jpeg,2,reject
31945_left_rot90.jpeg,2,reject
7083_left_rot270.jpeg,2,reject
35488_left_rot270.jpeg,2,reject
14425_right_rot90.jpeg,2,reject
24801_right_rot180.jpeg,2,reject
30039_right_rot180.jpeg,2,reject
6881_left_rot270.jpeg,2,reject
34971_left_rot270.jpeg,2,reject
18257_left_rot270.jpeg,2,reject
9116_left_rot270.jpeg,2,reject
22637_right_rot180.jpeg,2,reject
1475_left_rot270.jpeg,2,reject
10444_left_rot180.jpeg,2,reject
38404_left_rot270.jpeg,2,reject
25377_left_rot180.jpeg,2,reject
6014_left_rot90.jpeg,2,reject
16548_right_rot180.jpeg,2,reject
8669_right_rot180.jpeg,2,reject
31965_left_rot270.jpeg,2,reject
43425_right_rot90.jpeg,2,reject
20670_right_rot90.jpeg,2,reject
28041_right_rot90.jpeg,2,reject
12478_right_rot180.jpeg,2,reject
26402_left_rot180.jpeg,2,reject
39981_right_rot270.jpeg,2,reject
26289_left_rot270.jpeg,2,reject
4197_left_rot270.jpeg,2,reject
13051_left_rot90.jpeg,2,reject
3780_left_rot180.jpeg,2,reject
13875_left_rot90.jpeg,2,reject
5084_left_rot270.jpeg,2,reject
17555_left_rot90.jpeg,2,reject
39233_left_rot180.jpeg,2,reject
15408_right_rot270.jpeg,2,reject
5071_left_rot270.jpeg,2,reject
20824_right_rot270.jpeg,2,reject
551_left_rot90.jpeg,2,reject
5633_left_rot90.jpeg,2,reject
30231_left_rot90.jpeg,2,reject
10732_left_rot90.jpeg,2,reject
31825_right_rot180.jpeg,2,reject
20293_right_rot180.jpeg,2,reject
5250_right_rot90.jpeg,2,reject
9068_right_rot180.jpeg,2,reject
7133_left_rot270.jpeg,2,reject
35629_left_rot180.jpeg,2,reject
10124_right_rot90.jpeg,2,reject
2132_right_rot270.jpeg,2,reject
31710_right_rot180.jpeg,2,reject
41876_left_rot180.jpeg,2,reject
30667_right_rot270.jpeg,2,reject
38513_left_rot180.jpeg,2,reject
27081_left_rot180.jpeg,2,reject
4322_left_rot270.jpeg,2,reject
23011_left_rot270.jpeg,2,reject
16366_right_rot90.jpeg,2,reject
4322_right_rot90.jpeg,2,reject
4973_right_rot270.jpeg,2,reject
17986_right_rot90.jpeg,2,reject
42772_left_rot90.jpeg,2,reject
18487_right_rot90.jpeg,2,reject
38979_left_rot270.jpeg,2,reject
35334_left_rot180.jpeg,2,reject
6311_left_rot180.jpeg,2,reject
43314_right_rot180.jpeg,2,reject
25932_left_rot90.jpeg,2,reject
40698_right_rot90.jpeg,2,reject
15590_right_rot270.jpeg,2,reject
7992_right_rot270.jpeg,2,reject
4721_right_rot270.jpeg,2,reject
2554_right_rot180.jpeg,2,reject
40016_right_rot270.jpeg,2,reject
10962_left_rot270.jpeg,2,reject
24159_left_rot90.jpeg,2,reject
29708_right_rot90.jpeg,2,reject
20342_right_rot90.jpeg,2,reject
4307_left_rot90.jpeg,2,reject
43110_left_rot180.jpeg,2,reject
13945_right_rot90.jpeg,2,reject
41566_right_rot90.jpeg,2,reject
43932_left_rot180.jpeg,2,reject
31411_left_rot180.jpeg,2,reject
27369_right_rot270.jpeg,2,reject
2228_left_rot180.jpeg,2,reject
31428_left_rot90.jpeg,2,reject
1119_left_rot270.jpeg,2,reject
9830_left_rot90.jpeg,2,reject
5308_right_rot90.jpeg,2,reject
2140_left_rot270.jpeg,2,reject
34442_right_rot270.jpeg,2,reject
4162_right_rot270.jpeg,2,reject
14842_left_rot270.jpeg,2,reject
15273_left_rot90.jpeg,2,reject
5185_left_rot90.jpeg,2,reject
7825_right_rot180.jpeg,2,reject
23724_left_rot270.jpeg,2,reject
25165_right_rot90.jpeg,2,reject
38132_right_rot90.jpeg,2,reject
4086_right_rot180.jpeg,2,reject
1862_left_rot90.jpeg,2,reject
22895_right_rot180.jpeg,2,reject
21788_right_rot90.jpeg,2,reject
33582_right_rot90.jpeg,2,reject
10960_left_rot270.jpeg,2,reject
10567_left_rot180.jpeg,2,reject
10234_right_rot90.jpeg,2,reject
3062_right_rot90.jpeg,2,reject
5633_left_rot180.jpeg,2,reject
6963_right_rot90.jpeg,2,reject
26486_left_rot270.jpeg,2,reject
35377_left_rot270.jpeg,2,reject
8558_right_rot90.jpeg,2,reject
34601_right_rot270.jpeg,2,reject
13579_left_rot270.jpeg,2,reject
37147_right_rot180.jpeg,2,reject
16540_left_rot270.jpeg,2,reject
5004_right_rot180.jpeg,2,reject
34063_right_rot270.jpeg,2,reject
32809_right_rot270.jpeg,2,reject
19046_left_rot90.jpeg,2,reject
11828_right_rot270.jpeg,2,reject
7108_left_rot180.jpeg,2,reject
9448_left_rot90.jpeg,2,reject
40650_left_rot90.jpeg,2,reject
34113_left_rot90.jpeg,2,reject
374_right_rot180.jpeg,2,reject
3298_right_rot270.jpeg,2,reject
16025_left_rot270.jpeg,2,reject
3496_left_rot180.jpeg,2,reject
195_right_rot90.jpeg,2,reject
21373_left_rot270.jpeg,2,reject
2065_left_rot270.jpeg,2,reject
21886_right_rot90.jpeg,2,reject
32417_right_rot270.jpeg,2,reject
19143_left_rot270.jpeg,2,reject
31924_right_rot180.jpeg,2,reject
8558_right_rot180.jpeg,2,reject
13635_left_rot90.jpeg,2,reject
13409_left_rot180.jpeg,2,reject
3933_right_rot270.jpeg,2,reject
20102_right_rot180.jpeg,2,reject
19858_left_rot270.jpeg,2,reject
35323_left_rot270.jpeg,2,reject
686_left_rot90.jpeg,2,reject
14195_left_rot270.jpeg,2,reject
42119_left_rot270.jpeg,2,reject
26243_right_rot90.jpeg,2,reject
38404_left_rot90.jpeg,2,reject
18450_right_rot90.jpeg,2,reject
43369_left_rot180.jpeg,2,reject
4629_right_rot90.jpeg,2,reject
24879_left_rot180.jpeg,2,reject
15273_left_rot270.jpeg,2,reject
5927_right_rot180.jpeg,2,reject
513_right_rot270.jpeg,2,reject
5750_left_rot270.jpeg,2,reject
28976_left_rot270.jpeg,2,reject
6015_right_rot270.jpeg,2,reject
34078_right_rot270.jpeg,2,reject
29088_left_rot90.jpeg,2,reject
17684_right_rot90.jpeg,2,reject
9448_right_rot90.jpeg,2,reject
21533_left_rot270.jpeg,2,reject
20180_left_rot270.jpeg,2,reject
26464_left_rot270.jpeg,2,reject
33589_left_rot90.jpeg,2,reject
31223_right_rot270.jpeg,2,reject
44081_left_rot180.jpeg,2,reject
8217_right_rot270.jpeg,2,reject
29601_right_rot270.jpeg,2,reject
7672_left_rot180.jpeg,2,reject
37757_left_rot270.jpeg,2,reject
4086_right_rot270.jpeg,2,reject
15320_left_rot90.jpeg,2,reject
32734_right_rot270.jpeg,2,reject
17453_right_rot180.jpeg,2,reject
33750_right_rot180.jpeg,2,reject
3275_right_rot180.jpeg,2,reject
734_left_rot270.jpeg,2,reject
24472_right_rot180.jpeg,2,reject
24159_right_rot90.jpeg,2,reject
36933_right_rot90.jpeg,2,reject
34748_right_rot180.jpeg,2,reject
8806_right_rot270.jpeg,2,reject
25396_left_rot180.jpeg,2,reject
39015_right_rot90.jpeg,2,reject
14154_right_rot180.jpeg,2,reject
39676_left_rot270.jpeg,2,reject
35581_left_rot270.jpeg,2,reject
613_right_rot270.jpeg,2,reject
38811_right_rot180.jpeg,2,reject
28991_left_rot90.jpeg,2,reject
3851_left_rot90.jpeg,2,reject
13651_right_rot180.jpeg,2,reject
17638_right_rot180.jpeg,2,reject
40489_right_rot270.jpeg,2,reject
27734_right_rot90.jpeg,2,reject
39321_right_rot90.jpeg,2,reject
5004_left_rot180.jpeg,2,reject
16548_right_rot90.jpeg,2,reject
24772_right_rot270.jpeg,2,reject
32352_left_rot90.jpeg,2,reject
41445_left_rot270.jpeg,2,reject
43589_right_rot90.jpeg,2,reject
39233_left_rot270.jpeg,2,reject
24437_left_rot90.jpeg,2,reject
38552_left_rot180.jpeg,2,reject
17092_right_rot180.jpeg,2,reject
31994_left_rot90.jpeg,2,reject
25396_left_rot270.jpeg,2,reject
13375_left_rot270.jpeg,2,reject
26217_left_rot270.jpeg,2,reject
18556_right_rot270.jpeg,2,reject
2357_left_rot270.jpeg,2,reject
27413_left_rot90.jpeg,2,reject
27343_right_rot180.jpeg,2,reject
15506_left_rot270.jpeg,2,reject
10854_right_rot180.jpeg,2,reject
22901_right_rot270.jpeg,2,reject
41445_right_rot180.jpeg,2,reject
24641_left_rot90.jpeg,2,reject
39741_right_rot90.jpeg,2,reject
13431_left_rot90.jpeg,2,reject
941_left_rot270.jpeg,2,reject
947_left_rot90.jpeg,2,reject
13333_right_rot90.jpeg,2,reject
43314_right_rot270.jpeg,2,reject
38325_right_rot270.jpeg,2,reject
40057_right_rot270.jpeg,2,reject
35334_right_rot270.jpeg,2,reject
6141_left_rot270.jpeg,2,reject
7291_right_rot180.jpeg,2,reject
5613_left_rot180.jpeg,2,reject
31857_right_rot180.jpeg,2,reject
9156_left_rot180.jpeg,2,reject
36467_left_rot270.jpeg,2,reject
19745_left_rot270.jpeg,2,reject
3365_right_rot270.jpeg,2,reject
5423_right_rot270.jpeg,2,reject
30304_left_rot180.jpeg,2,reject
10952_left_rot270.jpeg,2,reject
3439_right_rot180.jpeg,2,reject
32220_left_rot180.jpeg,2,reject
36448_left_rot180.jpeg,2,reject
32654_left_rot270.jpeg,2,reject
38849_right_rot90.jpeg,2,reject
12735_right_rot180.jpeg,2,reject
99_left_rot270.jpeg,2,reject
31418_right_rot180.jpeg,2,reject
8116_right_rot90.jpeg,2,reject
4887_right_rot270.jpeg,2,reject
7318_right_rot180.jpeg,2,reject
30277_right_rot270.jpeg,2,reject
13299_left_rot90.jpeg,2,reject
378_left_rot90.jpeg,2,reject
14482_left_rot180.jpeg,2,reject
25896_right_rot180.jpeg,2,reject
34152_left_rot180.jpeg,2,reject
9454_left_rot90.jpeg,2,reject
14756_left_rot90.jpeg,2,reject
24903_left_rot90.jpeg,2,reject
11204_left_rot180.jpeg,2,reject
20677_left_rot180.jpeg,2,reject
36416_right_rot180.jpeg,2,reject
35859_left_rot180.jpeg,2,reject
19490_left_rot270.jpeg,2,reject
35704_left_rot180.jpeg,2,reject
4327_left_rot90.jpeg,2,reject
38902_left_rot180.jpeg,2,reject
33033_left_rot90.jpeg,2,reject
40864_left_rot180.jpeg,2,reject
19773_left_rot90.jpeg,2,reject
11989_right_rot270.jpeg,2,reject
37148_left_rot180.jpeg,2,reject
6788_left_rot270.jpeg,2,reject
38035_left_rot270.jpeg,2,reject
23177_left_rot90.jpeg,2,reject
7061_right_rot90.jpeg,2,reject
8583_left_rot270.jpeg,2,reject
37183_left_rot180.jpeg,2,reject
12168_right_rot270.jpeg,2,reject
36933_right_rot270.jpeg,2,reject
28382_right_rot90.jpeg,2,reject
22704_left_rot180.jpeg,2,reject
5410_left_rot270.jpeg,2,reject
3608_right_rot270.jpeg,2,reject
4274_left_rot180.jpeg,2,reject
37301_right_rot90.jpeg,2,reject
30899_left_rot90.jpeg,2,reject
32551_left_rot270.jpeg,2,reject
2758_left_rot90.jpeg,2,reject
27278_left_rot270.jpeg,2,reject
40786_left_rot270.jpeg,2,reject
6512_right_rot270.jpeg,2,reject
3812_left_rot270.jpeg,2,reject
26991_left_rot180.jpeg,2,reject
36510_right_rot90.jpeg,2,reject
30948_right_rot270.jpeg,2,reject
40447_right_rot90.jpeg,2,reject
29615_left_rot270.jpeg,2,reject
24478_left_rot270.jpeg,2,reject
16497_left_rot90.jpeg,2,reject
2030_right_rot90.jpeg,2,reject
38925_left_rot270.jpeg,2,reject
5128_left_rot270.jpeg,2,reject
42317_left_rot90.jpeg,2,reject
3838_right_rot270.jpeg,2,reject
32979_right_rot270.jpeg,2,reject
8912_right_rot180.jpeg,2,reject
37160_left_rot180.jpeg,2,reject
35046_left_rot90.jpeg,2,reject
13649_right_rot270.jpeg,2,reject
43757_right_rot270.jpeg,2,reject
22978_right_rot270.jpeg,2,reject
9122_right_rot90.jpeg,2,reject
12356_left_rot90.jpeg,2,reject
28598_right_rot90.jpeg,2,reject
6863_right_rot270.jpeg,2,reject
39702_left_rot270.jpeg,2,reject
20402_right_rot90.jpeg,2,reject
40213_left_rot90.jpeg,2,reject
6918_left_rot90.jpeg,2,reject
42951_right_rot180.jpeg,2,reject
25283_left_rot180.jpeg,2,reject
40341_right_rot180.jpeg,2,reject
36730_left_rot90.jpeg,2,reject
42949_left_rot270.jpeg,2,reject
13780_left_rot180.jpeg,2,reject
30784_left_rot270.jpeg,2,reject
28382_right_rot180.jpeg,2,reject
37957_left_rot270.jpeg,2,reject
18257_right_rot270.jpeg,2,reject
27960_right_rot270.jpeg,2,reject
39741_right_rot180.jpeg,2,reject
10218_left_rot270.jpeg,2,reject
43490_left_rot270.jpeg,2,reject
8342_right_rot180.jpeg,2,reject
22704_left_rot270.jpeg,2,reject
18030_right_rot270.jpeg,2,reject
6863_right_rot90.jpeg,2,reject
4558_right_rot180.jpeg,2,reject
30672_left_rot180.jpeg,2,reject
24446_left_rot270.jpeg,2,reject
5845_right_rot180.jpeg,2,reject
36852_right_rot90.jpeg,2,reject
2903_left_rot90.jpeg,2,reject
11894_left_rot90.jpeg,2,reject
30831_right_rot270.jpeg,2,reject
12992_left_rot90.jpeg,2,reject
9003_right_rot270.jpeg,2,reject
31596_right_rot270.jpeg,2,reject
13923_right_rot90.jpeg,2,reject
35215_right_rot90.jpeg,2,reject
20273_right_rot90.jpeg,2,reject
40016_right_rot90.jpeg,2,reject
3382_right_rot270.jpeg,2,reject
25606_right_rot270.jpeg,2,reject
43457_left_rot180.jpeg,2,reject
36215_right_rot90.jpeg,2,reject
37301_right_rot270.jpeg,2,reject
31924_left_rot90.jpeg,2,reject
6254_left_rot270.jpeg,2,reject
1608_left_rot270.jpeg,2,reject
4216_left_rot180.jpeg,2,reject
38149_left_rot90.jpeg,2,reject
24148_left_rot270.jpeg,2,reject
159_left_rot180.jpeg,2,reject
3933_left_rot180.jpeg,2,reject
11750_left_rot90.jpeg,2,reject
17658_left_rot180.jpeg,2,reject
40489_right_rot90.jpeg,2,reject
29615_left_rot90.jpeg,2,reject
15918_left_rot180.jpeg,2,reject
19811_right_rot90.jpeg,2,reject
35320_left_rot90.jpeg,2,reject
4795_right_rot270.jpeg,2,reject
16691_left_rot270.jpeg,2,reject
18930_left_rot90.jpeg,2,reject
17663_left_rot180.jpeg,2,reject
18030_right_rot90.jpeg,2,reject
22134_right_rot270.jpeg,2,reject
42951_left_rot180.jpeg,2,reject
18686_right_rot90.jpeg,2,reject
35861_left_rot270.jpeg,2,reject
40847_right_rot270.jpeg,2,reject
22176_left_rot180.jpeg,2,reject
43593_right_rot180.jpeg,2,reject
22266_right_rot90.jpeg,2,reject
5845_right_rot90.jpeg,2,reject
27456_left_rot180.jpeg,2,reject
37374_left_rot270.jpeg,2,reject
19046_right_rot90.jpeg,2,reject
13579_left_rot180.jpeg,2,reject
10954_left_rot90.jpeg,2,reject
1061_right_rot270.jpeg,2,reject
23011_right_rot270.jpeg,2,reject
6888_right_rot270.jpeg,2,reject
27081_left_rot270.jpeg,2,reject
29264_right_rot90.jpeg,2,reject
6254_left_rot180.jpeg,2,reject
24689_right_rot270.jpeg,2,reject
14425_right_rot180.jpeg,2,reject
4383_right_rot270.jpeg,2,reject
27837_left_rot270.jpeg,2,reject
38332_left_rot180.jpeg,2,reject
29652_right_rot270.jpeg,2,reject
13251_left_rot90.jpeg,2,reject
10043_right_rot270.jpeg,2,reject
41031_right_rot90.jpeg,2,reject
12101_left_rot180.jpeg,2,reject
15038_left_rot180.jpeg,2,reject
13344_left_rot180.jpeg,2,reject
12126_left_rot180.jpeg,2,reject
3783_left_rot270.jpeg,2,reject
1878_right_rot180.jpeg,2,reject
19937_left_rot90.jpeg,2,reject
25606_right_rot180.jpeg,2,reject
32742_left_rot180.jpeg,2,reject
1933_left_rot270.jpeg,2,reject
16009_right_rot270.jpeg,2,reject
6666_left_rot90.jpeg,2,reject
43631_right_rot270.jpeg,2,reject
22268_left_rot90.jpeg,2,reject
15018_left_rot270.jpeg,2,reject
41368_right_rot90.jpeg,2,reject
37947_right_rot270.jpeg,2,reject
13051_right_rot180.jpeg,2,reject
3266_left_rot270.jpeg,2,reject
36627_right_rot90.jpeg,2,reject
28977_left_rot90.jpeg,2,reject
33646_left_rot270.jpeg,2,reject
5250_right_rot270.jpeg,2,reject
1333_left_rot270.jpeg,2,reject
11495_right_rot90.jpeg,2,reject
27960_right_rot180.jpeg,2,reject
11584_left_rot270.jpeg,2,reject
12947_right_rot270.jpeg,2,reject
42429_left_rot90.jpeg,2,reject
17215_right_rot90.jpeg,2,reject
26466_right_rot90.jpeg,2,reject
9353_right_rot180.jpeg,2,reject
24305_left_rot270.jpeg,2,reject
14597_left_rot90.jpeg,2,reject
1289_left_rot270.jpeg,2,reject
18802_right_rot90.jpeg,2,reject
30021_right_rot270.jpeg,2,reject
37457_left_rot270.jpeg,2,reject
39362_right_rot180.jpeg,2,reject
11584_left_rot90.jpeg,2,reject
26594_left_rot90.jpeg,2,reject
7295_right_rot180.jpeg,2,reject
37160_left_rot270.jpeg,2,reject
38184_right_rot180.jpeg,2,reject
42912_right_rot180.jpeg,2,reject
14835_left_rot90.jpeg,2,reject
20102_right_rot90.jpeg,2,reject
6190_right_rot180.jpeg,2,reject
38478_right_rot180.jpeg,2,reject
25579_left_rot90.jpeg,2,reject
39748_left_rot270.jpeg,2,reject
38184_right_rot90.jpeg,2,reject
10645_left_rot270.jpeg,2,reject
1351_left_rot180.jpeg,2,reject
16370_right_rot270.jpeg,2,reject
22112_left_rot270.jpeg,2,reject
17751_right_rot90.jpeg,2,reject
38795_right_rot90.jpeg,2,reject
33292_right_rot270.jpeg,2,reject
35365_left_rot180.jpeg,2,reject
4764_left_rot90.jpeg,2,reject
13627_left_rot180.jpeg,2,reject
17885_left_rot270.jpeg,2,reject
8133_right_rot270.jpeg,2,reject
3029_left_rot180.jpeg,2,reject
16802_right_rot270.jpeg,2,reject
41828_right_rot270.jpeg,2,reject
44330_left_rot90.jpeg,2,reject
6863_right_rot180.jpeg,2,reject
23104_left_rot180.jpeg,2,reject
4403_left_rot90.jpeg,2,reject
1853_right_rot270.jpeg,2,reject
3059_right_rot270.jpeg,2,reject
44148_left_rot270.jpeg,2,reject
32220_right_rot270.jpeg,2,reject
24227_left_rot90.jpeg,2,reject
22286_right_rot90.jpeg,2,reject
37374_left_rot90.jpeg,2,reject
30728_left_rot90.jpeg,2,reject
36256_left_rot270.jpeg,2,reject
39632_left_rot180.jpeg,2,reject
14193_right_rot90.jpeg,2,reject
12101_right_rot90.jpeg,2,reject
2036_right_rot90.jpeg,2,reject
42106_right_rot270.jpeg,2,reject
6337_left_rot180.jpeg,2,reject
19104_right_rot270.jpeg,2,reject
18213_left_rot270.jpeg,2,reject
23997_right_rot180.jpeg,2,reject
18684_left_rot270.jpeg,2,reject
31497_left_rot180.jpeg,2,reject
21511_right_rot180.jpeg,2,reject
2030_right_rot180.jpeg,2,reject
37458_left_rot180.jpeg,2,reject
23692_left_rot180.jpeg,2,reject
41929_right_rot270.jpeg,2,reject
27597_right_rot180.jpeg,2,reject
27186_left_rot90.jpeg,2,reject
1002_left_rot270.jpeg,2,reject
33730_right_rot90.jpeg,2,reject
31640_right_rot90.jpeg,2,reject
13417_left_rot270.jpeg,2,reject
20554_left_rot270.jpeg,2,reject
30112_right_rot270.jpeg,2,reject
26594_left_rot270.jpeg,2,reject
24036_left_rot180.jpeg,2,reject
5953_left_rot90.jpeg,2,reject
41176_left_rot270.jpeg,2,reject
39044_left_rot270.jpeg,2,reject
24203_right_rot180.jpeg,2,reject
13955_right_rot270.jpeg,2,reject
41368_left_rot90.jpeg,2,reject
18684_right_rot180.jpeg,2,reject
29301_right_rot270.jpeg,2,reject
14353_left_rot90.jpeg,2,reject
928_left_rot90.jpeg,2,reject
23327_left_rot180.jpeg,2,reject
1744_left_rot90.jpeg,2,reject
2986_left_rot180.jpeg,2,reject
9450_left_rot180.jpeg,2,reject
12835_left_rot180.jpeg,2,reject
39741_right_rot270.jpeg,2,reject
41368_left_rot270.jpeg,2,reject
26300_right_rot270.jpeg,2,reject
2357_right_rot180.jpeg,2,reject
13743_right_rot90.jpeg,2,reject
16369_left_rot90.jpeg,2,reject
5702_right_rot90.jpeg,2,reject
99_left_rot180.jpeg,2,reject
30039_right_rot270.jpeg,2,reject
40499_left_rot270.jpeg,2,reject
23011_left_rot90.jpeg,2,reject
11464_left_rot270.jpeg,2,reject
40396_right_rot90.jpeg,2,reject
36806_left_rot180.jpeg,2,reject
19749_right_rot270.jpeg,2,reject
24367_left_rot180.jpeg,2,reject
1524_right_rot180.jpeg,2,reject
16858_left_rot180.jpeg,2,reject
36316_right_rot270.jpeg,2,reject
40513_left_rot270.jpeg,2,reject
37947_right_rot180.jpeg,2,reject
35779_right_rot270.jpeg,2,reject
38463_right_rot180.jpeg,2,reject
33414_right_rot180.jpeg,2,reject
23177_left_rot270.jpeg,2,reject
22744_left_rot180.jpeg,2,reject
16510_left_rot180.jpeg,2,reject
3275_left_rot270.jpeg,2,reject
42316_right_rot90.jpeg,2,reject
8928_right_rot180.jpeg,2,reject
28976_right_rot180.jpeg,2,reject
39757_right_rot90.jpeg,2,reject
9590_right_rot90.jpeg,2,reject
33711_right_rot270.jpeg,2,reject
40662_right_rot90.jpeg,2,reject
31662_left_rot90.jpeg,2,reject
32749_right_rot180.jpeg,2,reject
40603_right_rot180.jpeg,2,reject
31072_left_rot90.jpeg,2,reject
39343_left_rot90.jpeg,2,reject
30607_right_rot90.jpeg,2,reject
13344_left_rot90.jpeg,2,reject
24689_right_rot180.jpeg,2,reject
14770_left_rot270.jpeg,2,reject
30354_left_rot90.jpeg,2,reject
6687_left_rot270.jpeg,2,reject
24148_left_rot90.jpeg,2,reject
12478_right_rot270.jpeg,2,reject
6424_left_rot270.jpeg,2,reject
4391_right_rot270.jpeg,2,reject
44091_left_rot90.jpeg,2,reject
24695_right_rot180.jpeg,2,reject
19236_right_rot180.jpeg,2,reject
19811_left_rot270.jpeg,2,reject
22778_left_rot180.jpeg,2,reject
10952_left_rot180.jpeg,2,reject
40057_right_rot90.jpeg,2,reject
30277_left_rot90.jpeg,2,reject
25171_left_rot180.jpeg,2,reject
1878_left_rot180.jpeg,2,reject
28789_right_rot90.jpeg,2,reject
4499_left_rot270.jpeg,2,reject
4688_right_rot180.jpeg,2,reject
8028_right_rot90.jpeg,2,reject
18870_right_rot180.jpeg,2,reject
25818_left_rot270.jpeg,2,reject
8949_left_rot180.jpeg,2,reject
7607_right_rot90.jpeg,2,reject
13359_left_rot90.jpeg,2,reject
26628_left_rot270.jpeg,2,reject
35128_right_rot180.jpeg,2,reject
35766_right_rot270.jpeg,2,reject
29432_right_rot270.jpeg,2,reject
17663_left_rot270.jpeg,2,reject
5927_left_rot270.jpeg,2,reject
43303_left_rot180.jpeg,2,reject
3783_left_rot180.jpeg,2,reject
2357_right_rot90.jpeg,2,reject
36256_left_rot90.jpeg,2,reject
17170_left_rot270.jpeg,2,reject
36730_right_rot270.jpeg,2,reject
11228_left_rot90.jpeg,2,reject
34429_left_rot270.jpeg,2,reject
40484_left_rot270.jpeg,2,reject
2962_right_rot270.jpeg,2,reject
10230_right_rot90.jpeg,2,reject
39699_left_rot180.jpeg,2,reject
9747_left_rot270.jpeg,2,reject
31945_right_rot270.jpeg,2,reject
30829_left_rot90.jpeg,2,reject
38083_right_rot270.jpeg,2,reject
21389_right_rot180.jpeg,2,reject
6523_left_rot270.jpeg,2,reject
1051_right_rot270.jpeg,2,reject
43490_left_rot90.jpeg,2,reject
18502_right_rot270.jpeg,2,reject
15964_left_rot180.jpeg,2,reject
2947_left_rot90.jpeg,2,reject
25428_left_rot90.jpeg,2,reject
18516_right_rot270.jpeg,2,reject
721_right_rot180.jpeg,2,reject
38954_right_rot270.jpeg,2,reject
34442_right_rot90.jpeg,2,reject
1116_right_rot270.jpeg,2,reject
30723_right_rot270.jpeg,2,reject
18267_left_rot180.jpeg,2,reject
12937_left_rot180.jpeg,2,reject
15273_left_rot180.jpeg,2,reject
33170_right_rot90.jpeg,2,reject
30970_right_rot270.jpeg,2,reject
27550_right_rot90.jpeg,2,reject
26978_right_rot270.jpeg,2,reject
38690_left_rot180.jpeg,2,reject
37284_right_rot180.jpeg,2,reject
4601_left_rot90.jpeg,2,reject
7750_left_rot270.jpeg,2,reject
25967_left_rot270.jpeg,2,reject
43998_left_rot90.jpeg,2,reject
38083_left_rot270.jpeg,2,reject
8434_left_rot180.jpeg,2,reject
35704_left_rot270.jpeg,2,reject
18422_left_rot180.jpeg,2,reject
13409_left_rot270.jpeg,2,reject
20402_right_rot270.jpeg,2,reject
29327_left_rot270.jpeg,2,reject
30149_left_rot180.jpeg,2,reject
24305_left_rot90.jpeg,2,reject
9979_right_rot90.jpeg,2,reject
8202_left_rot90.jpeg,2,reject
14530_right_rot270.jpeg,2,reject
5976_left_rot270.jpeg,2,reject
11182_left_rot270.jpeg,2,reject
25608_left_rot180.jpeg,2,reject
40534_right_rot270.jpeg,2,reject
42695_left_rot180.jpeg,2,reject
12630_left_rot270.jpeg,2,reject
18536_left_rot180.jpeg,2,reject
10782_left_rot270.jpeg,2,reject
8677_right_rot90.jpeg,2,reject
13530_right_rot180.jpeg,2,reject
17317_right_rot90.jpeg,2,reject
1052_left_rot180.jpeg,2,reject
5927_left_rot180.jpeg,2,reject
32348_left_rot90.jpeg,2,reject
1092_left_rot270.jpeg,2,reject
35955_left_rot180.jpeg,2,reject
43303_right_rot90.jpeg,2,reject
27979_left_rot90.jpeg,2,reject
33031_right_rot270.jpeg,2,reject
18378_left_rot180.jpeg,2,reject
38979_left_rot90.jpeg,2,reject
14770_left_rot90.jpeg,2,reject
18931_left_rot180.jpeg,2,reject
11989_right_rot90.jpeg,2,reject
11750_left_rot180.jpeg,2,reject
17747_right_rot180.jpeg,2,reject
6707_left_rot270.jpeg,2,reject
13125_right_rot180.jpeg,2,reject
40447_right_rot180.jpeg,2,reject
27960_left_rot270.jpeg,2,reject
9116_left_rot90.jpeg,2,reject
28205_right_rot180.jpeg,2,reject
17732_right_rot90.jpeg,2,reject
25154_left_rot270.jpeg,2,reject
7751_left_rot180.jpeg,2,reject
36100_left_rot90.jpeg,2,reject
990_right_rot90.jpeg,2,reject
1749_left_rot180.jpeg,2,reject
10694_right_rot270.jpeg,2,reject
19177_right_rot180.jpeg,2,reject
15061_left_rot180.jpeg,2,reject
34449_left_rot90.jpeg,2,reject
16085_left_rot270.jpeg,2,reject
17658_left_rot90.jpeg,2,reject
17411_left_rot270.jpeg,2,reject
27686_right_rot270.jpeg,2,reject
43935_right_rot180.jpeg,2,reject
13276_left_rot270.jpeg,2,reject
14193_right_rot270.jpeg,2,reject
30021_right_rot180.jpeg,2,reject
16693_right_rot180.jpeg,2,reject
33502_right_rot270.jpeg,2,reject
29823_left_rot270.jpeg,2,reject
8217_right_rot90.jpeg,2,reject
35187_left_rot180.jpeg,2,reject
37197_right_rot270.jpeg,2,reject
793_left_rot180.jpeg,2,reject
44193_left_rot270.jpeg,2,reject
39353_left_rot270.jpeg,2,reject
18567_left_rot180.jpeg,2,reject
43383_right_rot270.jpeg,2,reject
12992_left_rot270.jpeg,2,reject
30948_right_rot180.jpeg,2,reject
1378_left_rot180.jpeg,2,reject
18870_right_rot270.jpeg,2,reject
19444_left_rot270.jpeg,2,reject
3326_left_rot90.jpeg,2,reject
35680_left_rot180.jpeg,2,reject
43932_right_rot180.jpeg,2,reject
9942_left_rot180.jpeg,2,reject
30912_left_rot90.jpeg,2,reject
19047_left_rot180.jpeg,2,reject
26064_left_rot90.jpeg,2,reject
40495_left_rot270.jpeg,2,reject
5423_right_rot180.jpeg,2,reject
9529_right_rot270.jpeg,2,reject
36838_left_rot270.jpeg,2,reject
1524_left_rot270.jpeg,2,reject
43074_right_rot270.jpeg,2,reject
27597_left_rot270.jpeg,2,reject
32742_right_rot90.jpeg,2,reject
1098_left_rot180.jpeg,2,reject
23782_right_rot270.jpeg,2,reject
18939_left_rot90.jpeg,2,reject
30725_left_rot180.jpeg,2,reject
4909_right_rot180.jpeg,2,reject
31816_right_rot180.jpeg,2,reject
18516_left_rot180.jpeg,2,reject
29182_right_rot180.jpeg,2,reject
33287_right_rot90.jpeg,2,reject
34058_right_rot180.jpeg,2,reject
29088_left_rot180.jpeg,2,reject
18109_left_rot270.jpeg,2,reject
39284_left_rot90.jpeg,2,reject
18070_left_rot270.jpeg,2,reject
18931_left_rot90.jpeg,2,reject
12783_left_rot180.jpeg,2,reject
3212_left_rot270.jpeg,2,reject
42285_right_rot90.jpeg,2,reject
2218_right_rot90.jpeg,2,reject
3382_left_rot90.jpeg,2,reject
8681_left_rot90.jpeg,2,reject
33838_right_rot90.jpeg,2,reject
41566_right_rot180.jpeg,2,reject
8912_right_rot90.jpeg,2,reject
3742_right_rot270.jpeg,2,reject
20960_right_rot180.jpeg,2,reject
10954_left_rot180.jpeg,2,reject
1675_left_rot270.jpeg,2,reject
42951_left_rot90.jpeg,2,reject
18516_right_rot90.jpeg,2,reject
2169_right_rot90.jpeg,2,reject
31816_right_rot90.jpeg,2,reject
13664_left_rot90.jpeg,2,reject
38035_left_rot90.jpeg,2,reject
40679_left_rot180.jpeg,2,reject
38132_right_rot270.jpeg,2,reject
9216_right_rot270.jpeg,2,reject
33529_right_rot270.jpeg,2,reject
13499_right_rot180.jpeg,2,reject
41693_left_rot270.jpeg,2,reject
11781_right_rot90.jpeg,2,reject
31421_right_rot270.jpeg,2,reject
25937_right_rot90.jpeg,2,reject
35160_left_rot270.jpeg,2,reject
6014_left_rot270.jpeg,2,reject
13588_left_rot90.jpeg,2,reject
40786_left_rot90.jpeg,2,reject
39451_right_rot90.jpeg,2,reject
20244_right_rot180.jpeg,2,reject
4178_right_rot270.jpeg,2,reject
31465_left_rot180.jpeg,2,reject
9781_left_rot90.jpeg,2,reject
35488_left_rot180.jpeg,2,reject
10489_left_rot270.jpeg,2,reject
9601_left_rot270.jpeg,2,reject
21339_left_rot90.jpeg,2,reject
18350_right_rot90.jpeg,2,reject
20452_left_rot270.jpeg,2,reject
27186_left_rot180.jpeg,2,reject
22978_right_rot180.jpeg,2,reject
33170_right_rot270.jpeg,2,reject
36125_left_rot270.jpeg,2,reject
9759_left_rot90.jpeg,2,reject
39741_left_rot180.jpeg,2,reject
37353_left_rot90.jpeg,2,reject
35804_left_rot180.jpeg,2,reject
35863_left_rot270.jpeg,2,reject
23287_left_rot90.jpeg,2,reject
5999_right_rot270.jpeg,2,reject
16009_right_rot90.jpeg,2,reject
36627_right_rot180.jpeg,2,reject
2144_left_rot270.jpeg,2,reject
30277_left_rot180.jpeg,2,reject
43691_left_rot270.jpeg,2,reject
9353_right_rot90.jpeg,2,reject
18930_left_rot180.jpeg,2,reject
39169_left_rot180.jpeg,2,reject
29264_left_rot270.jpeg,2,reject
8681_right_rot270.jpeg,2,reject
38325_left_rot180.jpeg,2,reject
32339_right_rot90.jpeg,2,reject
551_left_rot180.jpeg,2,reject
25787_right_rot180.jpeg,2,reject
7631_right_rot270.jpeg,2,reject
10131_right_rot180.jpeg,2,reject
30277_right_rot180.jpeg,2,reject
12329_right_rot270.jpeg,2,reject
13811_right_rot180.jpeg,2,reject
44133_left_rot90.jpeg,2,reject
36378_left_rot270.jpeg,2,reject
29599_left_rot270.jpeg,2,reject
793_left_rot270.jpeg,2,reject
39354_right_rot180.jpeg,2,reject
31916_left_rot180.jpeg,2,reject
8749_left_rot90.jpeg,2,reject
35680_left_rot90.jpeg,2,reject
24491_right_rot90.jpeg,2,reject
38552_left_rot270.jpeg,2,reject
18017_left_rot90.jpeg,2,reject
24881_right_rot270.jpeg,2,reject
10645_left_rot180.jpeg,2,reject
8797_right_rot270.jpeg,2,reject
34117_left_rot270.jpeg,2,reject
14597_right_rot90.jpeg,2,reject
24795_right_rot180.jpeg,2,reject
18567_left_rot270.jpeg,2,reject
39530_left_rot180.jpeg,2,reject
30818_left_rot180.jpeg,2,reject
5185_right_rot90.jpeg,2,reject
9958_right_rot270.jpeg,2,reject
39343_right_rot270.jpeg,2,reject
32253_right_rot90.jpeg,2,reject
20469_left_rot270.jpeg,2,reject
35160_left_rot90.jpeg,2,reject
22134_right_rot90.jpeg,2,reject
32637_left_rot90.jpeg,2,reject
31421_right_rot90.jpeg,2,reject
41289_right_rot270.jpeg,2,reject
25896_left_rot90.jpeg,2,reject
3611_right_rot180.jpeg,2,reject
16279_left_rot270.jpeg,2,reject
35893_right_rot90.jpeg,2,reject
40355_right_rot90.jpeg,2,reject
8181_right_rot180.jpeg,2,reject
32176_right_rot90.jpeg,2,reject
4434_right_rot270.jpeg,2,reject
13458_left_rot270.jpeg,2,reject
41274_right_rot180.jpeg,2,reject
1557_left_rot180.jpeg,2,reject
12654_right_rot90.jpeg,2,reject
32726_left_rot180.jpeg,2,reject
44254_right_rot180.jpeg,2,reject
27917_left_rot270.jpeg,2,reject
8209_left_rot180.jpeg,2,reject
25651_right_rot180.jpeg,2,reject
29762_right_rot90.jpeg,2,reject
12630_right_rot90.jpeg,2,reject
8677_right_rot270.jpeg,2,reject
32089_left_rot90.jpeg,2,reject
16633_right_rot270.jpeg,2,reject
3611_right_rot90.jpeg,2,reject
3429_left_rot90.jpeg,2,reject
6450_right_rot90.jpeg,2,reject
12329_right_rot180.jpeg,2,reject
6403_left_rot270.jpeg,2,reject
33561_right_rot90.jpeg,2,reject
30984_right_rot90.jpeg,2,reject
3557_left_rot90.jpeg,2,reject
12950_right_rot90.jpeg,2,reject
42728_left_rot270.jpeg,2,reject
1751_right_rot90.jpeg,2,reject
2668_right_rot180.jpeg,2,reject
768_left_rot180.jpeg,2,reject
11384_right_rot180.jpeg,2,reject
37204_right_rot270.jpeg,2,reject
21339_left_rot270.jpeg,2,reject
11909_left_rot90.jpeg,2,reject
20784_left_rot180.jpeg,2,reject
4443_right_rot180.jpeg,2,reject
39632_left_rot90.jpeg,2,reject
41561_left_rot270.jpeg,2,reject
27837_left_rot90.jpeg,2,reject
9755_right_rot270.jpeg,2,reject
21297_right_rot180.jpeg,2,reject
32668_right_rot90.jpeg,2,reject
43929_right_rot270.jpeg,2,reject
5845_left_rot90.jpeg,2,reject
32469_left_rot180.jpeg,2,reject
42237_left_rot90.jpeg,2,reject
17317_right_rot270.jpeg,2,reject
39133_left_rot90.jpeg,2,reject
28621_right_rot180.jpeg,2,reject
13499_left_rot270.jpeg,2,reject
38690_right_rot270.jpeg,2,reject
35955_left_rot270.jpeg,2,reject
37148_left_rot270.jpeg,2,reject
33031_right_rot180.jpeg,2,reject
41440_left_rot90.jpeg,2,reject
37602_right_rot180.jpeg,2,reject
5953_left_rot180.jpeg,2,reject
12378_right_rot90.jpeg,2,reject
13251_left_rot270.jpeg,2,reject
26596_right_rot180.jpeg,2,reject
6371_right_rot270.jpeg,2,reject
40183_right_rot270.jpeg,2,reject
41852_left_rot270.jpeg,2,reject
11909_left_rot180.jpeg,2,reject
19236_right_rot270.jpeg,2,reject
2622_right_rot90.jpeg,2,reject
12955_left_rot180.jpeg,2,reject
28392_left_rot180.jpeg,2,reject
29127_right_rot270.jpeg,2,reject
43490_left_rot180.jpeg,2,reject
14128_left_rot270.jpeg,2,reject
3639_left_rot270.jpeg,2,reject
28172_left_rot90.jpeg,2,reject
22557_left_rot270.jpeg,2,reject
29599_left_rot90.jpeg,2,reject
38856_right_rot270.jpeg,2,reject
2516_left_rot180.jpeg,2,reject
7672_right_rot180.jpeg,2,reject
14834_left_rot270.jpeg,2,reject
5067_right_rot270.jpeg,2,reject
41953_left_rot270.jpeg,2,reject
31183_right_rot270.jpeg,2,reject
32008_left_rot90.jpeg,2,reject
27143_left_rot180.jpeg,2,reject
14129_left_rot180.jpeg,2,reject
25428_left_rot270.jpeg,2,reject
41823_right_rot180.jpeg,2,reject
14695_right_rot270.jpeg,2,reject
24881_right_rot90.jpeg,2,reject
10623_left_rot90.jpeg,2,reject
14597_left_rot270.jpeg,2,reject
28375_left_rot270.jpeg,2,reject
35461_right_rot270.jpeg,2,reject
37353_left_rot270.jpeg,2,reject
31497_left_rot270.jpeg,2,reject
20670_right_rot180.jpeg,2,reject
6639_right_rot180.jpeg,2,reject
18536_left_rot90.jpeg,2,reject
6053_left_rot180.jpeg,2,reject
22760_right_rot180.jpeg,2,reject
28356_left_rot180.jpeg,2,reject
18562_left_rot90.jpeg,2,reject
20102_left_rot180.jpeg,2,reject
1133_left_rot270.jpeg,2,reject
41876_left_rot270.jpeg,2,reject
4335_right_rot90.jpeg,2,reject
30912_left_rot270.jpeg,2,reject
22307_left_rot180.jpeg,2,reject
10234_right_rot270.jpeg,2,reject
22744_left_rot90.jpeg,2,reject
17555_right_rot90.jpeg,2,reject
32008_left_rot180.jpeg,2,reject
41412_left_rot270.jpeg,2,reject
37147_left_rot270.jpeg,2,reject
28172_left_rot270.jpeg,2,reject
33719_left_rot180.jpeg,2,reject
42316_right_rot270.jpeg,2,reject
21447_left_rot180.jpeg,2,reject
6190_right_rot270.jpeg,2,reject
25077_left_rot270.jpeg,2,reject
25967_left_rot180.jpeg,2,reject
21869_left_rot180.jpeg,2,reject
43688_left_rot90.jpeg,2,reject
5927_right_rot90.jpeg,2,reject
29884_right_rot270.jpeg,2,reject
20062_left_rot180.jpeg,2,reject
17426_left_rot270.jpeg,2,reject
20534_right_rot90.jpeg,2,reject
36852_right_rot270.jpeg,2,reject
4561_left_rot270.jpeg,2,reject
1737_right_rot180.jpeg,2,reject
4558_left_rot270.jpeg,2,reject
31647_left_rot270.jpeg,2,reject
694_right_rot90.jpeg,2,reject
23284_left_rot90.jpeg,2,reject
660_right_rot270.jpeg,2,reject
42488_left_rot90.jpeg,2,reject
31640_right_rot180.jpeg,2,reject
44317_right_rot180.jpeg,2,reject
32417_right_rot180.jpeg,2,reject
10569_left_rot180.jpeg,2,reject
38155_left_rot180.jpeg,2,reject
32654_left_rot90.jpeg,2,reject
44254_left_rot180.jpeg,2,reject
1116_right_rot90.jpeg,2,reject
44193_right_rot270.jpeg,2,reject
10976_left_rot180.jpeg,2,reject
37617_right_rot180.jpeg,2,reject
43317_left_rot270.jpeg,2,reject
6141_right_rot270.jpeg,2,reject
44133_left_rot180.jpeg,2,reject
30303_left_rot180.jpeg,2,reject
13692_right_rot270.jpeg,2,reject
172_left_rot270.jpeg,2,reject
37601_right_rot90.jpeg,2,reject
5250_right_rot180.jpeg,2,reject
2065_left_rot180.jpeg,2,reject
43119_left_rot90.jpeg,2,reject
44092_right_rot180.jpeg,2,reject
5992_left_rot180.jpeg,2,reject
13417_left_rot180.jpeg,2,reject
15941_left_rot270.jpeg,2,reject
14976_left_rot270.jpeg,2,reject
793_right_rot270.jpeg,2,reject
18001_right_rot90.jpeg,2,reject
25360_left_rot180.jpeg,2,reject
21942_right_rot270.jpeg,2,reject
20546_left_rot180.jpeg,2,reject
12419_right_rot180.jpeg,2,reject
21788_right_rot180.jpeg,2,reject
13588_right_rot180.jpeg,2,reject
28356_right_rot180.jpeg,2,reject
14139_left_rot90.jpeg,2,reject
941_left_rot180.jpeg,2,reject
30948_left_rot90.jpeg,2,reject
31590_right_rot270.jpeg,2,reject
39530_left_rot90.jpeg,2,reject
28789_right_rot270.jpeg,2,reject
15587_left_rot90.jpeg,2,reject
33974_left_rot180.jpeg,2,reject
27081_right_rot90.jpeg,2,reject
37215_right_rot90.jpeg,2,reject
6371_left_rot90.jpeg,2,reject
25396_left_rot90.jpeg,2,reject
35374_left_rot90.jpeg,2,reject
6730_left_rot90.jpeg,2,reject
15527_right_rot180.jpeg,2,reject
27581_right_rot270.jpeg,2,reject
33292_right_rot90.jpeg,2,reject
20469_right_rot270.jpeg,2,reject
17658_right_rot90.jpeg,2,reject
8498_left_rot180.jpeg,2,reject
38029_right_rot270.jpeg,2,reject
14237_left_rot90.jpeg,2,reject
12955_left_rot270.jpeg,2,reject
29762_left_rot270.jpeg,2,reject
21297_left_rot270.jpeg,2,reject
20273_left_rot270.jpeg,2,reject
39632_left_rot270.jpeg,2,reject
21373_right_rot90.jpeg,2,reject
43929_right_rot90.jpeg,2,reject
41000_right_rot270.jpeg,2,reject
43303_left_rot90.jpeg,2,reject
42807_right_rot270.jpeg,2,reject
34284_left_rot90.jpeg,2,reject
3712_left_rot270.jpeg,2,reject
17038_left_rot90.jpeg,2,reject
5803_right_rot90.jpeg,2,reject
10623_left_rot180.jpeg,2,reject
18536_right_rot180.jpeg,2,reject
38463_right_rot90.jpeg,2,reject
40903_right_rot180.jpeg,2,reject
43041_left_rot180.jpeg,2,reject
27161_right_rot270.jpeg,2,reject
18972_left_rot180.jpeg,2,reject
2062_right_rot90.jpeg,2,reject
43493_right_rot180.jpeg,2,reject
9205_right_rot90.jpeg,2,reject
30948_left_rot270.jpeg,2,reject
38160_right_rot270.jpeg,2,reject
25166_left_rot270.jpeg,2,reject
4443_left_rot90.jpeg,2,reject
25083_right_rot270.jpeg,2,reject
35128_right_rot270.jpeg,2,reject
18201_right_rot90.jpeg,2,reject
8762_left_rot270.jpeg,2,reject
25171_left_rot270.jpeg,2,reject
39757_left_rot180.jpeg,2,reject
10874_right_rot270.jpeg,2,reject
42260_right_rot180.jpeg,2,reject
35840_left_rot90.jpeg,2,reject
20026_right_rot180.jpeg,2,reject
40016_right_rot180.jpeg,2,reject
13541_right_rot90.jpeg,2,reject
2107_right_rot180.jpeg,2,reject
27885_left_rot270.jpeg,2,reject
26584_right_rot180.jpeg,2,reject
3933_right_rot90.jpeg,2,reject
31202_right_rot180.jpeg,2,reject
2947_left_rot180.jpeg,2,reject
33576_left_rot90.jpeg,2,reject
13180_left_rot90.jpeg,2,reject
26243_left_rot90.jpeg,2,reject
33838_right_rot270.jpeg,2,reject
5178_right_rot180.jpeg,2,reject
27116_left_rot180.jpeg,2,reject
39983_right_rot180.jpeg,2,reject
3387_left_rot90.jpeg,2,reject
20677_left_rot90.jpeg,2,reject
22568_right_rot90.jpeg,2,reject
1926_right_rot180.jpeg,2,reject
20271_left_rot90.jpeg,2,reject
39362_right_rot90.jpeg,2,reject
23287_left_rot270.jpeg,2,reject
27889_left_rot270.jpeg,2,reject
8116_right_rot180.jpeg,2,reject
793_right_rot180.jpeg,2,reject
20784_left_rot90.jpeg,2,reject
9205_left_rot180.jpeg,2,reject
14981_left_rot90.jpeg,2,reject
18972_left_rot90.jpeg,2,reject
39757_left_rot90.jpeg,2,reject
23088_right_rot180.jpeg,2,reject
6450_right_rot270.jpeg,2,reject
31955_left_rot90.jpeg,2,reject
16038_left_rot270.jpeg,2,reject
29960_left_rot180.jpeg,2,reject
2080_right_rot270.jpeg,2,reject
958_left_rot90.jpeg,2,reject
27926_right_rot270.jpeg,2,reject
15780_right_rot90.jpeg,2,reject
99_left_rot90.jpeg,2,reject
44281_left_rot180.jpeg,2,reject
70_left_rot270.jpeg,2,reject
40077_left_rot180.jpeg,2,reject
36793_left_rot270.jpeg,2,reject
31202_right_rot270.jpeg,2,reject
29762_right_rot180.jpeg,2,reject
17751_right_rot180.jpeg,2,reject
11579_left_rot90.jpeg,2,reject
102_left_rot270.jpeg,2,reject
24695_left_rot90.jpeg,2,reject
10952_right_rot180.jpeg,2,reject
37834_left_rot180.jpeg,2,reject
6854_left_rot270.jpeg,2,reject
14805_left_rot90.jpeg,2,reject
23420_right_rot90.jpeg,2,reject
1051_left_rot180.jpeg,2,reject
13276_right_rot180.jpeg,2,reject
27116_left_rot90.jpeg,2,reject
39698_left_rot270.jpeg,2,reject
33414_right_rot90.jpeg,2,reject
16899_right_rot270.jpeg,2,reject
42119_right_rot90.jpeg,2,reject
40189_left_rot90.jpeg,2,reject
38373_right_rot90.jpeg,2,reject
13304_left_rot270.jpeg,2,reject
9454_left_rot270.jpeg,2,reject
24881_left_rot270.jpeg,2,reject
43416_left_rot270.jpeg,2,reject
36125_left_rot90.jpeg,2,reject
15688_left_rot270.jpeg,2,reject
1222_left_rot270.jpeg,2,reject
31987_left_rot270.jpeg,2,reject
15732_left_rot90.jpeg,2,reject
22947_right_rot270.jpeg,2,reject
11849_right_rot180.jpeg,2,reject
24695_left_rot270.jpeg,2,reject
25780_left_rot180.jpeg,2,reject
33719_left_rot270.jpeg,2,reject
16418_left_rot270.jpeg,2,reject
30977_left_rot180.jpeg,2,reject
35838_left_rot180.jpeg,2,reject
5465_left_rot180.jpeg,2,reject
6424_left_rot180.jpeg,2,reject
12523_left_rot180.jpeg,2,reject
25146_left_rot270.jpeg,2,reject
18057_left_rot90.jpeg,2,reject
23831_right_rot180.jpeg,2,reject
4162_right_rot90.jpeg,2,reject
32572_right_rot90.jpeg,2,reject
26509_right_rot90.jpeg,2,reject
6599_left_rot180.jpeg,2,reject
9311_left_rot90.jpeg,2,reject
32089_left_rot180.jpeg,2,reject
11101_left_rot270.jpeg,2,reject
17600_right_rot270.jpeg,2,reject
23848_left_rot180.jpeg,2,reject
32311_left_rot180.jpeg,2,reject
10131_right_rot270.jpeg,2,reject
22687_right_rot180.jpeg,2,reject
18930_left_rot270.jpeg,2,reject
10553_right_rot180.jpeg,2,reject
31418_left_rot180.jpeg,2,reject
5178_left_rot180.jpeg,2,reject
35808_left_rot180.jpeg,2,reject
37608_left_rot90.jpeg,2,reject
10043_left_rot180.jpeg,2,reject
27960_right_rot90.jpeg,2,reject
14139_right_rot270.jpeg,2,reject
13251_right_rot270.jpeg,2,reject
33033_left_rot180.jpeg,2,reject
34739_left_rot90.jpeg,2,reject
6129_left_rot180.jpeg,2,reject
25360_left_rot270.jpeg,2,reject
13651_right_rot270.jpeg,2,reject
35808_left_rot270.jpeg,2,reject
14695_right_rot90.jpeg,2,reject
21649_left_rot90.jpeg,2,reject
17638_right_rot90.jpeg,2,reject
7291_left_rot90.jpeg,2,reject
40377_left_rot180.jpeg,2,reject
6639_right_rot270.jpeg,2,reject
35461_right_rot180.jpeg,2,reject
8342_right_rot270.jpeg,2,reject
35499_right_rot90.jpeg,2,reject
6321_right_rot180.jpeg,2,reject
41852_left_rot180.jpeg,2,reject
4821_left_rot270.jpeg,2,reject
40534_right_rot90.jpeg,2,reject
16183_right_rot180.jpeg,2,reject
41940_right_rot90.jpeg,2,reject
6707_left_rot90.jpeg,2,reject
7853_left_rot270.jpeg,2,reject
23724_right_rot90.jpeg,2,reject
8744_right_rot180.jpeg,2,reject
29088_right_rot180.jpeg,2,reject
33180_left_rot270.jpeg,2,reject
43033_left_rot90.jpeg,2,reject
18496_left_rot270.jpeg,2,reject
4098_left_rot90.jpeg,2,reject
13999_left_rot90.jpeg,2,reject
9992_left_rot90.jpeg,2,reject
8742_right_rot270.jpeg,2,reject
4941_right_rot270.jpeg,2,reject
25420_left_rot270.jpeg,2,reject
8797_right_rot180.jpeg,2,reject
6666_right_rot180.jpeg,2,reject
33127_left_rot90.jpeg,2,reject
36838_left_rot180.jpeg,2,reject
6511_right_rot270.jpeg,2,reject
5084_left_rot180.jpeg,2,reject
13387_left_rot180.jpeg,2,reject
30831_right_rot180.jpeg,2,reject
12676_left_rot90.jpeg,2,reject
30591_right_rot180.jpeg,2,reject
7295_right_rot90.jpeg,2,reject
4559_left_rot270.jpeg,2,reject
42104_right_rot270.jpeg,2,reject
13530_right_rot90.jpeg,2,reject
25083_right_rot180.jpeg,2,reject
14877_left_rot180.jpeg,2,reject
14981_left_rot180.jpeg,2,reject
29938_right_rot90.jpeg,2,reject
3326_left_rot180.jpeg,2,reject
26741_left_rot180.jpeg,2,reject
42007_right_rot270.jpeg,2,reject
43912_right_rot270.jpeg,2,reject
40959_right_rot90.jpeg,2,reject
11326_right_rot90.jpeg,2,reject
17170_left_rot90.jpeg,2,reject
6666_left_rot270.jpeg,2,reject
15045_left_rot270.jpeg,2,reject
14915_left_rot90.jpeg,2,reject
28375_left_rot180.jpeg,2,reject
6833_left_rot180.jpeg,2,reject
31183_right_rot180.jpeg,2,reject
32551_left_rot90.jpeg,2,reject
44191_left_rot270.jpeg,2,reject
10844_right_rot90.jpeg,2,reject
39343_right_rot180.jpeg,2,reject
34207_right_rot90.jpeg,2,reject
30149_right_rot90.jpeg,2,reject
26922_left_rot180.jpeg,2,reject
38668_left_rot270.jpeg,2,reject
37427_left_rot90.jpeg,2,reject
2159_right_rot180.jpeg,2,reject
16085_left_rot90.jpeg,2,reject
5004_right_rot90.jpeg,2,reject
32125_left_rot180.jpeg,2,reject
8028_left_rot270.jpeg,2,reject
35863_left_rot180.jpeg,2,reject
42122_right_rot180.jpeg,2,reject
43074_right_rot90.jpeg,2,reject
21257_left_rot90.jpeg,2,reject
39994_right_rot90.jpeg,2,reject
40640_right_rot90.jpeg,2,reject
25291_left_rot270.jpeg,2,reject
23094_left_rot180.jpeg,2,reject
1008_left_rot270.jpeg,2,reject
19223_left_rot180.jpeg,2,reject
11826_left_rot90.jpeg,2,reject
39134_right_rot90.jpeg,2,reject
1737_left_rot90.jpeg,2,reject
8470_left_rot90.jpeg,2,reject
2144_left_rot180.jpeg,2,reject
4561_right_rot270.jpeg,2,reject
42104_right_rot90.jpeg,2,reject
13627_right_rot90.jpeg,2,reject
36505_left_rot270.jpeg,2,reject
19788_left_rot270.jpeg,2,reject
37160_right_rot180.jpeg,2,reject
9278_left_rot270.jpeg,2,reject
8949_left_rot90.jpeg,2,reject
35851_right_rot270.jpeg,2,reject
3940_right_rot180.jpeg,2,reject
5845_left_rot180.jpeg,2,reject
25291_right_rot90.jpeg,2,reject
8851_left_rot90.jpeg,2,reject
6116_left_rot90.jpeg,2,reject
29221_right_rot90.jpeg,2,reject
4601_right_rot180.jpeg,2,reject
17317_right_rot180.jpeg,2,reject
13865_left_rot180.jpeg,2,reject
8816_left_rot180.jpeg,2,reject
43901_left_rot90.jpeg,2,reject
33258_left_rot270.jpeg,2,reject
20469_right_rot90.jpeg,2,reject
24871_left_rot90.jpeg,2,reject
43593_left_rot270.jpeg,2,reject
36510_right_rot270.jpeg,2,reject
10874_left_rot180.jpeg,2,reject
35668_left_rot90.jpeg,2,reject
40821_left_rot180.jpeg,2,reject
15335_left_rot270.jpeg,2,reject
42208_left_rot270.jpeg,2,reject
5879_left_rot90.jpeg,2,reject
11204_left_rot90.jpeg,2,reject
35295_left_rot180.jpeg,2,reject
31043_right_rot180.jpeg,2,reject
15918_left_rot90.jpeg,2,reject
20534_right_rot270.jpeg,2,reject
12546_right_rot180.jpeg,2,reject
32896_right_rot180.jpeg,2,reject
35503_left_rot180.jpeg,2,reject
43041_left_rot270.jpeg,2,reject
40650_right_rot270.jpeg,2,reject
5430_left_rot90.jpeg,2,reject
22001_right_rot180.jpeg,2,reject
42213_left_rot270.jpeg,2,reject
15857_left_rot90.jpeg,2,reject
13180_left_rot270.jpeg,2,reject
43594_left_rot270.jpeg,2,reject
32541_left_rot90.jpeg,2,reject
4593_left_rot90.jpeg,2,reject
40213_left_rot180.jpeg,2,reject
17050_right_rot270.jpeg,2,reject
39983_right_rot270.jpeg,2,reject
39133_right_rot180.jpeg,2,reject
1378_left_rot90.jpeg,2,reject
16007_left_rot180.jpeg,2,reject
35704_left_rot90.jpeg,2,reject
18092_left_rot270.jpeg,2,reject
43612_left_rot180.jpeg,2,reject
13530_left_rot90.jpeg,2,reject
6141_right_rot90.jpeg,2,reject
44083_left_rot180.jpeg,2,reject
18422_left_rot270.jpeg,2,reject
10218_right_rot270.jpeg,2,reject
28356_left_rot90.jpeg,2,reject
9783_right_rot90.jpeg,2,reject
21511_right_rot90.jpeg,2,reject
24871_left_rot180.jpeg,2,reject
15964_right_rot180.jpeg,2,reject
27369_left_rot270.jpeg,2,reject
8091_right_rot90.jpeg,2,reject
21225_right_rot270.jpeg,2,reject
10230_left_rot270.jpeg,2,reject
44281_left_rot90.jpeg,2,reject
43304_left_rot180.jpeg,2,reject
24036_right_rot180.jpeg,2,reject
19745_right_rot180.jpeg,2,reject
4909_right_rot270.jpeg,2,reject
1073_left_rot90.jpeg,2,reject
11579_left_rot270.jpeg,2,reject
32230_right_rot270.jpeg,2,reject
18070_left_rot180.jpeg,2,reject
35767_left_rot270.jpeg,2,reject
23141_left_rot90.jpeg,2,reject
41499_left_rot90.jpeg,2,reject
17885_left_rot90.jpeg,2,reject
36730_right_rot90.jpeg,2,reject
35334_right_rot180.jpeg,2,reject
7597_left_rot90.jpeg,2,reject
22679_left_rot270.jpeg,2,reject
35779_right_rot180.jpeg,2,reject
19046_right_rot270.jpeg,2,reject
36981_left_rot90.jpeg,2,reject
42488_left_rot270.jpeg,2,reject
13458_right_rot180.jpeg,2,reject
18474_right_rot180.jpeg,2,reject
26590_left_rot270.jpeg,2,reject
1469_right_rot90.jpeg,2,reject
16369_left_rot180.jpeg,2,reject
10230_left_rot180.jpeg,2,reject
660_right_rot90.jpeg,2,reject
31034_right_rot270.jpeg,2,reject
8091_right_rot180.jpeg,2,reject
32149_left_rot90.jpeg,2,reject
29141_left_rot270.jpeg,2,reject
793_left_rot90.jpeg,2,reject
44088_right_rot180.jpeg,2,reject
24871_right_rot180.jpeg,2,reject
2228_left_rot270.jpeg,2,reject
24367_left_rot270.jpeg,2,reject
34952_left_rot180.jpeg,2,reject
18552_right_rot180.jpeg,2,reject
26217_right_rot180.jpeg,2,reject
19444_left_rot180.jpeg,2,reject
6519_left_rot180.jpeg,2,reject
29333_right_rot270.jpeg,2,reject
37458_left_rot270.jpeg,2,reject
23284_right_rot180.jpeg,2,reject
42891_left_rot270.jpeg,2,reject
184_right_rot180.jpeg,2,reject
31710_right_rot270.jpeg,2,reject
9448_left_rot180.jpeg,2,reject
2425_left_rot90.jpeg,2,reject
10874_left_rot270.jpeg,2,reject
8133_left_rot180.jpeg,2,reject
30299_right_rot90.jpeg,2,reject
12937_left_rot90.jpeg,2,reject
17050_right_rot90.jpeg,2,reject
6289_left_rot180.jpeg,2,reject
1330_left_rot270.jpeg,2,reject
39106_left_rot180.jpeg,2,reject
23292_left_rot270.jpeg,2,reject
42106_right_rot180.jpeg,2,reject
14806_left_rot270.jpeg,2,reject
42607_left_rot90.jpeg,2,reject
3267_left_rot90.jpeg,2,reject
33955_right_rot90.jpeg,2,reject
42440_left_rot180.jpeg,2,reject
6523_right_rot270.jpeg,2,reject
31986_left_rot270.jpeg,2,reject
38447_right_rot180.jpeg,2,reject
30723_left_rot270.jpeg,2,reject
6433_right_rot180.jpeg,2,reject
31647_left_rot90.jpeg,2,reject
31072_left_rot270.jpeg,2,reject
42316_left_rot180.jpeg,2,reject
2036_right_rot270.jpeg,2,reject
5750_left_rot180.jpeg,2,reject
10131_left_rot180.jpeg,2,reject
36456_left_rot270.jpeg,2,reject
33582_right_rot270.jpeg,2,reject
35320_left_rot180.jpeg,2,reject
4043_left_rot270.jpeg,2,reject
27161_right_rot180.jpeg,2,reject
513_left_rot180.jpeg,2,reject
15408_right_rot90.jpeg,2,reject
6337_left_rot270.jpeg,2,reject
3611_left_rot180.jpeg,2,reject
4583_left_rot90.jpeg,2,reject
20402_right_rot180.jpeg,2,reject
25926_right_rot270.jpeg,2,reject
1744_left_rot270.jpeg,2,reject
10218_right_rot90.jpeg,2,reject
40484_left_rot180.jpeg,2,reject
19462_right_rot180.jpeg,2,reject
20037_right_rot180.jpeg,2,reject
24491_right_rot180.jpeg,2,reject
16802_right_rot90.jpeg,2,reject
6854_left_rot180.jpeg,2,reject
4559_left_rot180.jpeg,2,reject
43445_right_rot90.jpeg,2,reject
42356_right_rot90.jpeg,2,reject
9516_right_rot180.jpeg,2,reject
12861_left_rot270.jpeg,2,reject
42951_right_rot90.jpeg,2,reject
29879_right_rot270.jpeg,2,reject
10960_left_rot90.jpeg,2,reject
41761_left_rot180.jpeg,2,reject
33175_left_rot90.jpeg,2,reject
21417_left_rot90.jpeg,2,reject
12378_right_rot180.jpeg,2,reject
11050_left_rot90.jpeg,2,reject
8743_right_rot180.jpeg,2,reject
33750_left_rot180.jpeg,2,reject
34913_left_rot180.jpeg,2,reject
22778_left_rot90.jpeg,2,reject
1524_left_rot90.jpeg,2,reject
35861_left_rot180.jpeg,2,reject
19014_right_rot90.jpeg,2,reject
36467_left_rot180.jpeg,2,reject
1202_left_rot90.jpeg,2,reject
9590_left_rot180.jpeg,2,reject
21826_right_rot90.jpeg,2,reject
40864_left_rot90.jpeg,2,reject
8749_left_rot270.jpeg,2,reject
10169_left_rot90.jpeg,2,reject
13875_left_rot180.jpeg,2,reject
35966_left_rot270.jpeg,2,reject
679_right_rot90.jpeg,2,reject
24437_right_rot180.jpeg,2,reject
30675_left_rot270.jpeg,2,reject
9404_left_rot180.jpeg,2,reject
5992_left_rot90.jpeg,2,reject
43382_right_rot180.jpeg,2,reject
14548_left_rot180.jpeg,2,reject
20271_left_rot180.jpeg,2,reject
17568_left_rot90.jpeg,2,reject
38502_left_rot90.jpeg,2,reject
7470_right_rot180.jpeg,2,reject
11849_right_rot90.jpeg,2,reject
28598_left_rot180.jpeg,2,reject
16497_left_rot180.jpeg,2,reject
11781_right_rot180.jpeg,2,reject
9516_right_rot90.jpeg,2,reject
38274_left_rot270.jpeg,2,reject
2425_left_rot270.jpeg,2,reject
23420_right_rot180.jpeg,2,reject
8663_left_rot270.jpeg,2,reject
4583_left_rot180.jpeg,2,reject
39653_right_rot270.jpeg,2,reject
33127_right_rot180.jpeg,2,reject
6190_right_rot90.jpeg,2,reject
28185_left_rot270.jpeg,2,reject
43369_left_rot90.jpeg,2,reject
36461_right_rot180.jpeg,2,reject
5156_left_rot90.jpeg,2,reject
23957_right_rot270.jpeg,2,reject
14908_right_rot270.jpeg,2,reject
14353_left_rot180.jpeg,2,reject
13344_left_rot270.jpeg,2,reject
41289_right_rot180.jpeg,2,reject
36903_left_rot90.jpeg,2,reject
36510_left_rot90.jpeg,2,reject
30984_right_rot270.jpeg,2,reject
3062_left_rot90.jpeg,2,reject
3305_left_rot180.jpeg,2,reject
20273_right_rot270.jpeg,2,reject
22307_left_rot90.jpeg,2,reject
16652_left_rot90.jpeg,2,reject
36510_right_rot180.jpeg,2,reject
28991_left_rot270.jpeg,2,reject
15734_left_rot90.jpeg,2,reject
10124_right_rot270.jpeg,2,reject
1986_left_rot90.jpeg,2,reject
42119_left_rot90.jpeg,2,reject
17732_right_rot270.jpeg,2,reject
17139_right_rot180.jpeg,2,reject
43425_right_rot180.jpeg,2,reject
42082_left_rot180.jpeg,2,reject
18536_left_rot270.jpeg,2,reject
1333_left_rot180.jpeg,2,reject
23325_left_rot180.jpeg,2,reject
38184_left_rot90.jpeg,2,reject
5178_left_rot90.jpeg,2,reject
19858_left_rot180.jpeg,2,reject
18109_left_rot180.jpeg,2,reject
2117_left_rot90.jpeg,2,reject
6377_right_rot90.jpeg,2,reject
18188_right_rot90.jpeg,2,reject
35890_right_rot90.jpeg,2,reject
19858_left_rot90.jpeg,2,reject
24227_left_rot270.jpeg,2,reject
679_left_rot270.jpeg,2,reject
35851_right_rot180.jpeg,2,reject
30984_left_rot180.jpeg,2,reject
38849_right_rot270.jpeg,2,reject
38184_right_rot270.jpeg,2,reject
41199_left_rot180.jpeg,2,reject
7446_left_rot90.jpeg,2,reject
9156_left_rot270.jpeg,2,reject
43033_left_rot270.jpeg,2,reject
16777_right_rot180.jpeg,2,reject
15065_right_rot90.jpeg,2,reject
11431_left_rot90.jpeg,2,reject
41201_left_rot270.jpeg,2,reject
21788_right_rot270.jpeg,2,reject
43342_right_rot270.jpeg,2,reject
37617_left_rot90.jpeg,2,reject
5960_right_rot90.jpeg,2,reject
7647_left_rot270.jpeg,2,reject
36456_right_rot180.jpeg,2,reject
13863_left_rot90.jpeg,2,reject
21373_left_rot180.jpeg,2,reject
2544_right_rot90.jpeg,2,reject
29430_left_rot180.jpeg,2,reject
195_right_rot180.jpeg,2,reject
38463_right_rot270.jpeg,2,reject
1737_right_rot90.jpeg,2,reject
26064_right_rot180.jpeg,2,reject
6707_left_rot180.jpeg,2,reject
25896_left_rot270.jpeg,2,reject
4593_right_rot180.jpeg,2,reject
20985_right_rot180.jpeg,2,reject
43691_left_rot180.jpeg,2,reject
32742_left_rot270.jpeg,2,reject
24036_left_rot270.jpeg,2,reject
39702_right_rot90.jpeg,2,reject
375_right_rot270.jpeg,2,reject
41746_left_rot90.jpeg,2,reject
32637_left_rot180.jpeg,2,reject
14431_right_rot270.jpeg,2,reject
38478_right_rot270.jpeg,2,reject
38796_left_rot180.jpeg,2,reject
10634_left_rot90.jpeg,2,reject
37034_left_rot90.jpeg,2,reject
27837_left_rot180.jpeg,2,reject
36754_right_rot90.jpeg,2,reject
17600_right_rot180.jpeg,2,reject
27917_left_rot180.jpeg,2,reject
21649_left_rot180.jpeg,2,reject
43589_right_rot180.jpeg,2,reject
32689_left_rot180.jpeg,2,reject
24689_right_rot90.jpeg,2,reject
38811_left_rot270.jpeg,2,reject
5410_left_rot180.jpeg,2,reject
16652_left_rot270.jpeg,2,reject
184_right_rot270.jpeg,2,reject
11485_left_rot90.jpeg,2,reject
25165_right_rot180.jpeg,2,reject
30818_left_rot90.jpeg,2,reject
5816_left_rot90.jpeg,2,reject
22568_right_rot270.jpeg,2,reject
34971_left_rot90.jpeg,2,reject
43452_left_rot270.jpeg,2,reject
8964_left_rot90.jpeg,2,reject
39395_left_rot270.jpeg,2,reject
23094_left_rot270.jpeg,2,reject
43425_right_rot270.jpeg,2,reject
24558_right_rot180.jpeg,2,reject
23779_right_rot270.jpeg,2,reject
7938_left_rot90.jpeg,2,reject
35128_right_rot90.jpeg,2,reject
7075_left_rot270.jpeg,2,reject
2554_right_rot90.jpeg,2,reject
5953_left_rot270.jpeg,2,reject
20590_right_rot90.jpeg,2,reject
10319_left_rot270.jpeg,2,reject
42316_left_rot90.jpeg,2,reject
12699_left_rot90.jpeg,2,reject
34236_left_rot90.jpeg,2,reject
4558_left_rot180.jpeg,2,reject
24775_left_rot180.jpeg,2,reject
44065_left_rot270.jpeg,2,reject
18939_left_rot270.jpeg,2,reject
4443_left_rot270.jpeg,2,reject
21834_right_rot90.jpeg,2,reject
13106_right_rot180.jpeg,2,reject
41445_right_rot270.jpeg,2,reject
27143_left_rot90.jpeg,2,reject
2735_right_rot180.jpeg,2,reject
6788_left_rot180.jpeg,2,reject
13254_left_rot270.jpeg,2,reject
23318_right_rot270.jpeg,2,reject
30497_right_rot270.jpeg,2,reject
20316_right_rot270.jpeg,2,reject
39134_right_rot270.jpeg,2,reject
34429_left_rot180.jpeg,2,reject
39530_left_rot270.jpeg,2,reject
34058_right_rot90.jpeg,2,reject
43698_left_rot270.jpeg,2,reject
4499_left_rot180.jpeg,2,reject
11894_left_rot270.jpeg,2,reject
70_left_rot90.jpeg,2,reject
18487_left_rot270.jpeg,2,reject
4561_right_rot90.jpeg,2,reject
38507_left_rot270.jpeg,2,reject
28205_right_rot270.jpeg,2,reject
20244_left_rot180.jpeg,2,reject
4391_right_rot180.jpeg,2,reject
18684_right_rot90.jpeg,2,reject
404_right_rot90.jpeg,2,reject
9590_left_rot270.jpeg,2,reject
27452_left_rot180.jpeg,2,reject
16882_left_rot180.jpeg,2,reject
27143_left_rot270.jpeg,2,reject
4043_right_rot180.jpeg,2,reject
44088_left_rot270.jpeg,2,reject
31048_left_rot180.jpeg,2,reject
40819_left_rot90.jpeg,2,reject
10319_left_rot180.jpeg,2,reject
17221_right_rot270.jpeg,2,reject
35297_right_rot180.jpeg,2,reject
25646_right_rot90.jpeg,2,reject
10401_left_rot270.jpeg,2,reject
3783_right_rot90.jpeg,2,reject
1407_left_rot90.jpeg,2,reject
41199_left_rot90.jpeg,2,reject
1636_left_rot270.jpeg,2,reject
32176_left_rot90.jpeg,2,reject
20546_left_rot270.jpeg,2,reject
6823_right_rot90.jpeg,2,reject
7073_left_rot90.jpeg,2,reject
8797_left_rot270.jpeg,2,reject
39354_right_rot90.jpeg,2,reject
43041_right_rot270.jpeg,2,reject
40994_right_rot180.jpeg,2,reject
27452_left_rot90.jpeg,2,reject
40377_right_rot270.jpeg,2,reject
16753_left_rot270.jpeg,2,reject
29884_right_rot90.jpeg,2,reject
42208_left_rot90.jpeg,2,reject
35840_right_rot90.jpeg,2,reject
19213_right_rot270.jpeg,2,reject
43214_right_rot270.jpeg,2,reject
14219_left_rot90.jpeg,2,reject
43304_left_rot270.jpeg,2,reject
10440_left_rot90.jpeg,2,reject
43466_right_rot180.jpeg,2,reject
30990_right_rot180.jpeg,2,reject
6888_right_rot180.jpeg,2,reject
6418_left_rot270.jpeg,2,reject
14976_left_rot180.jpeg,2,reject
9979_right_rot270.jpeg,2,reject
31987_left_rot180.jpeg,2,reject
23284_left_rot270.jpeg,2,reject
12985_left_rot90.jpeg,2,reject
31640_right_rot270.jpeg,2,reject
34256_left_rot270.jpeg,2,reject
9134_right_rot270.jpeg,2,reject
26200_left_rot180.jpeg,2,reject
39376_left_rot90.jpeg,2,reject
41032_left_rot180.jpeg,2,reject
1741_left_rot180.jpeg,2,reject
14431_right_rot180.jpeg,2,reject
3439_right_rot90.jpeg,2,reject
14856_right_rot90.jpeg,2,reject
29652_right_rot180.jpeg,2,reject
34609_right_rot180.jpeg,2,reject
3473_left_rot90.jpeg,2,reject
27842_left_rot180.jpeg,2,reject
20513_left_rot90.jpeg,2,reject
23011_right_rot180.jpeg,2,reject
33561_right_rot180.jpeg,2,reject
20590_right_rot270.jpeg,2,reject
24777_left_rot180.jpeg,2,reject
4383_right_rot90.jpeg,2,reject
14139_right_rot180.jpeg,2,reject
27271_left_rot270.jpeg,2,reject
26402_left_rot90.jpeg,2,reject
12699_right_rot90.jpeg,2,reject
20147_left_rot180.jpeg,2,reject
330_right_rot270.jpeg,2,reject
37834_left_rot90.jpeg,2,reject
13584_left_rot90.jpeg,2,reject
4237_right_rot270.jpeg,2,reject
3587_right_rot270.jpeg,2,reject
30829_left_rot270.jpeg,2,reject
38255_left_rot180.jpeg,2,reject
3570_right_rot180.jpeg,2,reject
2986_left_rot90.jpeg,2,reject
14425_left_rot90.jpeg,2,reject
12264_right_rot180.jpeg,2,reject
1330_left_rot180.jpeg,2,reject
41852_left_rot90.jpeg,2,reject
9878_left_rot90.jpeg,2,reject
22122_left_rot270.jpeg,2,reject
15734_left_rot270.jpeg,2,reject
28106_left_rot180.jpeg,2,reject
16196_right_rot90.jpeg,2,reject
29264_right_rot180.jpeg,2,reject
16777_right_rot90.jpeg,2,reject
28598_left_rot270.jpeg,2,reject
6684_left_rot90.jpeg,2,reject
21942_left_rot270.jpeg,2,reject
35637_right_rot180.jpeg,2,reject
27116_left_rot270.jpeg,2,reject
4831_right_rot90.jpeg,2,reject
13409_left_rot90.jpeg,2,reject
11539_right_rot180.jpeg,2,reject
18972_left_rot270.jpeg,2,reject
40057_right_rot180.jpeg,2,reject
43698_left_rot90.jpeg,2,reject
32024_right_rot270.jpeg,2,reject
34442_right_rot180.jpeg,2,reject
17762_left_rot180.jpeg,2,reject
6096_right_rot270.jpeg,2,reject
9788_left_rot270.jpeg,2,reject
38274_right_rot90.jpeg,2,reject
29708_right_rot270.jpeg,2,reject
10782_left_rot90.jpeg,2,reject
14450_left_rot90.jpeg,2,reject
75_right_rot180.jpeg,2,reject
8209_right_rot180.jpeg,2,reject
18422_left_rot90.jpeg,2,reject
41055_left_rot180.jpeg,2,reject
13458_left_rot180.jpeg,2,reject
23844_left_rot90.jpeg,2,reject
30591_left_rot270.jpeg,2,reject
6881_right_rot270.jpeg,2,reject
14056_right_rot270.jpeg,2,reject
36416_right_rot270.jpeg,2,reject
31659_right_rot90.jpeg,2,reject
2962_right_rot90.jpeg,2,reject
8363_right_rot90.jpeg,2,reject
39134_left_rot270.jpeg,2,reject
9346_left_rot180.jpeg,2,reject
8116_left_rot90.jpeg,2,reject
19462_right_rot270.jpeg,2,reject
40819_left_rot180.jpeg,2,reject
30120_right_rot180.jpeg,2,reject
21417_left_rot180.jpeg,2,reject
43593_right_rot270.jpeg,2,reject
12950_right_rot180.jpeg,2,reject
8740_left_rot90.jpeg,2,reject
14976_left_rot90.jpeg,2,reject
22667_left_rot90.jpeg,2,reject
8971_left_rot90.jpeg,2,reject
44050_left_rot180.jpeg,2,reject
11734_left_rot270.jpeg,2,reject
43074_left_rot180.jpeg,2,reject
25171_left_rot90.jpeg,2,reject
37301_right_rot180.jpeg,2,reject
6666_right_rot270.jpeg,2,reject
734_right_rot270.jpeg,2,reject
42807_right_rot90.jpeg,2,reject
27889_left_rot180.jpeg,2,reject
25077_right_rot270.jpeg,2,reject
9516_left_rot90.jpeg,2,reject
33287_right_rot270.jpeg,2,reject
22760_right_rot270.jpeg,2,reject
13637_left_rot270.jpeg,2,reject
41643_right_rot180.jpeg,2,reject
12799_left_rot90.jpeg,2,reject
11048_left_rot90.jpeg,2,reject
6523_right_rot90.jpeg,2,reject
9122_right_rot180.jpeg,2,reject
15408_left_rot180.jpeg,2,reject
8209_right_rot270.jpeg,2,reject
23444_right_rot270.jpeg,2,reject
40650_left_rot270.jpeg,2,reject
31945_right_rot180.jpeg,2,reject
24747_right_rot270.jpeg,2,reject
7869_right_rot90.jpeg,2,reject
30277_right_rot90.jpeg,2,reject
10333_left_rot90.jpeg,2,reject
12010_left_rot90.jpeg,2,reject
14908_right_rot180.jpeg,2,reject
4967_right_rot180.jpeg,2,reject
30112_right_rot180.jpeg,2,reject
1289_left_rot90.jpeg,2,reject
2341_left_rot90.jpeg,2,reject
28405_right_rot180.jpeg,2,reject
29333_right_rot90.jpeg,2,reject
5441_left_rot270.jpeg,2,reject
13283_right_rot180.jpeg,2,reject
25291_left_rot180.jpeg,2,reject
15387_right_rot270.jpeg,2,reject
30725_left_rot90.jpeg,2,reject
34954_right_rot270.jpeg,2,reject
17411_right_rot270.jpeg,2,reject
16038_left_rot90.jpeg,2,reject
9878_left_rot270.jpeg,2,reject
19811_left_rot180.jpeg,2,reject
14474_right_rot270.jpeg,2,reject
1346_left_rot270.jpeg,2,reject
40339_left_rot90.jpeg,2,reject
9601_left_rot90.jpeg,2,reject
40323_right_rot270.jpeg,2,reject
8799_left_rot90.jpeg,2,reject
36456_left_rot180.jpeg,2,reject
37284_right_rot270.jpeg,2,reject
19771_right_rot270.jpeg,2,reject
8681_left_rot270.jpeg,2,reject
37079_left_rot270.jpeg,2,reject
35804_left_rot270.jpeg,2,reject
41430_left_rot270.jpeg,2,reject
17457_right_rot90.jpeg,2,reject
42317_left_rot180.jpeg,2,reject
41510_left_rot90.jpeg,2,reject
14935_left_rot90.jpeg,2,reject
22901_left_rot90.jpeg,2,reject
19378_left_rot270.jpeg,2,reject
25077_left_rot90.jpeg,2,reject
32734_right_rot90.jpeg,2,reject
23814_left_rot270.jpeg,2,reject
6631_right_rot270.jpeg,2,reject
16890_left_rot90.jpeg,2,reject
14432_left_rot90.jpeg,2,reject
38856_left_rot90.jpeg,2,reject
44193_left_rot180.jpeg,2,reject
12954_left_rot180.jpeg,2,reject
34954_right_rot180.jpeg,2,reject
24472_left_rot180.jpeg,2,reject
12783_left_rot270.jpeg,2,reject
17354_left_rot180.jpeg,2,reject
24903_left_rot180.jpeg,2,reject
35127_left_rot270.jpeg,2,reject
10058_left_rot180.jpeg,2,reject
9159_right_rot270.jpeg,2,reject
13786_left_rot270.jpeg,2,reject
5816_right_rot180.jpeg,2,reject
26200_left_rot270.jpeg,2,reject
27889_left_rot90.jpeg,2,reject
2544_right_rot270.jpeg,2,reject
23855_left_rot180.jpeg,2,reject
22556_right_rot90.jpeg,2,reject
16803_right_rot270.jpeg,2,reject
41176_left_rot180.jpeg,2,reject
35420_right_rot90.jpeg,2,reject
40465_right_rot270.jpeg,2,reject
29484_left_rot270.jpeg,2,reject
36448_left_rot270.jpeg,2,reject
22321_left_rot90.jpeg,2,reject
42542_right_rot180.jpeg,2,reject
33646_left_rot90.jpeg,2,reject
22519_left_rot180.jpeg,2,reject
25007_left_rot180.jpeg,2,reject
733_right_rot270.jpeg,2,reject
26962_left_rot270.jpeg,2,reject
38690_left_rot270.jpeg,2,reject
1751_right_rot180.jpeg,2,reject
102_left_rot90.jpeg,2,reject
14450_right_rot270.jpeg,2,reject
17400_left_rot270.jpeg,2,reject
6291_left_rot90.jpeg,2,reject
36467_right_rot270.jpeg,2,reject
17869_right_rot180.jpeg,2,reject
38029_right_rot180.jpeg,2,reject
26747_left_rot90.jpeg,2,reject
21678_right_rot180.jpeg,2,reject
793_right_rot90.jpeg,2,reject
6299_left_rot90.jpeg,2,reject
15103_left_rot270.jpeg,2,reject
14013_left_rot270.jpeg,2,reject
22895_right_rot90.jpeg,2,reject
7383_right_rot270.jpeg,2,reject
40819_right_rot270.jpeg,2,reject
39233_right_rot270.jpeg,2,reject
22176_left_rot90.jpeg,2,reject
30591_left_rot90.jpeg,2,reject
37790_right_rot90.jpeg,2,reject
3570_left_rot90.jpeg,2,reject
39365_left_rot180.jpeg,2,reject
43932_left_rot90.jpeg,2,reject
32600_left_rot180.jpeg,2,reject
721_left_rot90.jpeg,2,reject
7853_left_rot90.jpeg,2,reject
14219_left_rot180.jpeg,2,reject
22026_left_rot90.jpeg,2,reject
33901_left_rot270.jpeg,2,reject
17215_right_rot270.jpeg,2,reject
15682_left_rot180.jpeg,2,reject
2139_right_rot270.jpeg,2,reject
13022_right_rot270.jpeg,2,reject
18556_right_rot90.jpeg,2,reject
7088_left_rot180.jpeg,2,reject
15688_left_rot180.jpeg,2,reject
20102_left_rot270.jpeg,2,reject
22241_right_rot90.jpeg,2,reject
13275_left_rot90.jpeg,2,reject
3967_right_rot270.jpeg,2,reject
43057_right_rot270.jpeg,2,reject
28607_right_rot270.jpeg,2,reject
43691_left_rot90.jpeg,2,reject
9767_right_rot180.jpeg,2,reject
19047_left_rot90.jpeg,2,reject
6881_left_rot180.jpeg,2,reject
35860_left_rot270.jpeg,2,reject
5258_left_rot270.jpeg,2,reject
27759_right_rot180.jpeg,2,reject
37289_left_rot90.jpeg,2,reject
6337_left_rot90.jpeg,2,reject
42317_left_rot270.jpeg,2,reject
42429_left_rot180.jpeg,2,reject
31857_right_rot90.jpeg,2,reject
34043_right_rot90.jpeg,2,reject
41761_right_rot270.jpeg,2,reject
37957_left_rot180.jpeg,2,reject
5178_left_rot270.jpeg,2,reject
43935_right_rot270.jpeg,2,reject
6523_left_rot180.jpeg,2,reject
1926_right_rot90.jpeg,2,reject
3382_right_rot180.jpeg,2,reject
15103_right_rot180.jpeg,2,reject
35840_right_rot270.jpeg,2,reject
35323_left_rot180.jpeg,2,reject
41761_left_rot90.jpeg,2,reject
19368_right_rot90.jpeg,2,reject
4887_right_rot180.jpeg,2,reject
24469_left_rot270.jpeg,2,reject
21955_left_rot270.jpeg,2,reject
14374_right_rot90.jpeg,2,reject
70_left_rot180.jpeg,2,reject
12735_left_rot270.jpeg,2,reject
26160_right_rot270.jpeg,2,reject
42912_right_rot90.jpeg,2,reject
19663_left_rot90.jpeg,2,reject
38274_left_rot180.jpeg,2,reject
159_right_rot180.jpeg,2,reject
26366_left_rot180.jpeg,2,reject
41289_right_rot90.jpeg,2,reject
513_right_rot90.jpeg,2,reject
31916_left_rot90.jpeg,2,reject
39827_left_rot180.jpeg,2,reject
32125_left_rot90.jpeg,2,reject
9216_right_rot90.jpeg,2,reject
23292_left_rot90.jpeg,2,reject
38690_right_rot90.jpeg,2,reject
21869_left_rot90.jpeg,2,reject
12783_left_rot90.jpeg,2,reject
34899_right_rot270.jpeg,2,reject
28268_right_rot180.jpeg,2,reject
39772_right_rot90.jpeg,2,reject
36014_right_rot90.jpeg,2,reject
16803_right_rot90.jpeg,2,reject
4773_left_rot180.jpeg,2,reject
15222_left_rot90.jpeg,2,reject
3742_right_rot180.jpeg,2,reject
7751_left_rot90.jpeg,2,reject
35860_left_rot90.jpeg,2,reject
41648_left_rot90.jpeg,2,reject
25251_right_rot90.jpeg,2,reject
11384_right_rot270.jpeg,2,reject
12320_left_rot270.jpeg,2,reject
40089_left_rot270.jpeg,2,reject
32502_right_rot270.jpeg,2,reject
27597_left_rot180.jpeg,2,reject
31880_right_rot90.jpeg,2,reject
18257_right_rot180.jpeg,2,reject
1240_right_rot270.jpeg,2,reject
6854_left_rot90.jpeg,2,reject
35838_left_rot90.jpeg,2,reject
25084_left_rot270.jpeg,2,reject
33883_right_rot90.jpeg,2,reject
23724_right_rot180.jpeg,2,reject
25826_left_rot90.jpeg,2,reject
1222_left_rot90.jpeg,2,reject
14425_left_rot270.jpeg,2,reject
19561_right_rot90.jpeg,2,reject
36456_right_rot270.jpeg,2,reject
9601_left_rot180.jpeg,2,reject
35581_left_rot180.jpeg,2,reject
8217_right_rot180.jpeg,2,reject
9205_left_rot270.jpeg,2,reject
19467_left_rot90.jpeg,2,reject
1266_left_rot270.jpeg,2,reject
30726_right_rot180.jpeg,2,reject
8744_left_rot180.jpeg,2,reject
35503_left_rot270.jpeg,2,reject
4098_left_rot270.jpeg,2,reject
30299_right_rot180.jpeg,2,reject
7741_right_rot180.jpeg,2,reject
29139_left_rot90.jpeg,2,reject
2132_right_rot180.jpeg,2,reject
4178_left_rot270.jpeg,2,reject
22001_right_rot90.jpeg,2,reject
8263_left_rot270.jpeg,2,reject
30723_left_rot180.jpeg,2,reject
5702_left_rot90.jpeg,2,reject
40876_right_rot180.jpeg,2,reject
4242_right_rot270.jpeg,2,reject
14921_right_rot270.jpeg,2,reject
24457_right_rot270.jpeg,2,reject
25967_left_rot90.jpeg,2,reject
6291_left_rot180.jpeg,2,reject
27414_right_rot180.jpeg,2,reject
24036_left_rot90.jpeg,2,reject
40178_right_rot270.jpeg,2,reject
2204_left_rot270.jpeg,2,reject
11182_left_rot180.jpeg,2,reject
38939_left_rot90.jpeg,2,reject
17317_left_rot270.jpeg,2,reject
33768_right_rot180.jpeg,2,reject
19788_left_rot180.jpeg,2,reject
44030_left_rot90.jpeg,2,reject
12098_left_rot90.jpeg,2,reject
1349_left_rot270.jpeg,2,reject
24368_left_rot270.jpeg,2,reject
38690_left_rot90.jpeg,2,reject
6403_left_rot90.jpeg,2,reject
12950_left_rot180.jpeg,2,reject
12563_left_rot90.jpeg,2,reject
3469_left_rot90.jpeg,2,reject
37554_left_rot90.jpeg,2,reject
36125_left_rot180.jpeg,2,reject
40780_right_rot270.jpeg,2,reject
32742_right_rot270.jpeg,2,reject
24980_left_rot180.jpeg,2,reject
35629_left_rot270.jpeg,2,reject
36316_right_rot180.jpeg,2,reject
30591_right_rot90.jpeg,2,reject
23779_right_rot180.jpeg,2,reject
15884_left_rot180.jpeg,2,reject
25881_left_rot90.jpeg,2,reject
11101_left_rot180.jpeg,2,reject
34578_right_rot90.jpeg,2,reject
40947_right_rot270.jpeg,2,reject
39362_right_rot270.jpeg,2,reject
34043_right_rot180.jpeg,2,reject
17148_left_rot270.jpeg,2,reject
2610_left_rot90.jpeg,2,reject
33741_left_rot270.jpeg,2,reject
7446_left_rot180.jpeg,2,reject
31590_right_rot90.jpeg,2,reject
35767_left_rot90.jpeg,2,reject
3986_right_rot90.jpeg,2,reject
36453_left_rot270.jpeg,2,reject
14281_left_rot270.jpeg,2,reject
30658_right_rot180.jpeg,2,reject
1123_right_rot270.jpeg,2,reject
44281_left_rot270.jpeg,2,reject
34836_right_rot90.jpeg,2,reject
18450_right_rot180.jpeg,2,reject
26300_left_rot180.jpeg,2,reject
745_left_rot180.jpeg,2,reject
159_left_rot90.jpeg,2,reject
10996_left_rot270.jpeg,2,reject
18017_left_rot270.jpeg,2,reject
32024_right_rot90.jpeg,2,reject
19745_left_rot180.jpeg,2,reject
17411_left_rot90.jpeg,2,reject
36958_right_rot270.jpeg,2,reject
39827_left_rot90.jpeg,2,reject
41648_left_rot270.jpeg,2,reject
42807_right_rot180.jpeg,2,reject
3275_right_rot90.jpeg,2,reject
18057_left_rot270.jpeg,2,reject
38325_left_rot90.jpeg,2,reject
4973_right_rot90.jpeg,2,reject
15045_left_rot180.jpeg,2,reject
22543_right_rot90.jpeg,2,reject
13635_left_rot180.jpeg,2,reject
613_right_rot90.jpeg,2,reject
3611_left_rot90.jpeg,2,reject
22679_left_rot180.jpeg,2,reject
25608_left_rot270.jpeg,2,reject
40183_right_rot90.jpeg,2,reject
6881_right_rot90.jpeg,2,reject
10333_left_rot270.jpeg,2,reject
18105_right_rot270.jpeg,2,reject
32320_right_rot180.jpeg,2,reject
44081_left_rot90.jpeg,2,reject
40377_left_rot90.jpeg,2,reject
12356_left_rot180.jpeg,2,reject
12790_right_rot180.jpeg,2,reject
1493_right_rot270.jpeg,2,reject
42542_right_rot270.jpeg,2,reject
29430_left_rot270.jpeg,2,reject
29484_left_rot90.jpeg,2,reject
40323_left_rot270.jpeg,2,reject
40077_left_rot270.jpeg,2,reject
14384_right_rot180.jpeg,2,reject
18213_left_rot90.jpeg,2,reject
23782_right_rot180.jpeg,2,reject
27395_left_rot180.jpeg,2,reject
23318_right_rot90.jpeg,2,reject
5728_right_rot90.jpeg,2,reject
3818_left_rot270.jpeg,2,reject
9419_left_rot270.jpeg,2,reject
44249_right_rot180.jpeg,2,reject
9804_left_rot90.jpeg,2,reject
22556_left_rot270.jpeg,2,reject
10954_left_rot270.jpeg,2,reject
17205_left_rot270.jpeg,2,reject
10014_right_rot180.jpeg,2,reject
41953_left_rot90.jpeg,2,reject
28405_right_rot90.jpeg,2,reject
32198_right_rot180.jpeg,2,reject
22210_left_rot270.jpeg,2,reject
31174_left_rot180.jpeg,2,reject
12861_left_rot180.jpeg,2,reject
44249_right_rot90.jpeg,2,reject
42440_left_rot90.jpeg,2,reject
11492_right_rot180.jpeg,2,reject
9448_right_rot270.jpeg,2,reject
7328_left_rot270.jpeg,2,reject
20469_left_rot90.jpeg,2,reject
20180_right_rot90.jpeg,2,reject
21886_right_rot270.jpeg,2,reject
33502_right_rot180.jpeg,2,reject
17411_right_rot180.jpeg,2,reject
23532_right_rot180.jpeg,2,reject
37602_right_rot270.jpeg,2,reject
22568_right_rot180.jpeg,2,reject
43397_left_rot180.jpeg,2,reject
31825_right_rot270.jpeg,2,reject
2756_left_rot90.jpeg,2,reject
37773_left_rot270.jpeg,2,reject
18487_left_rot180.jpeg,2,reject
37947_right_rot90.jpeg,2,reject
21584_left_rot270.jpeg,2,reject
16862_left_rot90.jpeg,2,reject
17205_left_rot90.jpeg,2,reject
31596_right_rot90.jpeg,2,reject
42026_left_rot270.jpeg,2,reject
16540_left_rot90.jpeg,2,reject
5791_right_rot180.jpeg,2,reject
40077_right_rot270.jpeg,2,reject
29840_left_rot90.jpeg,2,reject
24341_right_rot90.jpeg,2,reject
13251_right_rot90.jpeg,2,reject
35890_right_rot180.jpeg,2,reject
18436_right_rot180.jpeg,2,reject
15320_left_rot270.jpeg,2,reject
43594_left_rot180.jpeg,2,reject
13192_left_rot90.jpeg,2,reject
11623_right_rot90.jpeg,2,reject
43342_right_rot180.jpeg,2,reject
44083_right_rot90.jpeg,2,reject
257_left_rot90.jpeg,2,reject
7328_left_rot180.jpeg,2,reject
36426_left_rot270.jpeg,2,reject
25377_left_rot270.jpeg,2,reject
13530_left_rot270.jpeg,2,reject
15038_left_rot90.jpeg,2,reject
16652_left_rot180.jpeg,2,reject
39583_left_rot180.jpeg,2,reject
24368_left_rot90.jpeg,2,reject
14581_left_rot90.jpeg,2,reject
43452_right_rot180.jpeg,2,reject
15780_right_rot180.jpeg,2,reject
20180_left_rot180.jpeg,2,reject
17205_right_rot180.jpeg,2,reject
19030_left_rot180.jpeg,2,reject
8028_left_rot180.jpeg,2,reject
7017_right_rot270.jpeg,2,reject
19858_right_rot270.jpeg,2,reject
19442_left_rot180.jpeg,2,reject
4482_left_rot90.jpeg,2,reject
3473_left_rot180.jpeg,2,reject
16622_left_rot90.jpeg,2,reject
11492_right_rot90.jpeg,2,reject
43445_right_rot180.jpeg,2,reject
14056_right_rot90.jpeg,2,reject
10014_right_rot90.jpeg,2,reject
44249_right_rot270.jpeg,2,reject
33883_right_rot270.jpeg,2,reject
5295_right_rot270.jpeg,2,reject
6888_right_rot90.jpeg,2,reject
5308_right_rot180.jpeg,2,reject
9538_left_rot270.jpeg,2,reject
42832_left_rot180.jpeg,2,reject
27759_left_rot180.jpeg,2,reject
3783_right_rot180.jpeg,2,reject
39530_right_rot90.jpeg,2,reject
36754_left_rot90.jpeg,2,reject
39698_left_rot180.jpeg,2,reject
1202_left_rot270.jpeg,2,reject
39983_right_rot90.jpeg,2,reject
26601_right_rot180.jpeg,2,reject
9068_right_rot90.jpeg,2,reject
22268_right_rot270.jpeg,2,reject
29601_right_rot90.jpeg,2,reject
10645_left_rot90.jpeg,2,reject
40396_left_rot180.jpeg,2,reject
40341_left_rot270.jpeg,2,reject
14805_left_rot180.jpeg,2,reject
35420_right_rot180.jpeg,2,reject
23379_right_rot90.jpeg,2,reject
35107_left_rot90.jpeg,2,reject
18684_left_rot180.jpeg,2,reject
13275_right_rot180.jpeg,2,reject
22271_left_rot270.jpeg,2,reject
17568_left_rot180.jpeg,2,reject
9205_left_rot90.jpeg,2,reject
25002_left_rot270.jpeg,2,reject
17568_right_rot180.jpeg,2,reject
14915_right_rot270.jpeg,2,reject
20147_left_rot270.jpeg,2,reject
18474_right_rot270.jpeg,2,reject
37374_left_rot180.jpeg,2,reject
2341_left_rot180.jpeg,2,reject
38823_left_rot90.jpeg,2,reject
8971_left_rot180.jpeg,2,reject
5185_right_rot180.jpeg,2,reject
25787_right_rot270.jpeg,2,reject
22687_right_rot270.jpeg,2,reject
42260_right_rot90.jpeg,2,reject
44081_left_rot270.jpeg,2,reject
24341_right_rot270.jpeg,2,reject
2531_left_rot90.jpeg,2,reject
12168_left_rot180.jpeg,2,reject
22557_left_rot90.jpeg,2,reject
1557_left_rot270.jpeg,2,reject
18939_left_rot180.jpeg,2,reject
7825_left_rot270.jpeg,2,reject
10962_left_rot180.jpeg,2,reject
35838_left_rot270.jpeg,2,reject
6639_left_rot180.jpeg,2,reject
20147_left_rot90.jpeg,2,reject
7741_right_rot270.jpeg,2,reject
33974_left_rot270.jpeg,2,reject
21298_right_rot180.jpeg,2,reject
172_left_rot90.jpeg,2,reject
8753_right_rot270.jpeg,2,reject
12098_left_rot270.jpeg,2,reject
2034_left_rot90.jpeg,2,reject
28044_right_rot90.jpeg,2,reject
37427_right_rot270.jpeg,2,reject
17050_right_rot180.jpeg,2,reject
3029_left_rot270.jpeg,2,reject
29601_right_rot180.jpeg,2,reject
23997_right_rot90.jpeg,2,reject
37354_left_rot180.jpeg,2,reject
4466_left_rot90.jpeg,2,reject
43901_left_rot270.jpeg,2,reject
37617_left_rot270.jpeg,2,reject
21826_right_rot270.jpeg,2,reject
42749_left_rot90.jpeg,2,reject
34578_right_rot270.jpeg,2,reject
36958_right_rot180.jpeg,2,reject
23318_right_rot180.jpeg,2,reject
24881_left_rot90.jpeg,2,reject
12101_left_rot90.jpeg,2,reject
18539_left_rot90.jpeg,2,reject
24446_left_rot180.jpeg,2,reject
18922_left_rot180.jpeg,2,reject
26300_left_rot270.jpeg,2,reject
7597_left_rot270.jpeg,2,reject
8662_left_rot270.jpeg,2,reject
41828_right_rot180.jpeg,2,reject
16890_left_rot270.jpeg,2,reject
15636_left_rot90.jpeg,2,reject
32943_left_rot180.jpeg,2,reject
513_left_rot90.jpeg,2,reject
26628_left_rot180.jpeg,2,reject
41349_left_rot90.jpeg,2,reject
3621_right_rot90.jpeg,2,reject
42294_right_rot90.jpeg,2,reject
42119_left_rot180.jpeg,2,reject
23848_left_rot270.jpeg,2,reject
7445_left_rot270.jpeg,2,reject
15857_left_rot270.jpeg,2,reject
18819_right_rot90.jpeg,2,reject
18562_left_rot270.jpeg,2,reject
28041_right_rot270.jpeg,2,reject
11826_left_rot270.jpeg,2,reject
7318_right_rot270.jpeg,2,reject
26270_left_rot270.jpeg,2,reject
41282_right_rot180.jpeg,2,reject
38437_right_rot270.jpeg,2,reject
24036_right_rot270.jpeg,2,reject
7470_right_rot270.jpeg,2,reject
43710_right_rot180.jpeg,2,reject
28392_left_rot90.jpeg,2,reject
37197_right_rot90.jpeg,2,reject
6613_right_rot270.jpeg,2,reject
15682_left_rot90.jpeg,2,reject
12950_left_rot270.jpeg,2,reject
11050_left_rot180.jpeg,2,reject
1868_left_rot180.jpeg,2,reject
39114_right_rot270.jpeg,2,reject
8527_left_rot90.jpeg,2,reject
3797_left_rot270.jpeg,2,reject
25932_left_rot270.jpeg,2,reject
32725_left_rot270.jpeg,2,reject
24367_left_rot90.jpeg,2,reject
34748_right_rot90.jpeg,2,reject
33883_right_rot180.jpeg,2,reject
11828_right_rot180.jpeg,2,reject
3429_left_rot180.jpeg,2,reject
19745_right_rot90.jpeg,2,reject
6511_right_rot180.jpeg,2,reject
14374_right_rot180.jpeg,2,reject
6289_left_rot90.jpeg,2,reject
27904_left_rot180.jpeg,2,reject
9116_right_rot180.jpeg,2,reject
75_right_rot270.jpeg,2,reject
20546_right_rot90.jpeg,2,reject
10854_right_rot270.jpeg,2,reject
14216_left_rot270.jpeg,2,reject
22266_right_rot270.jpeg,2,reject
721_left_rot270.jpeg,2,reject
2169_right_rot270.jpeg,2,reject
1655_left_rot90.jpeg,2,reject
670_left_rot90.jpeg,2,reject
25926_right_rot90.jpeg,2,reject
12098_left_rot180.jpeg,2,reject
39702_right_rot180.jpeg,2,reject
39981_right_rot90.jpeg,2,reject
26243_left_rot180.jpeg,2,reject
40259_left_rot90.jpeg,2,reject
5423_left_rot270.jpeg,2,reject
19937_right_rot180.jpeg,2,reject
25832_right_rot90.jpeg,2,reject
24747_right_rot180.jpeg,2,reject
37147_right_rot270.jpeg,2,reject
21678_right_rot90.jpeg,2,reject
17644_left_rot90.jpeg,2,reject
8133_left_rot270.jpeg,2,reject
35107_left_rot180.jpeg,2,reject
42721_right_rot180.jpeg,2,reject
24641_left_rot270.jpeg,2,reject
18226_right_rot180.jpeg,2,reject
897_left_rot270.jpeg,2,reject
33730_right_rot180.jpeg,2,reject
29430_right_rot270.jpeg,2,reject
3940_right_rot90.jpeg,2,reject
38029_right_rot90.jpeg,2,reject
34449_left_rot180.jpeg,2,reject
5196_right_rot90.jpeg,2,reject
24203_right_rot270.jpeg,2,reject
4335_right_rot180.jpeg,2,reject
41199_left_rot270.jpeg,2,reject
15045_left_rot90.jpeg,2,reject
17426_left_rot180.jpeg,2,reject
9788_left_rot180.jpeg,2,reject
40727_left_rot180.jpeg,2,reject
940_left_rot90.jpeg,2,reject
20114_right_rot90.jpeg,2,reject
43187_right_rot270.jpeg,2,reject
16370_right_rot90.jpeg,2,reject
25579_left_rot270.jpeg,2,reject
3401_left_rot90.jpeg,2,reject
10288_left_rot180.jpeg,2,reject
30658_right_rot270.jpeg,2,reject
23957_left_rot270.jpeg,2,reject
27481_right_rot90.jpeg,2,reject
44076_right_rot90.jpeg,2,reject
1855_left_rot180.jpeg,2,reject
43725_left_rot90.jpeg,2,reject
38513_left_rot270.jpeg,2,reject
29826_left_rot90.jpeg,2,reject
1926_left_rot180.jpeg,2,reject
19604_left_rot180.jpeg,2,reject
29218_left_rot90.jpeg,2,reject
34267_right_rot270.jpeg,2,reject
4335_right_rot270.jpeg,2,reject
34429_left_rot90.jpeg,2,reject
34152_left_rot270.jpeg,2,reject
41342_left_rot270.jpeg,2,reject
40821_left_rot90.jpeg,2,reject
20273_left_rot180.jpeg,2,reject
24980_right_rot270.jpeg,2,reject
39106_left_rot270.jpeg,2,reject
39869_right_rot180.jpeg,2,reject
28216_right_rot270.jpeg,2,reject
30354_left_rot180.jpeg,2,reject
13333_right_rot270.jpeg,2,reject
7083_left_rot90.jpeg,2,reject
1202_left_rot180.jpeg,2,reject
12699_right_rot180.jpeg,2,reject
8558_right_rot270.jpeg,2,reject
3967_right_rot90.jpeg,2,reject
1493_right_rot90.jpeg,2,reject
27519_right_rot180.jpeg,2,reject
6544_left_rot270.jpeg,2,reject
7853_right_rot270.jpeg,2,reject
22637_left_rot180.jpeg,2,reject
11849_right_rot270.jpeg,2,reject
40941_right_rot270.jpeg,2,reject
8799_left_rot180.jpeg,2,reject
17555_left_rot180.jpeg,2,reject
19663_left_rot270.jpeg,2,reject
27904_left_rot90.jpeg,2,reject
31662_left_rot270.jpeg,2,reject
4312_right_rot90.jpeg,2,reject
27644_right_rot180.jpeg,2,reject
1722_right_rot90.jpeg,2,reject
11781_right_rot270.jpeg,2,reject
4711_left_rot270.jpeg,2,reject
7631_right_rot180.jpeg,2,reject
7647_left_rot90.jpeg,2,reject
16753_left_rot90.jpeg,2,reject
28897_left_rot90.jpeg,2,reject
16937_left_rot90.jpeg,2,reject
3440_right_rot270.jpeg,2,reject
13499_right_rot270.jpeg,2,reject
23177_left_rot180.jpeg,2,reject
5067_left_rot90.jpeg,2,reject
5258_right_rot180.jpeg,2,reject
19014_right_rot180.jpeg,2,reject
18105_right_rot180.jpeg,2,reject
2218_right_rot180.jpeg,2,reject
4274_left_rot90.jpeg,2,reject
17983_right_rot180.jpeg,2,reject
32550_left_rot270.jpeg,2,reject
1133_left_rot180.jpeg,2,reject
13627_left_rot270.jpeg,2,reject
43921_left_rot270.jpeg,2,reject
16219_left_rot90.jpeg,2,reject
3029_right_rot270.jpeg,2,reject
19143_left_rot90.jpeg,2,reject
44091_left_rot180.jpeg,2,reject
8245_left_rot180.jpeg,2,reject
37790_right_rot180.jpeg,2,reject
41761_right_rot90.jpeg,2,reject
14128_left_rot90.jpeg,2,reject
30497_right_rot180.jpeg,2,reject
14056_right_rot180.jpeg,2,reject
22023_left_rot270.jpeg,2,reject
22778_right_rot270.jpeg,2,reject
43214_right_rot90.jpeg,2,reject
42055_right_rot90.jpeg,2,reject
23848_left_rot90.jpeg,2,reject
7003_left_rot180.jpeg,2,reject
13106_right_rot270.jpeg,2,reject
33337_right_rot270.jpeg,2,reject
37359_right_rot270.jpeg,2,reject
13251_left_rot180.jpeg,2,reject
1926_right_rot270.jpeg,2,reject
35295_left_rot270.jpeg,2,reject
3382_left_rot180.jpeg,2,reject
22286_right_rot180.jpeg,2,reject
12264_right_rot90.jpeg,2,reject
21389_right_rot270.jpeg,2,reject
17568_right_rot90.jpeg,2,reject
32339_right_rot180.jpeg,2,reject
18021_left_rot180.jpeg,2,reject
44268_left_rot90.jpeg,2,reject
18325_left_rot270.jpeg,2,reject
44092_right_rot90.jpeg,2,reject
42139_left_rot270.jpeg,2,reject
23433_left_rot270.jpeg,2,reject
42429_right_rot90.jpeg,2,reject
38552_left_rot90.jpeg,2,reject
6228_right_rot180.jpeg,2,reject
17925_right_rot270.jpeg,2,reject
38954_right_rot180.jpeg,2,reject
30119_left_rot270.jpeg,2,reject
3570_right_rot270.jpeg,2,reject
41510_left_rot270.jpeg,2,reject
12979_right_rot180.jpeg,2,reject
15529_right_rot180.jpeg,2,reject
36375_right_rot270.jpeg,2,reject
29652_left_rot180.jpeg,2,reject
18021_left_rot270.jpeg,2,reject
13251_right_rot180.jpeg,2,reject
27369_right_rot180.jpeg,2,reject
29642_left_rot180.jpeg,2,reject
24063_left_rot180.jpeg,2,reject
18802_right_rot270.jpeg,2,reject
4831_right_rot270.jpeg,2,reject
33732_left_rot270.jpeg,2,reject
24074_left_rot90.jpeg,2,reject
29884_right_rot180.jpeg,2,reject
3562_left_rot270.jpeg,2,reject
15682_left_rot270.jpeg,2,reject
2159_right_rot90.jpeg,2,reject
4973_right_rot180.jpeg,2,reject
947_left_rot180.jpeg,2,reject
8143_left_rot90.jpeg,2,reject
17658_right_rot270.jpeg,2,reject
4764_left_rot270.jpeg,2,reject
28991_right_rot270.jpeg,2,reject
686_right_rot270.jpeg,2,reject
24472_left_rot270.jpeg,2,reject
12523_left_rot90.jpeg,2,reject
6684_left_rot180.jpeg,2,reject
1718_right_rot90.jpeg,2,reject
28072_right_rot90.jpeg,2,reject
21678_left_rot180.jpeg,2,reject
17989_left_rot180.jpeg,2,reject
43397_left_rot90.jpeg,2,reject
20273_right_rot180.jpeg,2,reject
2857_right_rot180.jpeg,2,reject
14939_left_rot180.jpeg,2,reject
32591_left_rot180.jpeg,2,reject
22241_right_rot270.jpeg,2,reject
27414_left_rot180.jpeg,2,reject
40499_right_rot90.jpeg,2,reject
28598_left_rot90.jpeg,2,reject
40847_right_rot180.jpeg,2,reject
30354_right_rot270.jpeg,2,reject
4558_right_rot270.jpeg,2,reject
34666_left_rot90.jpeg,2,reject
29141_left_rot90.jpeg,2,reject
2531_left_rot270.jpeg,2,reject
31590_right_rot180.jpeg,2,reject
43576_left_rot270.jpeg,2,reject
642_left_rot90.jpeg,2,reject
8209_left_rot270.jpeg,2,reject
43382_left_rot90.jpeg,2,reject
17663_left_rot90.jpeg,2,reject
3305_left_rot90.jpeg,2,reject
40557_right_rot180.jpeg,2,reject
15387_right_rot90.jpeg,2,reject
5680_right_rot180.jpeg,2,reject
897_left_rot180.jpeg,2,reject
40548_left_rot270.jpeg,2,reject
9590_right_rot270.jpeg,2,reject
330_right_rot180.jpeg,2,reject
1936_left_rot180.jpeg,2,reject
25826_left_rot180.jpeg,2,reject
4242_right_rot90.jpeg,2,reject
1855_left_rot90.jpeg,2,reject
513_left_rot270.jpeg,2,reject
31857_left_rot90.jpeg,2,reject
2180_left_rot180.jpeg,2,reject
2107_right_rot90.jpeg,2,reject
13125_right_rot270.jpeg,2,reject
8462_left_rot180.jpeg,2,reject
6228_right_rot270.jpeg,2,reject
27481_right_rot180.jpeg,2,reject
38795_right_rot180.jpeg,2,reject
13494_left_rot90.jpeg,2,reject
5156_right_rot90.jpeg,2,reject
15699_right_rot180.jpeg,2,reject
17457_right_rot270.jpeg,2,reject
27414_left_rot90.jpeg,2,reject
32339_right_rot270.jpeg,2,reject
41148_right_rot90.jpeg,2,reject
41510_left_rot180.jpeg,2,reject
2622_right_rot180.jpeg,2,reject
4688_right_rot270.jpeg,2,reject
5816_right_rot270.jpeg,2,reject
679_left_rot180.jpeg,2,reject
9216_right_rot180.jpeg,2,reject
16633_right_rot180.jpeg,2,reject
17876_right_rot270.jpeg,2,reject
36100_left_rot180.jpeg,2,reject
13106_right_rot90.jpeg,2,reject
9454_left_rot180.jpeg,2,reject
7328_left_rot90.jpeg,2,reject
9516_left_rot270.jpeg,2,reject
44088_right_rot270.jpeg,2,reject
32220_left_rot90.jpeg,2,reject
18450_left_rot180.jpeg,2,reject
21981_right_rot90.jpeg,2,reject
32591_left_rot270.jpeg,2,reject
43202_left_rot90.jpeg,2,reject
20468_right_rot90.jpeg,2,reject
41746_right_rot90.jpeg,2,reject
30667_right_rot90.jpeg,2,reject
38690_right_rot180.jpeg,2,reject
40396_left_rot270.jpeg,2,reject
43062_right_rot180.jpeg,2,reject
4482_left_rot180.jpeg,2,reject
2030_right_rot270.jpeg,2,reject
33368_left_rot180.jpeg,2,reject
42429_right_rot180.jpeg,2,reject
40640_right_rot270.jpeg,2,reject
37457_left_rot180.jpeg,2,reject
16540_left_rot180.jpeg,2,reject
6888_left_rot180.jpeg,2,reject
24074_left_rot180.jpeg,2,reject
18901_left_rot270.jpeg,2,reject
13786_left_rot180.jpeg,2,reject
9133_left_rot90.jpeg,2,reject
32734_left_rot270.jpeg,2,reject
734_right_rot90.jpeg,2,reject
8949_left_rot270.jpeg,2,reject
27759_right_rot90.jpeg,2,reject
1933_left_rot90.jpeg,2,reject
30391_left_rot180.jpeg,2,reject
7360_left_rot90.jpeg,2,reject
16652_right_rot90.jpeg,2,reject
18057_left_rot180.jpeg,2,reject
38323_right_rot270.jpeg,2,reject
5275_right_rot90.jpeg,2,reject
26217_right_rot270.jpeg,2,reject
25007_left_rot270.jpeg,2,reject
3871_left_rot180.jpeg,2,reject
13304_left_rot180.jpeg,2,reject
375_right_rot180.jpeg,2,reject
37354_right_rot270.jpeg,2,reject
1499_right_rot270.jpeg,2,reject
21788_left_rot270.jpeg,2,reject
38307_right_rot180.jpeg,2,reject
40489_left_rot90.jpeg,2,reject
14405_right_rot180.jpeg,2,reject
26402_right_rot180.jpeg,2,reject
5999_right_rot180.jpeg,2,reject
4312_right_rot270.jpeg,2,reject
14761_left_rot270.jpeg,2,reject
3341_left_rot90.jpeg,2,reject
35377_left_rot180.jpeg,2,reject
14908_left_rot180.jpeg,2,reject
2544_right_rot180.jpeg,2,reject
3780_left_rot90.jpeg,2,reject
9134_right_rot180.jpeg,2,reject
33601_left_rot90.jpeg,2,reject
9116_left_rot180.jpeg,2,reject
36730_right_rot180.jpeg,2,reject
20146_left_rot90.jpeg,2,reject
4674_right_rot90.jpeg,2,reject
32417_left_rot90.jpeg,2,reject
29333_right_rot180.jpeg,2,reject
31336_right_rot270.jpeg,2,reject
12799_left_rot180.jpeg,2,reject
25881_left_rot270.jpeg,2,reject
38437_right_rot90.jpeg,2,reject
1346_left_rot90.jpeg,2,reject
3440_right_rot180.jpeg,2,reject
8669_right_rot270.jpeg,2,reject
4941_right_rot180.jpeg,2,reject
35699_right_rot90.jpeg,2,reject
39564_left_rot180.jpeg,2,reject
43584_left_rot270.jpeg,2,reject
18536_right_rot270.jpeg,2,reject
35457_left_rot180.jpeg,2,reject
21942_left_rot180.jpeg,2,reject
43710_left_rot180.jpeg,2,reject
39984_left_rot90.jpeg,2,reject
16816_left_rot90.jpeg,2,reject
36576_left_rot180.jpeg,2,reject
13328_right_rot270.jpeg,2,reject
11971_left_rot270.jpeg,2,reject
4955_left_rot180.jpeg,2,reject
743_right_rot180.jpeg,2,reject
17986_right_rot270.jpeg,2,reject
42316_right_rot180.jpeg,2,reject
38332_left_rot90.jpeg,2,reject
986_left_rot180.jpeg,2,reject
35160_right_rot180.jpeg,2,reject
36293_right_rot270.jpeg,2,reject
3220_right_rot180.jpeg,2,reject
15734_left_rot180.jpeg,2,reject
2066_left_rot90.jpeg,2,reject
483_left_rot180.jpeg,2,reject
40077_right_rot180.jpeg,2,reject
27343_right_rot90.jpeg,2,reject
5976_left_rot90.jpeg,2,reject
13051_right_rot90.jpeg,2,reject
22112_left_rot180.jpeg,2,reject
40903_right_rot90.jpeg,2,reject
9419_left_rot180.jpeg,2,reject
41167_left_rot90.jpeg,2,reject
32668_right_rot180.jpeg,2,reject
12101_right_rot270.jpeg,2,reject
30406_right_rot270.jpeg,2,reject
393_right_rot270.jpeg,2,reject
6631_right_rot180.jpeg,2,reject
17689_right_rot180.jpeg,2,reject
28208_left_rot180.jpeg,2,reject
16882_left_rot90.jpeg,2,reject
31987_left_rot90.jpeg,2,reject
22947_right_rot180.jpeg,2,reject
36006_left_rot180.jpeg,2,reject
24457_right_rot180.jpeg,2,reject
7360_left_rot270.jpeg,2,reject
43493_right_rot270.jpeg,2,reject
32654_left_rot180.jpeg,2,reject
42356_right_rot270.jpeg,2,reject
11198_right_rot180.jpeg,2,reject
17600_right_rot90.jpeg,2,reject
39106_right_rot180.jpeg,2,reject
12478_right_rot90.jpeg,2,reject
38373_right_rot180.jpeg,2,reject
43452_right_rot270.jpeg,2,reject
4909_right_rot90.jpeg,2,reject
6289_left_rot270.jpeg,2,reject
35080_left_rot90.jpeg,2,reject
29652_left_rot90.jpeg,2,reject
6881_right_rot180.jpeg,2,reject
12735_right_rot90.jpeg,2,reject
12546_right_rot90.jpeg,2,reject
41201_left_rot180.jpeg,2,reject
29661_right_rot90.jpeg,2,reject
6730_left_rot180.jpeg,2,reject
36903_left_rot180.jpeg,2,reject
17426_left_rot90.jpeg,2,reject
25385_left_rot270.jpeg,2,reject
13431_right_rot270.jpeg,2,reject
26584_right_rot90.jpeg,2,reject
33838_right_rot180.jpeg,2,reject
27343_right_rot270.jpeg,2,reject
15988_right_rot270.jpeg,2,reject
2357_right_rot270.jpeg,2,reject
41280_right_rot270.jpeg,2,reject
15103_right_rot90.jpeg,2,reject
8677_left_rot90.jpeg,2,reject
28375_left_rot90.jpeg,2,reject
12721_right_rot180.jpeg,2,reject
5541_left_rot90.jpeg,2,reject
2962_right_rot180.jpeg,2,reject
31596_right_rot180.jpeg,2,reject
3933_left_rot270.jpeg,2,reject
38332_left_rot270.jpeg,2,reject
2140_left_rot180.jpeg,2,reject
20244_right_rot270.jpeg,2,reject
29268_right_rot180.jpeg,2,reject
35668_left_rot180.jpeg,2,reject
22543_right_rot270.jpeg,2,reject
32668_right_rot270.jpeg,2,reject
27194_right_rot90.jpeg,2,reject
29506_left_rot270.jpeg,2,reject
10503_left_rot270.jpeg,2,reject
32502_left_rot270.jpeg,2,reject
9767_right_rot270.jpeg,2,reject
28388_left_rot270.jpeg,2,reject
6254_left_rot90.jpeg,2,reject
17860_left_rot180.jpeg,2,reject
3275_right_rot270.jpeg,2,reject
1051_left_rot90.jpeg,2,reject
2194_left_rot180.jpeg,2,reject
29506_left_rot90.jpeg,2,reject
37957_right_rot90.jpeg,2,reject
4688_right_rot90.jpeg,2,reject
10218_left_rot90.jpeg,2,reject
12979_right_rot270.jpeg,2,reject
39376_left_rot270.jpeg,2,reject
9992_left_rot180.jpeg,2,reject
14939_left_rot270.jpeg,2,reject
30958_left_rot90.jpeg,2,reject
6599_left_rot270.jpeg,2,reject
35637_right_rot90.jpeg,2,reject
22901_left_rot180.jpeg,2,reject
11304_left_rot180.jpeg,2,reject
1751_right_rot270.jpeg,2,reject
9781_left_rot270.jpeg,2,reject
33337_left_rot270.jpeg,2,reject
4178_right_rot180.jpeg,2,reject
24871_left_rot270.jpeg,2,reject
3570_left_rot270.jpeg,2,reject
31465_left_rot270.jpeg,2,reject
38502_left_rot270.jpeg,2,reject
5680_left_rot270.jpeg,2,reject
12629_right_rot180.jpeg,2,reject
10960_left_rot180.jpeg,2,reject
8028_right_rot180.jpeg,2,reject
11519_right_rot270.jpeg,2,reject
26289_right_rot270.jpeg,2,reject
29018_right_rot270.jpeg,2,reject
43698_left_rot180.jpeg,2,reject
17762_right_rot90.jpeg,2,reject
39748_left_rot90.jpeg,2,reject
30723_right_rot180.jpeg,2,reject
44193_left_rot90.jpeg,2,reject
38447_right_rot90.jpeg,2,reject
5430_right_rot90.jpeg,2,reject
28986_left_rot90.jpeg,2,reject
42721_right_rot90.jpeg,2,reject
1313_left_rot270.jpeg,2,reject
21824_left_rot180.jpeg,2,reject
7631_right_rot90.jpeg,2,reject
25077_right_rot90.jpeg,2,reject
25579_left_rot180.jpeg,2,reject
38513_right_rot90.jpeg,2,reject
28607_right_rot90.jpeg,2,reject
35767_right_rot180.jpeg,2,reject
33287_left_rot90.jpeg,2,reject
17221_left_rot270.jpeg,2,reject
30829_left_rot180.jpeg,2,reject
11584_left_rot180.jpeg,2,reject
4583_left_rot270.jpeg,2,reject
40624_left_rot90.jpeg,2,reject
18644_left_rot270.jpeg,2,reject
12654_right_rot270.jpeg,2,reject
11129_right_rot270.jpeg,2,reject
11854_right_rot90.jpeg,2,reject
13022_right_rot90.jpeg,2,reject
10534_left_rot270.jpeg,2,reject
13022_left_rot90.jpeg,2,reject
40864_left_rot270.jpeg,2,reject
35581_left_rot90.jpeg,2,reject
4043_right_rot270.jpeg,2,reject
41988_right_rot90.jpeg,2,reject
10976_left_rot270.jpeg,2,reject
9450_left_rot270.jpeg,2,reject
8799_left_rot270.jpeg,2,reject
31945_left_rot180.jpeg,2,reject
18225_left_rot270.jpeg,2,reject
22542_left_rot90.jpeg,2,reject
30406_left_rot270.jpeg,2,reject
5488_left_rot90.jpeg,2,reject
8744_left_rot270.jpeg,2,reject
4583_right_rot90.jpeg,2,reject
7672_right_rot90.jpeg,2,reject
9608_left_rot180.jpeg,2,reject
940_left_rot180.jpeg,2,reject
15023_left_rot180.jpeg,2,reject
22474_right_rot180.jpeg,2,reject
13431_right_rot90.jpeg,2,reject
9529_right_rot90.jpeg,2,reject
1772_left_rot270.jpeg,2,reject
42772_left_rot180.jpeg,2,reject
19858_right_rot180.jpeg,2,reject
3818_left_rot90.jpeg,2,reject
19811_right_rot180.jpeg,2,reject
32253_right_rot180.jpeg,2,reject
27519_right_rot270.jpeg,2,reject
38668_left_rot180.jpeg,2,reject
16858_left_rot270.jpeg,2,reject
28598_right_rot270.jpeg,2,reject
7061_right_rot270.jpeg,2,reject
31335_right_rot180.jpeg,2,reject
1655_left_rot270.jpeg,2,reject
35690_left_rot90.jpeg,2,reject
34003_right_rot90.jpeg,2,reject
23949_left_rot270.jpeg,2,reject
43397_left_rot270.jpeg,2,reject
6888_left_rot90.jpeg,2,reject
23540_left_rot180.jpeg,2,reject
27466_right_rot270.jpeg,2,reject
1133_left_rot90.jpeg,2,reject
22637_right_rot90.jpeg,2,reject
20985_right_rot270.jpeg,2,reject
35859_left_rot90.jpeg,2,reject
42130_left_rot90.jpeg,2,reject
13458_right_rot270.jpeg,2,reject
5623_left_rot90.jpeg,2,reject
39869_right_rot270.jpeg,2,reject
34395_left_rot180.jpeg,2,reject
9419_left_rot90.jpeg,2,reject
19030_left_rot90.jpeg,2,reject
43342_left_rot90.jpeg,2,reject
37957_right_rot270.jpeg,2,reject
12126_left_rot90.jpeg,2,reject
35374_left_rot180.jpeg,2,reject
15884_left_rot270.jpeg,2,reject
6321_right_rot90.jpeg,2,reject
14129_left_rot270.jpeg,2,reject
10952_right_rot270.jpeg,2,reject
36375_right_rot180.jpeg,2,reject
3967_right_rot180.jpeg,2,reject
5067_left_rot270.jpeg,2,reject
28625_right_rot270.jpeg,2,reject
10014_left_rot90.jpeg,2,reject
16803_left_rot180.jpeg,2,reject
7445_left_rot180.jpeg,2,reject
27581_right_rot90.jpeg,2,reject
35812_left_rot270.jpeg,2,reject
14620_right_rot270.jpeg,2,reject
43867_left_rot180.jpeg,2,reject
24346_right_rot270.jpeg,2,reject
13150_left_rot180.jpeg,2,reject
18502_right_rot90.jpeg,2,reject
34058_left_rot180.jpeg,2,reject
42939_right_rot90.jpeg,2,reject
5295_left_rot270.jpeg,2,reject
1608_left_rot180.jpeg,2,reject
11485_left_rot270.jpeg,2,reject
42285_right_rot270.jpeg,2,reject
38964_left_rot270.jpeg,2,reject
39343_right_rot90.jpeg,2,reject
34470_right_rot90.jpeg,2,reject
8316_left_rot90.jpeg,2,reject
32230_right_rot180.jpeg,2,reject
33576_left_rot270.jpeg,2,reject
12835_left_rot270.jpeg,2,reject
24695_left_rot180.jpeg,2,reject
21965_right_rot270.jpeg,2,reject
1878_right_rot270.jpeg,2,reject
15428_right_rot180.jpeg,2,reject
37197_left_rot180.jpeg,2,reject
5084_left_rot90.jpeg,2,reject
10891_left_rot90.jpeg,2,reject
43631_right_rot180.jpeg,2,reject
41643_right_rot270.jpeg,2,reject
2062_right_rot270.jpeg,2,reject
37064_right_rot180.jpeg,2,reject
111_left_rot180.jpeg,2,reject
6963_right_rot180.jpeg,2,reject
38186_right_rot90.jpeg,2,reject
12356_left_rot270.jpeg,2,reject
29333_left_rot90.jpeg,2,reject
5258_right_rot270.jpeg,2,reject
43382_left_rot180.jpeg,2,reject
39564_left_rot90.jpeg,2,reject
37884_right_rot180.jpeg,2,reject
4887_left_rot270.jpeg,2,reject
38325_left_rot270.jpeg,2,reject
1675_left_rot180.jpeg,2,reject
40178_right_rot90.jpeg,2,reject
32809_right_rot90.jpeg,2,reject
33170_right_rot180.jpeg,2,reject
9783_right_rot180.jpeg,2,reject
20677_left_rot270.jpeg,2,reject
5430_right_rot270.jpeg,2,reject
622_left_rot180.jpeg,2,reject
39451_right_rot180.jpeg,2,reject
14697_right_rot90.jpeg,2,reject
3986_left_rot90.jpeg,2,reject
5623_left_rot180.jpeg,2,reject
29418_left_rot180.jpeg,2,reject
16025_left_rot180.jpeg,2,reject
42804_right_rot90.jpeg,2,reject
35160_right_rot90.jpeg,2,reject
3570_left_rot180.jpeg,2,reject
4416_left_rot180.jpeg,2,reject
13649_right_rot90.jpeg,2,reject
38184_left_rot180.jpeg,2,reject
32320_right_rot270.jpeg,2,reject
28977_left_rot270.jpeg,2,reject
12979_right_rot90.jpeg,2,reject
36378_left_rot90.jpeg,2,reject
25385_right_rot90.jpeg,2,reject
14908_left_rot90.jpeg,2,reject
14856_right_rot270.jpeg,2,reject
13664_left_rot180.jpeg,2,reject
43757_right_rot180.jpeg,2,reject
43387_left_rot180.jpeg,2,reject
21649_left_rot270.jpeg,2,reject
21039_left_rot180.jpeg,2,reject
6228_left_rot90.jpeg,2,reject
21257_left_rot270.jpeg,2,reject
4887_right_rot90.jpeg,2,reject
18922_left_rot270.jpeg,2,reject
16196_left_rot180.jpeg,2,reject
25377_left_rot90.jpeg,2,reject
13584_right_rot180.jpeg,2,reject
22992_right_rot180.jpeg,2,reject
5632_right_rot90.jpeg,2,reject
39365_right_rot90.jpeg,2,reject
6089_left_rot90.jpeg,2,reject
1878_left_rot90.jpeg,2,reject
38155_left_rot270.jpeg,2,reject
6129_left_rot270.jpeg,2,reject
10794_right_rot270.jpeg,2,reject
6512_right_rot180.jpeg,2,reject
18686_right_rot270.jpeg,2,reject
20336_left_rot180.jpeg,2,reject
8677_left_rot180.jpeg,2,reject
1772_left_rot180.jpeg,2,reject
14761_left_rot180.jpeg,2,reject
404_left_rot180.jpeg,2,reject
23831_right_rot90.jpeg,2,reject
3473_left_rot270.jpeg,2,reject
6523_right_rot180.jpeg,2,reject
7597_left_rot180.jpeg,2,reject
3496_left_rot90.jpeg,2,reject
25646_right_rot180.jpeg,2,reject
40341_left_rot90.jpeg,2,reject
19663_right_rot90.jpeg,2,reject
6530_left_rot270.jpeg,2,reject
18325_left_rot90.jpeg,2,reject
28216_right_rot180.jpeg,2,reject
1943_left_rot180.jpeg,2,reject
9979_left_rot180.jpeg,2,reject
34584_right_rot270.jpeg,2,reject
37353_right_rot270.jpeg,2,reject
8181_left_rot90.jpeg,2,reject
18502_right_rot180.jpeg,2,reject
38756_left_rot180.jpeg,2,reject
41561_left_rot90.jpeg,2,reject
22268_right_rot90.jpeg,2,reject
23420_right_rot270.jpeg,2,reject
10874_right_rot180.jpeg,2,reject
5845_right_rot270.jpeg,2,reject
14306_right_rot180.jpeg,2,reject
19749_right_rot180.jpeg,2,reject
6291_left_rot270.jpeg,2,reject
15103_left_rot180.jpeg,2,reject
6759_right_rot90.jpeg,2,reject
10169_left_rot180.jpeg,2,reject
35335_right_rot180.jpeg,2,reject
279_left_rot90.jpeg,2,reject
43921_left_rot90.jpeg,2,reject
7750_left_rot180.jpeg,2,reject
43867_left_rot90.jpeg,2,reject
1933_right_rot180.jpeg,2,reject
1722_right_rot270.jpeg,2,reject
40557_right_rot90.jpeg,2,reject
17912_left_rot90.jpeg,2,reject
18378_left_rot270.jpeg,2,reject
40189_left_rot270.jpeg,2,reject
9311_left_rot270.jpeg,2,reject
38902_left_rot90.jpeg,2,reject
31659_left_rot90.jpeg,2,reject
23957_left_rot90.jpeg,2,reject
36325_left_rot180.jpeg,2,reject
14656_left_rot90.jpeg,2,reject
12329_right_rot90.jpeg,2,reject
5147_left_rot180.jpeg,2,reject
41167_left_rot270.jpeg,2,reject
27103_right_rot180.jpeg,2,reject
30658_right_rot90.jpeg,2,reject
18736_left_rot180.jpeg,2,reject
18440_left_rot180.jpeg,2,reject
172_left_rot180.jpeg,2,reject
40903_right_rot270.jpeg,2,reject
17426_right_rot180.jpeg,2,reject
3838_right_rot180.jpeg,2,reject
12721_right_rot90.jpeg,2,reject
28216_right_rot90.jpeg,2,reject
9608_left_rot270.jpeg,2,reject
23088_right_rot270.jpeg,2,reject
35840_left_rot270.jpeg,2,reject
9311_left_rot180.jpeg,2,reject
28388_left_rot180.jpeg,2,reject
29960_left_rot90.jpeg,2,reject
5702_left_rot180.jpeg,2,reject
1202_right_rot180.jpeg,2,reject
12721_left_rot180.jpeg,2,reject
30413_left_rot90.jpeg,2,reject
40089_right_rot270.jpeg,2,reject
34003_right_rot270.jpeg,2,reject
6089_left_rot180.jpeg,2,reject
26590_left_rot180.jpeg,2,reject
54_right_rot180.jpeg,2,reject
670_left_rot270.jpeg,2,reject
23462_right_rot270.jpeg,2,reject
40213_right_rot270.jpeg,2,reject
33529_left_rot180.jpeg,2,reject
44008_left_rot270.jpeg,2,reject
32311_left_rot90.jpeg,2,reject
40585_left_rot270.jpeg,2,reject
35335_right_rot90.jpeg,2,reject
5185_left_rot270.jpeg,2,reject
13089_right_rot270.jpeg,2,reject
19663_left_rot180.jpeg,2,reject
7853_right_rot180.jpeg,2,reject
8797_left_rot90.jpeg,2,reject
33730_right_rot270.jpeg,2,reject
22716_left_rot180.jpeg,2,reject
11989_right_rot180.jpeg,2,reject
18880_left_rot270.jpeg,2,reject
13584_right_rot90.jpeg,2,reject
19976_left_rot180.jpeg,2,reject
41032_left_rot90.jpeg,2,reject
9608_right_rot180.jpeg,2,reject
25385_right_rot180.jpeg,2,reject
6089_right_rot180.jpeg,2,reject
39676_left_rot90.jpeg,2,reject
35461_right_rot90.jpeg,2,reject
34284_left_rot180.jpeg,2,reject
8425_right_rot90.jpeg,2,reject
13664_right_rot90.jpeg,2,reject
4601_left_rot180.jpeg,2,reject
4314_right_rot90.jpeg,2,reject
26486_right_rot270.jpeg,2,reject
5680_right_rot90.jpeg,2,reject
27369_left_rot180.jpeg,2,reject
14921_right_rot180.jpeg,2,reject
2531_left_rot180.jpeg,2,reject
25146_left_rot90.jpeg,2,reject
32176_right_rot270.jpeg,2,reject
22767_left_rot180.jpeg,2,reject
39365_right_rot180.jpeg,2,reject
8753_right_rot90.jpeg,2,reject
33033_left_rot270.jpeg,2,reject
30391_left_rot90.jpeg,2,reject
33561_left_rot180.jpeg,2,reject
32712_left_rot270.jpeg,2,reject
10343_left_rot90.jpeg,2,reject
3405_left_rot270.jpeg,2,reject
1333_left_rot90.jpeg,2,reject
9278_left_rot90.jpeg,2,reject
12563_left_rot180.jpeg,2,reject
15505_left_rot270.jpeg,2,reject
15527_right_rot270.jpeg,2,reject
3530_right_rot180.jpeg,2,reject
41368_right_rot270.jpeg,2,reject
15023_left_rot90.jpeg,2,reject
26064_left_rot180.jpeg,2,reject
1475_left_rot180.jpeg,2,reject
37197_left_rot270.jpeg,2,reject
19368_right_rot270.jpeg,2,reject
36699_left_rot180.jpeg,2,reject
38149_left_rot270.jpeg,2,reject
19177_left_rot270.jpeg,2,reject
35429_right_rot270.jpeg,2,reject
30607_right_rot180.jpeg,2,reject
25084_left_rot90.jpeg,2,reject
30406_right_rot180.jpeg,2,reject
19749_left_rot270.jpeg,2,reject
9755_right_rot90.jpeg,2,reject
15018_right_rot180.jpeg,2,reject
16882_right_rot270.jpeg,2,reject
18803_right_rot90.jpeg,2,reject
39106_right_rot90.jpeg,2,reject
1722_left_rot180.jpeg,2,reject
6316_left_rot180.jpeg,2,reject
6684_left_rot270.jpeg,2,reject
6759_right_rot270.jpeg,2,reject
22778_left_rot270.jpeg,2,reject
37033_right_rot270.jpeg,2,reject
18853_left_rot90.jpeg,2,reject
43932_left_rot270.jpeg,2,reject
41440_left_rot270.jpeg,2,reject
39632_right_rot180.jpeg,2,reject
12533_left_rot90.jpeg,2,reject
17221_right_rot90.jpeg,2,reject
13588_right_rot90.jpeg,2,reject
39413_left_rot270.jpeg,2,reject
3275_left_rot90.jpeg,2,reject
31335_right_rot90.jpeg,2,reject
30747_left_rot270.jpeg,2,reject
37427_right_rot90.jpeg,2,reject
32943_left_rot90.jpeg,2,reject
42912_right_rot270.jpeg,2,reject
14915_left_rot180.jpeg,2,reject
38502_right_rot90.jpeg,2,reject
10343_left_rot270.jpeg,2,reject
9976_left_rot180.jpeg,2,reject
21297_right_rot270.jpeg,2,reject
34739_left_rot180.jpeg,2,reject
29484_left_rot180.jpeg,2,reject
42106_right_rot90.jpeg,2,reject
22321_right_rot90.jpeg,2,reject
14410_right_rot270.jpeg,2,reject
21460_right_rot90.jpeg,2,reject
25896_left_rot180.jpeg,2,reject
41648_left_rot180.jpeg,2,reject
37813_right_rot180.jpeg,2,reject
43593_left_rot180.jpeg,2,reject
613_right_rot180.jpeg,2,reject
10014_right_rot270.jpeg,2,reject
37064_right_rot90.jpeg,2,reject
33955_right_rot270.jpeg,2,reject
37554_left_rot180.jpeg,2,reject
23814_left_rot180.jpeg,2,reject
26476_left_rot270.jpeg,2,reject
30231_right_rot90.jpeg,2,reject
31816_right_rot270.jpeg,2,reject
34675_right_rot270.jpeg,2,reject
22716_right_rot270.jpeg,2,reject
10853_right_rot270.jpeg,2,reject
10874_left_rot90.jpeg,2,reject
43631_left_rot270.jpeg,2,reject
17689_right_rot270.jpeg,2,reject
13299_left_rot180.jpeg,2,reject
28977_left_rot180.jpeg,2,reject
23284_right_rot270.jpeg,2,reject
41167_left_rot180.jpeg,2,reject
10996_left_rot90.jpeg,2,reject
2117_left_rot270.jpeg,2,reject
18487_right_rot180.jpeg,2,reject
34470_right_rot180.jpeg,2,reject
26402_right_rot270.jpeg,2,reject
24916_left_rot90.jpeg,2,reject
6788_left_rot90.jpeg,2,reject
16882_right_rot90.jpeg,2,reject
18786_left_rot270.jpeg,2,reject
1986_left_rot270.jpeg,2,reject
38447_left_rot180.jpeg,2,reject
19177_left_rot180.jpeg,2,reject
40484_left_rot90.jpeg,2,reject
41368_right_rot180.jpeg,2,reject
15699_right_rot90.jpeg,2,reject
40994_right_rot90.jpeg,2,reject
40405_left_rot90.jpeg,2,reject
13811_right_rot90.jpeg,2,reject
43688_left_rot180.jpeg,2,reject
29301_right_rot90.jpeg,2,reject
28625_right_rot90.jpeg,2,reject
5960_right_rot270.jpeg,2,reject
28984_right_rot90.jpeg,2,reject
14353_left_rot270.jpeg,2,reject
29762_left_rot180.jpeg,2,reject
33741_left_rot90.jpeg,2,reject
43892_right_rot180.jpeg,2,reject
43752_left_rot180.jpeg,2,reject
3570_right_rot90.jpeg,2,reject
30984_left_rot270.jpeg,2,reject
11326_right_rot270.jpeg,2,reject
26366_left_rot90.jpeg,2,reject
3429_left_rot270.jpeg,2,reject
43214_right_rot180.jpeg,2,reject
15060_left_rot270.jpeg,2,reject
30747_right_rot180.jpeg,2,reject
29823_left_rot180.jpeg,2,reject
15387_right_rot180.jpeg,2,reject
19347_left_rot90.jpeg,2,reject
1228_left_rot90.jpeg,2,reject
30607_right_rot270.jpeg,2,reject
21460_right_rot180.jpeg,2,reject
28044_right_rot270.jpeg,2,reject
36505_right_rot270.jpeg,2,reject
35046_left_rot180.jpeg,2,reject
4568_left_rot90.jpeg,2,reject
34256_left_rot180.jpeg,2,reject
19512_left_rot90.jpeg,2,reject
31986_left_rot90.jpeg,2,reject
30977_left_rot90.jpeg,2,reject
39044_left_rot180.jpeg,2,reject
25007_left_rot90.jpeg,2,reject
9353_right_rot270.jpeg,2,reject
24368_left_rot180.jpeg,2,reject
5750_left_rot90.jpeg,2,reject
38811_left_rot90.jpeg,2,reject
26580_left_rot270.jpeg,2,reject
9755_right_rot180.jpeg,2,reject
26962_left_rot90.jpeg,2,reject
29784_left_rot180.jpeg,2,reject
9134_right_rot90.jpeg,2,reject
22556_right_rot180.jpeg,2,reject
27481_right_rot270.jpeg,2,reject
36640_left_rot90.jpeg,2,reject
17054_right_rot90.jpeg,2,reject
44148_left_rot90.jpeg,2,reject
3933_left_rot90.jpeg,2,reject
40662_right_rot270.jpeg,2,reject
13328_right_rot90.jpeg,2,reject
27081_right_rot180.jpeg,2,reject
19749_left_rot180.jpeg,2,reject
15732_left_rot270.jpeg,2,reject
4821_left_rot90.jpeg,2,reject
24795_right_rot270.jpeg,2,reject
6424_left_rot90.jpeg,2,reject
5258_left_rot90.jpeg,2,reject
39984_left_rot180.jpeg,2,reject
35766_right_rot180.jpeg,2,reject
23692_left_rot270.jpeg,2,reject
34043_right_rot270.jpeg,2,reject
38907_right_rot90.jpeg,2,reject
5295_right_rot180.jpeg,2,reject
1933_left_rot180.jpeg,2,reject
20180_right_rot180.jpeg,2,reject
1123_right_rot90.jpeg,2,reject
374_right_rot270.jpeg,2,reject
30990_right_rot270.jpeg,2,reject
41643_right_rot90.jpeg,2,reject
18736_left_rot270.jpeg,2,reject
40643_left_rot270.jpeg,2,reject
33589_left_rot180.jpeg,2,reject
6371_left_rot270.jpeg,2,reject
38823_left_rot270.jpeg,2,reject
38756_left_rot270.jpeg,2,reject
18001_right_rot180.jpeg,2,reject
21869_left_rot270.jpeg,2,reject
32742_left_rot90.jpeg,2,reject
35334_left_rot270.jpeg,2,reject
1351_left_rot270.jpeg,2,reject
41031_right_rot270.jpeg,2,reject
13955_right_rot90.jpeg,2,reject
42237_left_rot270.jpeg,2,reject
35840_left_rot180.jpeg,2,reject
5071_left_rot90.jpeg,2,reject
13673_right_rot270.jpeg,2,reject
5632_left_rot90.jpeg,2,reject
34675_right_rot180.jpeg,2,reject
25385_left_rot90.jpeg,2,reject
20428_left_rot90.jpeg,2,reject
4086_right_rot90.jpeg,2,reject
7825_left_rot90.jpeg,2,reject
18021_left_rot90.jpeg,2,reject
75_right_rot90.jpeg,2,reject
8962_left_rot180.jpeg,2,reject
36852_left_rot270.jpeg,2,reject
8583_left_rot90.jpeg,2,reject
3554_right_rot180.jpeg,2,reject
23532_right_rot90.jpeg,2,reject
39044_left_rot90.jpeg,2,reject
18562_left_rot180.jpeg,2,reject
42440_left_rot270.jpeg,2,reject
18436_right_rot270.jpeg,2,reject
35767_right_rot90.jpeg,2,reject
159_right_rot270.jpeg,2,reject
14597_right_rot270.jpeg,2,reject
2521_left_rot270.jpeg,2,reject
13458_right_rot90.jpeg,2,reject
12955_left_rot90.jpeg,2,reject
1722_left_rot90.jpeg,2,reject
19937_right_rot90.jpeg,2,reject
9878_left_rot180.jpeg,2,reject
8962_left_rot270.jpeg,2,reject
5680_right_rot270.jpeg,2,reject
10553_right_rot90.jpeg,2,reject
43892_right_rot90.jpeg,2,reject
38323_right_rot90.jpeg,2,reject
6219_left_rot180.jpeg,2,reject
8363_right_rot180.jpeg,2,reject
30958_left_rot180.jpeg,2,reject
2139_right_rot90.jpeg,2,reject
12256_right_rot180.jpeg,2,reject
4933_right_rot90.jpeg,2,reject
33292_right_rot180.jpeg,2,reject
29956_left_rot90.jpeg,2,reject
40959_right_rot270.jpeg,2,reject
6015_right_rot180.jpeg,2,reject
33768_right_rot90.jpeg,2,reject
18267_left_rot270.jpeg,2,reject
5196_left_rot180.jpeg,2,reject
43110_left_rot90.jpeg,2,reject
13875_left_rot270.jpeg,2,reject
17658_right_rot180.jpeg,2,reject
38325_right_rot180.jpeg,2,reject
16279_left_rot90.jpeg,2,reject
28185_left_rot90.jpeg,2,reject
41031_left_rot270.jpeg,2,reject
1744_left_rot180.jpeg,2,reject
31411_left_rot270.jpeg,2,reject
15505_left_rot90.jpeg,2,reject
40259_left_rot270.jpeg,2,reject
10489_left_rot180.jpeg,2,reject
24437_left_rot270.jpeg,2,reject
3212_left_rot90.jpeg,2,reject
36824_left_rot270.jpeg,2,reject
20960_right_rot90.jpeg,2,reject
27644_right_rot90.jpeg,2,reject
40698_right_rot180.jpeg,2,reject
35335_right_rot270.jpeg,2,reject
12835_left_rot90.jpeg,2,reject
37608_right_rot180.jpeg,2,reject
17457_right_rot180.jpeg,2,reject
23141_left_rot270.jpeg,2,reject
35779_right_rot90.jpeg,2,reject
13407_left_rot270.jpeg,2,reject
7853_right_rot90.jpeg,2,reject
22542_left_rot180.jpeg,2,reject
6014_right_rot90.jpeg,2,reject
15699_right_rot270.jpeg,2,reject
15964_right_rot270.jpeg,2,reject
31418_right_rot270.jpeg,2,reject
30678_right_rot180.jpeg,2,reject
39395_left_rot180.jpeg,2,reject
27581_right_rot180.jpeg,2,reject
8797_left_rot180.jpeg,2,reject
10634_left_rot270.jpeg,2,reject
14915_right_rot180.jpeg,2,reject
12985_left_rot180.jpeg,2,reject
14410_right_rot90.jpeg,2,reject
679_right_rot180.jpeg,2,reject
2016_right_rot90.jpeg,2,reject
4526_right_rot270.jpeg,2,reject
8470_left_rot270.jpeg,2,reject
27466_right_rot180.jpeg,2,reject
43452_right_rot90.jpeg,2,reject
10124_left_rot270.jpeg,2,reject
36367_left_rot270.jpeg,2,reject
40727_left_rot90.jpeg,2,reject
37813_right_rot270.jpeg,2,reject
13692_right_rot180.jpeg,2,reject
6096_right_rot180.jpeg,2,reject
24159_right_rot270.jpeg,2,reject
9529_right_rot180.jpeg,2,reject
23532_right_rot270.jpeg,2,reject
11971_left_rot180.jpeg,2,reject
6833_left_rot270.jpeg,2,reject
13395_left_rot90.jpeg,2,reject
7073_left_rot180.jpeg,2,reject
12168_left_rot90.jpeg,2,reject
16622_left_rot180.jpeg,2,reject
27550_right_rot180.jpeg,2,reject
10464_left_rot90.jpeg,2,reject
37148_left_rot90.jpeg,2,reject
38325_right_rot90.jpeg,2,reject
30413_left_rot270.jpeg,2,reject
34003_right_rot180.jpeg,2,reject
36754_left_rot270.jpeg,2,reject
27194_left_rot270.jpeg,2,reject
3750_left_rot90.jpeg,2,reject
24773_left_rot180.jpeg,2,reject
27381_left_rot270.jpeg,2,reject
13387_left_rot90.jpeg,2,reject
33132_left_rot180.jpeg,2,reject
12629_right_rot270.jpeg,2,reject
22023_left_rot180.jpeg,2,reject
26486_right_rot180.jpeg,2,reject
19663_right_rot180.jpeg,2,reject
23779_right_rot90.jpeg,2,reject
43153_right_rot270.jpeg,2,reject
14597_left_rot180.jpeg,2,reject
30155_left_rot90.jpeg,2,reject
41349_left_rot180.jpeg,2,reject
25251_right_rot270.jpeg,2,reject
1480_left_rot270.jpeg,2,reject
42429_right_rot270.jpeg,2,reject
10131_right_rot90.jpeg,2,reject
36453_left_rot90.jpeg,2,reject
1289_left_rot180.jpeg,2,reject
14384_right_rot90.jpeg,2,reject
7318_right_rot90.jpeg,2,reject
44088_left_rot90.jpeg,2,reject
37033_right_rot90.jpeg,2,reject
42042_right_rot90.jpeg,2,reject
31554_left_rot90.jpeg,2,reject
31174_left_rot270.jpeg,2,reject
39530_right_rot180.jpeg,2,reject
26509_right_rot180.jpeg,2,reject
10334_left_rot270.jpeg,2,reject
35334_right_rot90.jpeg,2,reject
37204_right_rot90.jpeg,2,reject
32798_left_rot90.jpeg,2,reject
32600_left_rot270.jpeg,2,reject
26541_left_rot90.jpeg,2,reject
4593_left_rot180.jpeg,2,reject
4197_left_rot90.jpeg,2,reject
30726_right_rot90.jpeg,2,reject
24036_right_rot90.jpeg,2,reject
36505_right_rot180.jpeg,2,reject
24558_right_rot270.jpeg,2,reject
26863_right_rot180.jpeg,2,reject
31994_left_rot270.jpeg,2,reject
11464_left_rot90.jpeg,2,reject
4178_left_rot90.jpeg,2,reject
1741_left_rot270.jpeg,2,reject
5067_right_rot90.jpeg,2,reject
26486_left_rot90.jpeg,2,reject
34078_right_rot90.jpeg,2,reject
1480_left_rot180.jpeg,2,reject
26476_left_rot90.jpeg,2,reject
38823_left_rot180.jpeg,2,reject
39134_right_rot180.jpeg,2,reject
986_left_rot270.jpeg,2,reject
5632_right_rot270.jpeg,2,reject
8181_right_rot90.jpeg,2,reject
36793_left_rot180.jpeg,2,reject
5632_right_rot180.jpeg,2,reject
375_right_rot90.jpeg,2,reject
35601_right_rot270.jpeg,2,reject
24980_right_rot180.jpeg,2,reject
13417_left_rot90.jpeg,2,reject
3496_left_rot270.jpeg,2,reject
19937_left_rot180.jpeg,2,reject
22942_left_rot90.jpeg,2,reject
37617_left_rot180.jpeg,2,reject
6544_left_rot90.jpeg,2,reject
36981_right_rot90.jpeg,2,reject
30591_right_rot270.jpeg,2,reject
15993_right_rot270.jpeg,2,reject
622_left_rot270.jpeg,2,reject
32469_left_rot90.jpeg,2,reject
37215_right_rot180.jpeg,2,reject
20316_right_rot90.jpeg,2,reject
8498_left_rot90.jpeg,2,reject
30112_right_rot90.jpeg,2,reject
32352_left_rot270.jpeg,2,reject
12799_left_rot270.jpeg,2,reject
12419_right_rot270.jpeg,2,reject
40323_right_rot90.jpeg,2,reject
24203_right_rot90.jpeg,2,reject
4443_left_rot180.jpeg,2,reject
39169_left_rot270.jpeg,2,reject
1348_left_rot270.jpeg,2,reject
43342_right_rot90.jpeg,2,reject
21225_right_rot90.jpeg,2,reject
2180_left_rot90.jpeg,2,reject
14935_left_rot270.jpeg,2,reject
28356_left_rot270.jpeg,2,reject
44030_left_rot180.jpeg,2,reject
3062_right_rot270.jpeg,2,reject
25832_right_rot270.jpeg,2,reject
22716_right_rot90.jpeg,2,reject
35808_left_rot90.jpeg,2,reject
42356_left_rot180.jpeg,2,reject
40089_left_rot90.jpeg,2,reject
36505_left_rot90.jpeg,2,reject
29960_left_rot270.jpeg,2,reject
12861_left_rot90.jpeg,2,reject
3326_left_rot270.jpeg,2,reject
32689_left_rot90.jpeg,2,reject
37117_left_rot90.jpeg,2,reject
13328_right_rot180.jpeg,2,reject
24772_right_rot90.jpeg,2,reject
8971_left_rot270.jpeg,2,reject
43710_right_rot270.jpeg,2,reject
34609_right_rot90.jpeg,2,reject
1202_right_rot270.jpeg,2,reject
5250_left_rot180.jpeg,2,reject
15828_right_rot270.jpeg,2,reject
7750_left_rot90.jpeg,2,reject
33258_left_rot180.jpeg,2,reject
3220_right_rot270.jpeg,2,reject
15954_left_rot90.jpeg,2,reject
6228_left_rot270.jpeg,2,reject
37197_right_rot180.jpeg,2,reject
12721_left_rot90.jpeg,2,reject
10230_right_rot270.jpeg,2,reject
39999_right_rot180.jpeg,2,reject
13395_left_rot270.jpeg,2,reject
44008_left_rot180.jpeg,2,reject
30997_left_rot90.jpeg,2,reject
33711_right_rot180.jpeg,2,reject
33955_right_rot180.jpeg,2,reject
27395_left_rot270.jpeg,2,reject
14450_right_rot90.jpeg,2,reject
32551_left_rot180.jpeg,2,reject
37289_left_rot270.jpeg,2,reject
43033_right_rot180.jpeg,2,reject
29762_right_rot270.jpeg,2,reject
7582_left_rot270.jpeg,2,reject
36933_right_rot180.jpeg,2,reject
36416_right_rot90.jpeg,2,reject
26741_left_rot90.jpeg,2,reject
18350_left_rot270.jpeg,2,reject
7383_right_rot180.jpeg,2,reject
18819_right_rot180.jpeg,2,reject
21640_left_rot180.jpeg,2,reject
20985_right_rot90.jpeg,2,reject
23433_right_rot180.jpeg,2,reject
33974_right_rot90.jpeg,2,reject
3812_left_rot180.jpeg,2,reject
3562_left_rot180.jpeg,2,reject
29141_left_rot180.jpeg,2,reject
21297_left_rot180.jpeg,2,reject
5791_right_rot90.jpeg,2,reject
20554_left_rot180.jpeg,2,reject
9450_left_rot90.jpeg,2,reject
7083_left_rot180.jpeg,2,reject
15993_right_rot90.jpeg,2,reject
21373_right_rot180.jpeg,2,reject
26113_right_rot270.jpeg,2,reject
10043_right_rot180.jpeg,2,reject
41198_right_rot270.jpeg,2,reject
11734_left_rot180.jpeg,2,reject
41342_left_rot180.jpeg,2,reject
29621_left_rot180.jpeg,2,reject
17411_right_rot90.jpeg,2,reject
1330_left_rot90.jpeg,2,reject
958_left_rot270.jpeg,2,reject
30997_left_rot180.jpeg,2,reject
7378_left_rot180.jpeg,2,reject
6785_left_rot180.jpeg,2,reject
29938_right_rot180.jpeg,2,reject
20570_left_rot270.jpeg,2,reject
12157_left_rot270.jpeg,2,reject
9448_left_rot270.jpeg,2,reject
42119_right_rot180.jpeg,2,reject
42896_left_rot180.jpeg,2,reject
39983_left_rot270.jpeg,2,reject
40089_right_rot90.jpeg,2,reject
14842_left_rot180.jpeg,2,reject
13627_right_rot270.jpeg,2,reject
40323_left_rot90.jpeg,2,reject
23433_right_rot270.jpeg,2,reject
39451_right_rot270.jpeg,2,reject
35840_right_rot180.jpeg,2,reject
28927_right_rot270.jpeg,2,reject
8302_right_rot90.jpeg,2,reject
5004_left_rot90.jpeg,2,reject
20469_right_rot180.jpeg,2,reject
9942_left_rot90.jpeg,2,reject
4583_right_rot270.jpeg,2,reject
21883_left_rot180.jpeg,2,reject
24695_right_rot90.jpeg,2,reject
9346_left_rot270.jpeg,2,reject
3986_right_rot180.jpeg,2,reject
20180_left_rot90.jpeg,2,reject
24657_left_rot90.jpeg,2,reject
5156_left_rot180.jpeg,2,reject
33655_right_rot90.jpeg,2,reject
11326_right_rot180.jpeg,2,reject
7214_right_rot270.jpeg,2,reject
43584_left_rot90.jpeg,2,reject
5488_left_rot270.jpeg,2,reject
23444_right_rot180.jpeg,2,reject
27414_left_rot270.jpeg,2,reject
24903_left_rot270.jpeg,2,reject
1741_left_rot90.jpeg,2,reject
26300_left_rot90.jpeg,2,reject
30970_right_rot90.jpeg,2,reject
37289_left_rot180.jpeg,2,reject
13786_left_rot90.jpeg,2,reject
24780_right_rot180.jpeg,2,reject
23141_right_rot90.jpeg,2,reject
13635_left_rot270.jpeg,2,reject
642_left_rot180.jpeg,2,reject
7672_right_rot270.jpeg,2,reject
3220_left_rot90.jpeg,2,reject
990_right_rot270.jpeg,2,reject
14306_right_rot270.jpeg,2,reject
43062_right_rot90.jpeg,2,reject
16899_right_rot180.jpeg,2,reject
18819_left_rot180.jpeg,2,reject
8740_left_rot180.jpeg,2,reject
40727_left_rot270.jpeg,2,reject
4674_right_rot270.jpeg,2,reject
21511_right_rot270.jpeg,2,reject
8116_right_rot270.jpeg,2,reject
24159_left_rot270.jpeg,2,reject
2194_left_rot90.jpeg,2,reject
3851_right_rot90.jpeg,2,reject
43187_right_rot90.jpeg,2,reject
8799_right_rot90.jpeg,2,reject
43757_right_rot90.jpeg,2,reject
1407_left_rot270.jpeg,2,reject
25181_left_rot270.jpeg,2,reject
27414_right_rot90.jpeg,2,reject
5728_right_rot180.jpeg,2,reject
37773_left_rot180.jpeg,2,reject
679_left_rot90.jpeg,2,reject
20336_left_rot90.jpeg,2,reject
31659_right_rot180.jpeg,2,reject
10553_right_rot270.jpeg,2,reject
21834_right_rot180.jpeg,2,reject
5128_left_rot90.jpeg,2,reject
6311_left_rot270.jpeg,2,reject
184_left_rot90.jpeg,2,reject
27413_left_rot270.jpeg,2,reject
28268_right_rot90.jpeg,2,reject
10124_right_rot180.jpeg,2,reject
40183_left_rot90.jpeg,2,reject
1936_left_rot270.jpeg,2,reject
184_left_rot270.jpeg,2,reject
4601_right_rot90.jpeg,2,reject
27271_left_rot180.jpeg,2,reject
5816_left_rot180.jpeg,2,reject
40624_left_rot180.jpeg,2,reject
4941_right_rot90.jpeg,2,reject
16937_left_rot270.jpeg,2,reject
17221_right_rot180.jpeg,2,reject
17038_left_rot270.jpeg,2,reject
16366_right_rot270.jpeg,2,reject
12157_left_rot180.jpeg,2,reject
34601_right_rot90.jpeg,2,reject
39365_right_rot270.jpeg,2,reject
41412_left_rot180.jpeg,2,reject
30149_right_rot270.jpeg,2,reject
41430_left_rot90.jpeg,2,reject
19467_left_rot270.jpeg,2,reject
25626_left_rot180.jpeg,2,reject
10503_left_rot90.jpeg,2,reject
13089_right_rot90.jpeg,2,reject
18736_left_rot90.jpeg,2,reject
30675_left_rot90.jpeg,2,reject
17205_right_rot90.jpeg,2,reject
32637_left_rot270.jpeg,2,reject
36981_left_rot270.jpeg,2,reject
43074_left_rot90.jpeg,2,reject
39284_left_rot180.jpeg,2,reject
33974_left_rot90.jpeg,2,reject
32734_left_rot90.jpeg,2,reject
28927_right_rot180.jpeg,2,reject
27979_left_rot270.jpeg,2,reject
7938_left_rot270.jpeg,2,reject
37824_right_rot270.jpeg,2,reject
13392_right_rot90.jpeg,2,reject
6823_right_rot270.jpeg,2,reject
43921_left_rot180.jpeg,2,reject
25896_right_rot90.jpeg,2,reject
31857_left_rot270.jpeg,2,reject
12985_left_rot270.jpeg,2,reject
38274_right_rot180.jpeg,2,reject
14856_right_rot180.jpeg,2,reject
15505_left_rot180.jpeg,2,reject
8753_right_rot180.jpeg,2,reject
9404_left_rot90.jpeg,2,reject
9133_left_rot180.jpeg,2,reject
7741_right_rot90.jpeg,2,reject
2664_right_rot270.jpeg,2,reject
1833_left_rot270.jpeg,2,reject
17317_left_rot90.jpeg,2,reject
33319_right_rot90.jpeg,2,reject
39133_right_rot270.jpeg,2,reject
21345_left_rot180.jpeg,2,reject
24695_right_rot270.jpeg,2,reject
22026_left_rot270.jpeg,2,reject
15428_right_rot270.jpeg,2,reject
27926_right_rot180.jpeg,2,reject
40876_right_rot270.jpeg,2,reject
6089_left_rot270.jpeg,2,reject
9979_right_rot180.jpeg,2,reject
36903_right_rot180.jpeg,2,reject
36903_right_rot90.jpeg,2,reject
43948_right_rot180.jpeg,2,reject
8650_right_rot270.jpeg,2,reject
16499_right_rot180.jpeg,2,reject
42082_left_rot90.jpeg,2,reject
7075_left_rot90.jpeg,2,reject
14013_left_rot90.jpeg,2,reject
11854_right_rot180.jpeg,2,reject
37824_right_rot180.jpeg,2,reject
40650_right_rot90.jpeg,2,reject
44030_left_rot270.jpeg,2,reject
2610_left_rot180.jpeg,2,reject
37244_right_rot90.jpeg,2,reject
16777_right_rot270.jpeg,2,reject
31931_right_rot270.jpeg,2,reject
10427_left_rot90.jpeg,2,reject
29127_left_rot90.jpeg,2,reject
13192_left_rot270.jpeg,2,reject
40089_left_rot180.jpeg,2,reject
40847_left_rot90.jpeg,2,reject
30997_left_rot270.jpeg,2,reject
6523_left_rot90.jpeg,2,reject
4674_left_rot270.jpeg,2,reject
28986_left_rot270.jpeg,2,reject
25937_right_rot270.jpeg,2,reject
17876_right_rot180.jpeg,2,reject
34836_right_rot270.jpeg,2,reject
20452_left_rot90.jpeg,2,reject
31647_left_rot180.jpeg,2,reject
38939_left_rot180.jpeg,2,reject
21678_left_rot270.jpeg,2,reject
13395_left_rot180.jpeg,2,reject
30725_left_rot270.jpeg,2,reject
26828_right_rot90.jpeg,2,reject
15828_right_rot90.jpeg,2,reject
39365_left_rot270.jpeg,2,reject
3469_left_rot180.jpeg,2,reject
11228_left_rot270.jpeg,2,reject
15222_left_rot180.jpeg,2,reject
33529_right_rot90.jpeg,2,reject
20273_left_rot90.jpeg,2,reject
32149_left_rot270.jpeg,2,reject
13276_left_rot180.jpeg,2,reject
8912_right_rot270.jpeg,2,reject
36461_right_rot270.jpeg,2,reject
2947_left_rot270.jpeg,2,reject
31931_right_rot180.jpeg,2,reject
16753_left_rot180.jpeg,2,reject
16633_right_rot90.jpeg,2,reject
29182_right_rot90.jpeg,2,reject
43187_right_rot180.jpeg,2,reject
17139_right_rot90.jpeg,2,reject
9804_left_rot270.jpeg,2,reject
29840_left_rot180.jpeg,2,reject
27395_left_rot90.jpeg,2,reject
33119_right_rot180.jpeg,2,reject
18378_left_rot90.jpeg,2,reject
36467_right_rot180.jpeg,2,reject
25651_right_rot270.jpeg,2,reject
3530_right_rot90.jpeg,2,reject
34470_left_rot90.jpeg,2,reject
15506_left_rot180.jpeg,2,reject
1052_left_rot90.jpeg,2,reject
6053_left_rot90.jpeg,2,reject
32089_left_rot270.jpeg,2,reject
40513_left_rot180.jpeg,2,reject
3365_right_rot90.jpeg,2,reject
28789_right_rot180.jpeg,2,reject
39106_right_rot270.jpeg,2,reject
30747_right_rot270.jpeg,2,reject
42130_left_rot180.jpeg,2,reject
279_left_rot180.jpeg,2,reject
159_right_rot90.jpeg,2,reject
40440_right_rot90.jpeg,2,reject
39757_right_rot180.jpeg,2,reject
1833_left_rot180.jpeg,2,reject
32417_left_rot270.jpeg,2,reject
39354_right_rot270.jpeg,2,reject
12937_left_rot270.jpeg,2,reject
38721_right_rot270.jpeg,2,reject
20799_left_rot270.jpeg,2,reject
16196_left_rot90.jpeg,2,reject
23724_left_rot90.jpeg,2,reject
32541_left_rot180.jpeg,2,reject
3621_left_rot270.jpeg,2,reject
39465_right_rot180.jpeg,2,reject
23011_left_rot180.jpeg,2,reject
16418_left_rot90.jpeg,2,reject
40119_left_rot90.jpeg,2,reject
2554_right_rot270.jpeg,2,reject
21225_right_rot180.jpeg,2,reject
8662_left_rot90.jpeg,2,reject
404_left_rot90.jpeg,2,reject
8619_left_rot180.jpeg,2,reject
25308_right_rot270.jpeg,2,reject
694_right_rot270.jpeg,2,reject
27381_left_rot90.jpeg,2,reject
7741_left_rot270.jpeg,2,reject
30591_left_rot180.jpeg,2,reject
16862_left_rot270.jpeg,2,reject
4237_right_rot90.jpeg,2,reject
23997_right_rot270.jpeg,2,reject
36510_left_rot180.jpeg,2,reject
743_right_rot270.jpeg,2,reject
39676_left_rot180.jpeg,2,reject
35297_right_rot270.jpeg,2,reject
18450_right_rot270.jpeg,2,reject
22474_right_rot90.jpeg,2,reject
16499_right_rot270.jpeg,2,reject
7214_right_rot90.jpeg,2,reject
24780_left_rot90.jpeg,2,reject
15527_right_rot90.jpeg,2,reject
34954_right_rot90.jpeg,2,reject
25360_left_rot90.jpeg,2,reject
5702_right_rot270.jpeg,2,reject
3062_left_rot180.jpeg,2,reject
22637_right_rot270.jpeg,2,reject
4559_left_rot90.jpeg,2,reject
37204_right_rot180.jpeg,2,reject
14877_left_rot90.jpeg,2,reject
30948_left_rot180.jpeg,2,reject
4434_right_rot90.jpeg,2,reject
15828_right_rot180.jpeg,2,reject
34078_right_rot180.jpeg,2,reject
43369_right_rot180.jpeg,2,reject
27339_left_rot270.jpeg,2,reject
30646_left_rot90.jpeg,2,reject
14013_left_rot180.jpeg,2,reject
13692_right_rot90.jpeg,2,reject
36378_left_rot180.jpeg,2,reject
36505_left_rot180.jpeg,2,reject
37244_right_rot270.jpeg,2,reject
32726_left_rot270.jpeg,2,reject
43203_right_rot180.jpeg,2,reject
16658_left_rot270.jpeg,2,reject
10255_right_rot180.jpeg,2,reject
38811_right_rot90.jpeg,2,reject
6613_right_rot90.jpeg,2,reject
734_left_rot180.jpeg,2,reject
9205_right_rot270.jpeg,2,reject
4216_left_rot270.jpeg,2,reject
40643_left_rot180.jpeg,2,reject
43589_right_rot270.jpeg,2,reject
5071_left_rot180.jpeg,2,reject
18293_left_rot270.jpeg,2,reject
20428_left_rot180.jpeg,2,reject
6014_left_rot180.jpeg,2,reject
39106_left_rot90.jpeg,2,reject
12320_left_rot180.jpeg,2,reject
11854_right_rot270.jpeg,2,reject
3554_right_rot90.jpeg,2,reject
31965_left_rot180.jpeg,2,reject
41205_right_rot90.jpeg,2,reject
34470_right_rot270.jpeg,2,reject
14581_left_rot270.jpeg,2,reject
2204_left_rot90.jpeg,2,reject
38184_left_rot270.jpeg,2,reject
13499_left_rot90.jpeg,2,reject
6116_left_rot180.jpeg,2,reject
41055_left_rot90.jpeg,2,reject
43867_right_rot270.jpeg,2,reject
32600_left_rot90.jpeg,2,reject
36576_right_rot90.jpeg,2,reject
5441_left_rot90.jpeg,2,reject
30912_left_rot180.jpeg,2,reject
9759_left_rot270.jpeg,2,reject
12866_right_rot180.jpeg,2,reject
8302_right_rot270.jpeg,2,reject
9942_right_rot180.jpeg,2,reject
32417_left_rot180.jpeg,2,reject
8263_left_rot90.jpeg,2,reject
43612_left_rot90.jpeg,2,reject
38856_left_rot270.jpeg,2,reject
3621_right_rot180.jpeg,2,reject
35160_left_rot180.jpeg,2,reject
42356_right_rot180.jpeg,2,reject
6666_left_rot180.jpeg,2,reject
24871_right_rot90.jpeg,2,reject
32230_right_rot90.jpeg,2,reject
36824_left_rot180.jpeg,2,reject
25780_left_rot90.jpeg,2,reject
40557_right_rot270.jpeg,2,reject
8650_right_rot90.jpeg,2,reject
19467_left_rot180.jpeg,2,reject
7378_left_rot90.jpeg,2,reject
40285_left_rot90.jpeg,2,reject
9976_left_rot90.jpeg,2,reject
15590_right_rot90.jpeg,2,reject
3029_left_rot90.jpeg,2,reject
24780_left_rot180.jpeg,2,reject
9538_left_rot180.jpeg,2,reject
29430_right_rot90.jpeg,2,reject
16369_left_rot270.jpeg,2,reject
39395_left_rot90.jpeg,2,reject
8662_left_rot180.jpeg,2,reject
21883_left_rot90.jpeg,2,reject
6299_left_rot180.jpeg,2,reject
26366_left_rot270.jpeg,2,reject
22778_right_rot180.jpeg,2,reject
11734_left_rot90.jpeg,2,reject
26270_right_rot270.jpeg,2,reject
20271_left_rot270.jpeg,2,reject
42122_right_rot90.jpeg,2,reject
24736_left_rot180.jpeg,2,reject
7582_left_rot180.jpeg,2,reject
9353_left_rot270.jpeg,2,reject
35334_left_rot90.jpeg,2,reject
18267_left_rot90.jpeg,2,reject
5541_left_rot180.jpeg,2,reject
8434_left_rot90.jpeg,2,reject
36024_left_rot90.jpeg,2,reject
35955_left_rot90.jpeg,2,reject
679_right_rot270.jpeg,2,reject
12992_left_rot180.jpeg,2,reject
41440_left_rot180.jpeg,2,reject
35655_right_rot270.jpeg,2,reject
4314_right_rot270.jpeg,2,reject
41988_right_rot180.jpeg,2,reject
17092_right_rot90.jpeg,2,reject
2065_left_rot90.jpeg,2,reject
16803_left_rot270.jpeg,2,reject
37617_right_rot270.jpeg,2,reject
8681_right_rot90.jpeg,2,reject
17426_right_rot90.jpeg,2,reject
3525_left_rot180.jpeg,2,reject
40679_left_rot90.jpeg,2,reject
18474_right_rot90.jpeg,2,reject
38796_left_rot90.jpeg,2,reject
43576_left_rot90.jpeg,2,reject
642_left_rot270.jpeg,2,reject
8527_right_rot90.jpeg,2,reject
38307_right_rot270.jpeg,2,reject
6141_left_rot180.jpeg,2,reject
43203_right_rot90.jpeg,2,reject
2668_right_rot90.jpeg,2,reject
42213_left_rot180.jpeg,2,reject
30899_right_rot180.jpeg,2,reject
36375_right_rot90.jpeg,2,reject
32550_right_rot180.jpeg,2,reject
44175_left_rot90.jpeg,2,reject
16038_left_rot180.jpeg,2,reject
36467_left_rot90.jpeg,2,reject
3554_right_rot270.jpeg,2,reject
10844_right_rot270.jpeg,2,reject
32749_right_rot270.jpeg,2,reject
39583_left_rot90.jpeg,2,reject
8425_right_rot270.jpeg,2,reject
19749_right_rot90.jpeg,2,reject
11050_left_rot270.jpeg,2,reject
24159_left_rot180.jpeg,2,reject
43594_left_rot90.jpeg,2,reject
2881_right_rot270.jpeg,2,reject
33655_left_rot180.jpeg,2,reject
2140_left_rot90.jpeg,2,reject
27550_right_rot270.jpeg,2,reject
38404_left_rot180.jpeg,2,reject
40947_right_rot180.jpeg,2,reject
44088_right_rot90.jpeg,2,reject
5410_right_rot90.jpeg,2,reject
9116_right_rot270.jpeg,2,reject
36375_left_rot180.jpeg,2,reject
16366_right_rot180.jpeg,2,reject
17038_left_rot180.jpeg,2,reject
16890_left_rot180.jpeg,2,reject
30723_left_rot90.jpeg,2,reject
7088_left_rot270.jpeg,2,reject
1557_left_rot90.jpeg,2,reject
7108_left_rot90.jpeg,2,reject
32176_right_rot180.jpeg,2,reject
14450_right_rot180.jpeg,2,reject
42356_left_rot270.jpeg,2,reject
5147_left_rot90.jpeg,2,reject
37427_right_rot180.jpeg,2,reject
1051_left_rot270.jpeg,2,reject
18293_left_rot180.jpeg,2,reject
22519_left_rot270.jpeg,2,reject
20037_right_rot90.jpeg,2,reject
43057_right_rot180.jpeg,2,reject
16803_left_rot90.jpeg,2,reject
33589_left_rot270.jpeg,2,reject
1737_right_rot270.jpeg,2,reject
43584_left_rot180.jpeg,2,reject
23379_right_rot270.jpeg,2,reject
16219_left_rot270.jpeg,2,reject
30406_left_rot90.jpeg,2,reject
30231_right_rot270.jpeg,2,reject
32896_right_rot270.jpeg,2,reject
17215_right_rot180.jpeg,2,reject
18539_left_rot270.jpeg,2,reject
34063_right_rot90.jpeg,2,reject
54_left_rot270.jpeg,2,reject
6963_right_rot270.jpeg,2,reject
30405_right_rot270.jpeg,2,reject
5465_left_rot90.jpeg,2,reject
29088_left_rot270.jpeg,2,reject
2066_left_rot180.jpeg,2,reject
43457_left_rot90.jpeg,2,reject
44065_left_rot180.jpeg,2,reject
743_right_rot90.jpeg,2,reject
35766_right_rot90.jpeg,2,reject
32734_right_rot180.jpeg,2,reject
44065_left_rot90.jpeg,2,reject
41761_left_rot270.jpeg,2,reject
34748_right_rot270.jpeg,2,reject
3557_left_rot270.jpeg,2,reject
3212_left_rot180.jpeg,2,reject
4967_right_rot270.jpeg,2,reject
5960_right_rot180.jpeg,2,reject
5999_right_rot90.jpeg,2,reject
42139_right_rot90.jpeg,2,reject
42804_right_rot180.jpeg,2,reject
33895_left_rot270.jpeg,2,reject
31924_left_rot270.jpeg,2,reject
39999_right_rot90.jpeg,2,reject
21788_left_rot90.jpeg,2,reject
36006_left_rot270.jpeg,2,reject
6403_left_rot180.jpeg,2,reject
1833_left_rot90.jpeg,2,reject
18552_right_rot270.jpeg,2,reject
33690_left_rot90.jpeg,2,reject
28205_left_rot90.jpeg,2,reject
21640_left_rot270.jpeg,2,reject
36448_left_rot90.jpeg,2,reject
28044_right_rot180.jpeg,2,reject
36375_left_rot270.jpeg,2,reject
3871_left_rot270.jpeg,2,reject
21942_right_rot180.jpeg,2,reject
14425_right_rot270.jpeg,2,reject
42285_right_rot180.jpeg,2,reject
29333_left_rot270.jpeg,2,reject
3405_left_rot90.jpeg,2,reject
28041_right_rot180.jpeg,2,reject
16548_right_rot270.jpeg,2,reject
1202_right_rot90.jpeg,2,reject
34601_right_rot180.jpeg,2,reject
37231_right_rot180.jpeg,2,reject
3062_right_rot180.jpeg,2,reject
41746_right_rot270.jpeg,2,reject
2758_left_rot180.jpeg,2,reject
28927_right_rot90.jpeg,2,reject
43725_left_rot270.jpeg,2,reject
15037_left_rot270.jpeg,2,reject
4773_right_rot270.jpeg,2,reject
40819_right_rot90.jpeg,2,reject
43901_left_rot180.jpeg,2,reject
18536_right_rot90.jpeg,2,reject
40355_right_rot270.jpeg,2,reject
33119_right_rot270.jpeg,2,reject
9353_left_rot90.jpeg,2,reject
43445_right_rot270.jpeg,2,reject
1119_left_rot90.jpeg,2,reject
2180_left_rot270.jpeg,2,reject
6530_left_rot90.jpeg,2,reject
24916_left_rot270.jpeg,2,reject
8527_left_rot180.jpeg,2,reject
16497_left_rot270.jpeg,2,reject
257_left_rot180.jpeg,2,reject
1240_right_rot180.jpeg,2,reject
3220_left_rot270.jpeg,2,reject
10319_right_rot180.jpeg,2,reject
3938_right_rot180.jpeg,2,reject
17644_left_rot270.jpeg,2,reject
36293_right_rot90.jpeg,2,reject
37354_left_rot90.jpeg,2,reject
34971_left_rot180.jpeg,2,reject
12126_left_rot270.jpeg,2,reject
38149_left_rot180.jpeg,2,reject
6631_right_rot90.jpeg,2,reject
21584_left_rot180.jpeg,2,reject
34584_right_rot180.jpeg,2,reject
20515_right_rot180.jpeg,2,reject
36325_left_rot90.jpeg,2,reject
19811_left_rot90.jpeg,2,reject
17354_left_rot270.jpeg,2,reject
34256_left_rot90.jpeg,2,reject
22767_left_rot270.jpeg,2,reject
40489_left_rot180.jpeg,2,reject
19976_left_rot270.jpeg,2,reject
13431_left_rot270.jpeg,2,reject
41953_left_rot180.jpeg,2,reject
34470_left_rot270.jpeg,2,reject
6691_left_rot90.jpeg,2,reject
41055_left_rot270.jpeg,2,reject
32352_left_rot180.jpeg,2,reject
25002_left_rot180.jpeg,2,reject
9346_left_rot90.jpeg,2,reject
42213_left_rot90.jpeg,2,reject
10794_right_rot180.jpeg,2,reject
19561_right_rot180.jpeg,2,reject
2668_right_rot270.jpeg,2,reject
23104_left_rot270.jpeg,2,reject
21942_right_rot90.jpeg,2,reject
6684_right_rot90.jpeg,2,reject
32749_right_rot90.jpeg,2,reject
3783_right_rot270.jpeg,2,reject
8462_left_rot270.jpeg,2,reject
15018_left_rot90.jpeg,2,reject
13407_left_rot180.jpeg,2,reject
37231_right_rot90.jpeg,2,reject
33127_right_rot270.jpeg,2,reject
7869_right_rot270.jpeg,2,reject
27734_right_rot270.jpeg,2,reject
33031_right_rot90.jpeg,2,reject
36958_right_rot90.jpeg,2,reject
13125_right_rot90.jpeg,2,reject
17555_right_rot270.jpeg,2,reject
17453_right_rot270.jpeg,2,reject
33287_left_rot270.jpeg,2,reject
31924_right_rot270.jpeg,2,reject
1349_left_rot180.jpeg,2,reject
8762_left_rot180.jpeg,2,reject
3940_right_rot270.jpeg,2,reject
16196_right_rot180.jpeg,2,reject
3267_left_rot180.jpeg,2,reject
39072_left_rot180.jpeg,2,reject
11579_left_rot180.jpeg,2,reject
40323_left_rot180.jpeg,2,reject
5156_right_rot270.jpeg,2,reject
1499_right_rot90.jpeg,2,reject
6759_left_rot180.jpeg,2,reject
37457_right_rot90.jpeg,2,reject
25420_left_rot180.jpeg,2,reject
20293_right_rot270.jpeg,2,reject
4711_left_rot180.jpeg,2,reject
39583_left_rot270.jpeg,2,reject
18819_left_rot270.jpeg,2,reject
13375_left_rot180.jpeg,2,reject
25420_left_rot90.jpeg,2,reject
22901_right_rot180.jpeg,2,reject
12654_right_rot180.jpeg,2,reject
43339_left_rot180.jpeg,2,reject
42860_right_rot90.jpeg,2,reject
54_right_rot90.jpeg,2,reject
16085_right_rot90.jpeg,2,reject
897_left_rot90.jpeg,2,reject
42949_left_rot180.jpeg,2,reject
7075_left_rot180.jpeg,2,reject
33768_right_rot270.jpeg,2,reject
29088_right_rot270.jpeg,2,reject
43935_left_rot270.jpeg,2,reject
13033_right_rot270.jpeg,2,reject
26064_right_rot270.jpeg,2,reject
41823_right_rot90.jpeg,2,reject
35297_left_rot270.jpeg,2,reject
17747_right_rot90.jpeg,2,reject
6015_right_rot90.jpeg,2,reject
16510_left_rot90.jpeg,2,reject
8928_right_rot270.jpeg,2,reject
23287_left_rot180.jpeg,2,reject
13283_right_rot270.jpeg,2,reject
24775_left_rot90.jpeg,2,reject
42357_right_rot90.jpeg,2,reject
4237_right_rot180.jpeg,2,reject
8619_left_rot90.jpeg,2,reject
14392_right_rot90.jpeg,2,reject
18803_right_rot180.jpeg,2,reject
17762_left_rot90.jpeg,2,reject
8806_right_rot90.jpeg,2,reject
40323_right_rot180.jpeg,2,reject
35812_left_rot90.jpeg,2,reject
35080_left_rot180.jpeg,2,reject
16652_right_rot270.jpeg,2,reject
36426_left_rot180.jpeg,2,reject
41940_right_rot180.jpeg,2,reject
40489_left_rot270.jpeg,2,reject
25651_right_rot90.jpeg,2,reject
40341_left_rot180.jpeg,2,reject
38160_right_rot180.jpeg,2,reject
330_right_rot90.jpeg,2,reject
34899_right_rot90.jpeg,2,reject
12010_left_rot270.jpeg,2,reject
11649_left_rot90.jpeg,2,reject
34063_right_rot180.jpeg,2,reject
14474_left_rot180.jpeg,2,reject
1636_left_rot180.jpeg,2,reject
31994_left_rot180.jpeg,2,reject
32502_left_rot90.jpeg,2,reject
20293_right_rot90.jpeg,2,reject
10464_left_rot180.jpeg,2,reject
279_left_rot270.jpeg,2,reject
40396_left_rot90.jpeg,2,reject
33750_right_rot90.jpeg,2,reject
43935_right_rot90.jpeg,2,reject
27194_right_rot270.jpeg,2,reject
41387_left_rot270.jpeg,2,reject
38939_right_rot180.jpeg,2,reject
15428_right_rot90.jpeg,2,reject
3783_left_rot90.jpeg,2,reject
32460_left_rot180.jpeg,2,reject
43375_right_rot270.jpeg,2,reject
2228_left_rot90.jpeg,2,reject
18350_right_rot180.jpeg,2,reject
25083_left_rot90.jpeg,2,reject
31554_left_rot180.jpeg,2,reject
38507_left_rot180.jpeg,2,reject
10694_right_rot180.jpeg,2,reject
20244_left_rot270.jpeg,2,reject
30405_right_rot180.jpeg,2,reject
13923_right_rot270.jpeg,2,reject
115_right_rot270.jpeg,2,reject
11431_left_rot180.jpeg,2,reject
3059_right_rot180.jpeg,2,reject
40941_right_rot180.jpeg,2,reject
17148_left_rot180.jpeg,2,reject
27842_left_rot90.jpeg,2,reject
3298_right_rot90.jpeg,2,reject
35127_left_rot180.jpeg,2,reject
18225_left_rot180.jpeg,2,reject
29030_right_rot90.jpeg,2,reject
1855_left_rot270.jpeg,2,reject
2341_left_rot270.jpeg,2,reject
14392_right_rot270.jpeg,2,reject
40847_right_rot90.jpeg,2,reject
8742_right_rot180.jpeg,2,reject
1349_left_rot90.jpeg,2,reject
30747_right_rot90.jpeg,2,reject
2610_left_rot270.jpeg,2,reject
43153_right_rot90.jpeg,2,reject
43493_right_rot90.jpeg,2,reject
33690_left_rot270.jpeg,2,reject
28072_right_rot180.jpeg,2,reject
35699_right_rot180.jpeg,2,reject
14921_right_rot90.jpeg,2,reject
12790_right_rot270.jpeg,2,reject
14281_left_rot180.jpeg,2,reject
38083_left_rot90.jpeg,2,reject
4773_right_rot180.jpeg,2,reject
29621_left_rot90.jpeg,2,reject
18552_right_rot90.jpeg,2,reject
8681_right_rot180.jpeg,2,reject
19490_left_rot180.jpeg,2,reject
8263_left_rot180.jpeg,2,reject
9324_right_rot90.jpeg,2,reject
34646_right_rot270.jpeg,2,reject
25428_left_rot180.jpeg,2,reject
41387_left_rot180.jpeg,2,reject
33901_left_rot90.jpeg,2,reject
8743_right_rot90.jpeg,2,reject
43466_right_rot90.jpeg,2,reject
1228_left_rot270.jpeg,2,reject
28205_left_rot180.jpeg,2,reject
1008_left_rot90.jpeg,2,reject
40499_left_rot180.jpeg,2,reject
36754_right_rot180.jpeg,2,reject
18516_left_rot90.jpeg,2,reject
6014_right_rot180.jpeg,2,reject
27452_left_rot270.jpeg,2,reject
27734_right_rot180.jpeg,2,reject
14695_right_rot180.jpeg,2,reject
7825_right_rot270.jpeg,2,reject
41349_left_rot270.jpeg,2,reject
6599_left_rot90.jpeg,2,reject
12329_left_rot90.jpeg,2,reject
766_left_rot90.jpeg,2,reject
31830_right_rot270.jpeg,2,reject
8439_left_rot180.jpeg,2,reject
29301_right_rot180.jpeg,2,reject
33895_left_rot180.jpeg,2,reject
4416_left_rot90.jpeg,2,reject
29652_right_rot90.jpeg,2,reject
16196_right_rot270.jpeg,2,reject
24437_left_rot180.jpeg,2,reject
15918_left_rot270.jpeg,2,reject
7446_left_rot270.jpeg,2,reject
10567_left_rot270.jpeg,2,reject
5613_left_rot270.jpeg,2,reject
24074_left_rot270.jpeg,2,reject
32734_left_rot180.jpeg,2,reject
5258_left_rot180.jpeg,2,reject
14939_left_rot90.jpeg,2,reject
12630_right_rot180.jpeg,2,reject
36100_left_rot270.jpeg,2,reject
34152_left_rot90.jpeg,2,reject
12575_right_rot270.jpeg,2,reject
33337_left_rot180.jpeg,2,reject
30391_right_rot90.jpeg,2,reject
34058_left_rot270.jpeg,2,reject
33655_left_rot270.jpeg,2,reject
23855_left_rot90.jpeg,2,reject
31336_right_rot180.jpeg,2,reject
39772_right_rot270.jpeg,2,reject
14548_left_rot90.jpeg,2,reject
2664_right_rot90.jpeg,2,reject
23094_left_rot90.jpeg,2,reject
22637_left_rot90.jpeg,2,reject
30026_left_rot90.jpeg,2,reject
12168_right_rot180.jpeg,2,reject
25385_right_rot270.jpeg,2,reject
14154_right_rot270.jpeg,2,reject
40624_left_rot270.jpeg,2,reject
17912_left_rot270.jpeg,2,reject
30391_right_rot180.jpeg,2,reject
1313_left_rot180.jpeg,2,reject
23844_left_rot180.jpeg,2,reject
7061_right_rot180.jpeg,2,reject
24469_left_rot180.jpeg,2,reject
14474_right_rot90.jpeg,2,reject
26486_right_rot90.jpeg,2,reject
3986_right_rot270.jpeg,2,reject
33319_left_rot180.jpeg,2,reject
10891_left_rot270.jpeg,2,reject
42042_right_rot270.jpeg,2,reject
26863_right_rot90.jpeg,2,reject
35863_left_rot90.jpeg,2,reject
6014_right_rot270.jpeg,2,reject
39847_right_rot90.jpeg,2,reject
5410_left_rot90.jpeg,2,reject
14697_right_rot270.jpeg,2,reject
19347_left_rot180.jpeg,2,reject
40495_left_rot90.jpeg,2,reject
37458_left_rot90.jpeg,2,reject
5633_right_rot180.jpeg,2,reject
27885_left_rot90.jpeg,2,reject
12630_left_rot180.jpeg,2,reject
20546_left_rot90.jpeg,2,reject
37359_right_rot180.jpeg,2,reject
35320_left_rot270.jpeg,2,reject
41445_left_rot180.jpeg,2,reject
28388_left_rot90.jpeg,2,reject
8743_right_rot270.jpeg,2,reject
5156_left_rot270.jpeg,2,reject
30497_right_rot90.jpeg,2,reject
28976_left_rot180.jpeg,2,reject
12630_right_rot270.jpeg,2,reject
36505_right_rot90.jpeg,2,reject
35499_right_rot270.jpeg,2,reject
31945_left_rot270.jpeg,2,reject
42026_left_rot180.jpeg,2,reject
10124_left_rot90.jpeg,2,reject
18487_left_rot90.jpeg,2,reject
40377_left_rot270.jpeg,2,reject
563_left_rot180.jpeg,2,reject
29418_left_rot270.jpeg,2,reject
3562_left_rot90.jpeg,2,reject
13588_left_rot180.jpeg,2,reject
16693_right_rot270.jpeg,2,reject
8964_left_rot270.jpeg,2,reject
25937_right_rot180.jpeg,2,reject
21297_right_rot90.jpeg,2,reject
28984_right_rot270.jpeg,2,reject
44254_right_rot90.jpeg,2,reject
54_left_rot90.jpeg,2,reject
4466_left_rot180.jpeg,2,reject
43631_left_rot180.jpeg,2,reject
10218_left_rot180.jpeg,2,reject
29327_left_rot90.jpeg,2,reject
43382_right_rot270.jpeg,2,reject
216_right_rot180.jpeg,2,reject
35297_left_rot180.jpeg,2,reject
15103_left_rot90.jpeg,2,reject
22942_left_rot270.jpeg,2,reject
7470_right_rot90.jpeg,2,reject
686_right_rot180.jpeg,2,reject
43383_right_rot180.jpeg,2,reject
27960_left_rot90.jpeg,2,reject
39869_right_rot90.jpeg,2,reject
13863_left_rot180.jpeg,2,reject
26289_right_rot180.jpeg,2,reject
29823_left_rot90.jpeg,2,reject
24980_left_rot270.jpeg,2,reject
3266_left_rot180.jpeg,2,reject
23724_left_rot180.jpeg,2,reject
29430_right_rot180.jpeg,2,reject
4568_left_rot270.jpeg,2,reject
6691_left_rot180.jpeg,2,reject
27103_right_rot90.jpeg,2,reject
18092_left_rot180.jpeg,2,reject
10489_left_rot90.jpeg,2,reject
12676_left_rot270.jpeg,2,reject
21720_right_rot270.jpeg,2,reject
41929_right_rot90.jpeg,2,reject
43948_right_rot90.jpeg,2,reject
17568_left_rot270.jpeg,2,reject
33974_right_rot270.jpeg,2,reject
27597_right_rot270.jpeg,2,reject
32689_left_rot270.jpeg,2,reject
30997_right_rot270.jpeg,2,reject
9992_left_rot270.jpeg,2,reject
13494_left_rot270.jpeg,2,reject
10255_right_rot270.jpeg,2,reject
36981_right_rot180.jpeg,2,reject
20342_right_rot180.jpeg,2,reject
25181_left_rot90.jpeg,2,reject
40603_right_rot270.jpeg,2,reject
35861_left_rot90.jpeg,2,reject
1002_left_rot90.jpeg,2,reject
22556_left_rot90.jpeg,2,reject
24478_left_rot180.jpeg,2,reject
42891_left_rot90.jpeg,2,reject
27161_right_rot90.jpeg,2,reject
39343_left_rot180.jpeg,2,reject
8742_right_rot90.jpeg,2,reject
43912_right_rot180.jpeg,2,reject
38954_right_rot90.jpeg,2,reject
986_left_rot90.jpeg,2,reject
17221_left_rot180.jpeg,2,reject
3587_right_rot180.jpeg,2,reject
30391_right_rot270.jpeg,2,reject
28106_left_rot270.jpeg,2,reject
39757_right_rot270.jpeg,2,reject
43369_right_rot90.jpeg,2,reject
9682_left_rot180.jpeg,2,reject
4955_left_rot270.jpeg,2,reject
4526_right_rot180.jpeg,2,reject
14410_right_rot180.jpeg,2,reject
32523_right_rot90.jpeg,2,reject
3871_left_rot90.jpeg,2,reject
30977_left_rot270.jpeg,2,reject
38035_left_rot180.jpeg,2,reject
33690_left_rot180.jpeg,2,reject
8091_right_rot270.jpeg,2,reject
11759_right_rot180.jpeg,2,reject
14128_left_rot180.jpeg,2,reject
10255_right_rot90.jpeg,2,reject
7088_left_rot90.jpeg,2,reject
184_left_rot180.jpeg,2,reject
30948_right_rot90.jpeg,2,reject
3750_right_rot180.jpeg,2,reject
5633_left_rot270.jpeg,2,reject
37617_right_rot90.jpeg,2,reject
4178_left_rot180.jpeg,2,reject
32725_left_rot180.jpeg,2,reject
20590_right_rot180.jpeg,2,reject
21297_left_rot90.jpeg,2,reject
40178_right_rot180.jpeg,2,reject
8650_right_rot180.jpeg,2,reject
27452_right_rot180.jpeg,2,reject
6433_right_rot90.jpeg,2,reject
29218_left_rot270.jpeg,2,reject
38513_right_rot180.jpeg,2,reject
26991_left_rot270.jpeg,2,reject
17800_left_rot90.jpeg,2,reject
2106_right_rot90.jpeg,2,reject
11182_right_rot180.jpeg,2,reject
8439_left_rot270.jpeg,2,reject
28621_right_rot270.jpeg,2,reject
5680_left_rot90.jpeg,2,reject
10976_left_rot90.jpeg,2,reject
6377_right_rot270.jpeg,2,reject
39133_right_rot90.jpeg,2,reject
6089_right_rot270.jpeg,2,reject
22637_left_rot270.jpeg,2,reject
26584_right_rot270.jpeg,2,reject
38907_right_rot180.jpeg,2,reject
15857_left_rot180.jpeg,2,reject
25937_left_rot90.jpeg,2,reject
13275_left_rot180.jpeg,2,reject
24785_left_rot180.jpeg,2,reject
1862_left_rot180.jpeg,2,reject
12168_right_rot90.jpeg,2,reject
35503_left_rot90.jpeg,2,reject
30299_right_rot270.jpeg,2,reject
25083_left_rot270.jpeg,2,reject
2194_left_rot270.jpeg,2,reject
1098_left_rot270.jpeg,2,reject
10427_left_rot270.jpeg,2,reject
8669_right_rot90.jpeg,2,reject
13150_left_rot270.jpeg,2,reject
18225_left_rot90.jpeg,2,reject
2141_left_rot90.jpeg,2,reject
26148_right_rot90.jpeg,2,reject
29621_left_rot270.jpeg,2,reject
37079_left_rot90.jpeg,2,reject
7360_left_rot180.jpeg,2,reject
35323_left_rot90.jpeg,2,reject
19223_left_rot90.jpeg,2,reject
6691_left_rot270.jpeg,2,reject
15065_right_rot270.jpeg,2,reject
32550_right_rot90.jpeg,2,reject
1926_left_rot270.jpeg,2,reject
14482_left_rot90.jpeg,2,reject
4482_left_rot270.jpeg,2,reject
18901_left_rot90.jpeg,2,reject
39284_left_rot270.jpeg,2,reject
4403_left_rot270.jpeg,2,reject
22321_right_rot180.jpeg,2,reject
13743_left_rot180.jpeg,2,reject
7291_right_rot90.jpeg,2,reject
37427_left_rot180.jpeg,2,reject
15590_right_rot180.jpeg,2,reject
36576_left_rot90.jpeg,2,reject
28356_right_rot270.jpeg,2,reject
25385_left_rot180.jpeg,2,reject
11759_right_rot270.jpeg,2,reject
11649_left_rot270.jpeg,2,reject
32979_right_rot180.jpeg,2,reject
20546_right_rot270.jpeg,2,reject
12101_right_rot180.jpeg,2,reject
28976_right_rot270.jpeg,2,reject
25626_left_rot90.jpeg,2,reject
41198_right_rot90.jpeg,2,reject
26863_left_rot180.jpeg,2,reject
30026_left_rot270.jpeg,2,reject
2664_left_rot90.jpeg,2,reject
31183_right_rot90.jpeg,2,reject
28405_right_rot270.jpeg,2,reject
35295_right_rot180.jpeg,2,reject
38478_right_rot90.jpeg,2,reject
7073_left_rot270.jpeg,2,reject
13499_right_rot90.jpeg,2,reject
33974_right_rot180.jpeg,2,reject
17555_right_rot180.jpeg,2,reject
483_left_rot90.jpeg,2,reject
5178_right_rot270.jpeg,2,reject
21678_right_rot270.jpeg,2,reject
23957_right_rot180.jpeg,2,reject
13579_left_rot90.jpeg,2,reject
8316_right_rot90.jpeg,2,reject
8181_left_rot180.jpeg,2,reject
13999_left_rot270.jpeg,2,reject
39698_left_rot90.jpeg,2,reject
14216_left_rot180.jpeg,2,reject
26217_right_rot90.jpeg,2,reject
1655_right_rot180.jpeg,2,reject
10811_left_rot90.jpeg,2,reject
26828_right_rot270.jpeg,2,reject
15038_left_rot270.jpeg,2,reject
34675_right_rot90.jpeg,2,reject
5869_left_rot270.jpeg,2,reject
4721_right_rot180.jpeg,2,reject
5423_left_rot180.jpeg,2,reject
36730_left_rot270.jpeg,2,reject
18562_right_rot270.jpeg,2,reject
9003_right_rot180.jpeg,2,reject
30672_left_rot270.jpeg,2,reject
25608_left_rot90.jpeg,2,reject
29264_left_rot180.jpeg,2,reject
10874_right_rot90.jpeg,2,reject
1749_left_rot270.jpeg,2,reject
33601_left_rot270.jpeg,2,reject
13588_left_rot270.jpeg,2,reject
16658_left_rot90.jpeg,2,reject
30672_left_rot90.jpeg,2,reject
31034_right_rot90.jpeg,2,reject
35297_left_rot90.jpeg,2,reject
1116_right_rot180.jpeg,2,reject
14432_left_rot270.jpeg,2,reject
39365_left_rot90.jpeg,2,reject
6785_left_rot90.jpeg,2,reject
40465_right_rot180.jpeg,2,reject
15236_left_rot270.jpeg,2,reject
40077_left_rot90.jpeg,2,reject
54_right_rot270.jpeg,2,reject
39072_left_rot270.jpeg,2,reject
4327_left_rot270.jpeg,2,reject
40213_left_rot270.jpeg,2,reject
16038_right_rot90.jpeg,2,reject
551_left_rot270.jpeg,2,reject
14770_left_rot180.jpeg,2,reject
18440_left_rot270.jpeg,2,reject
15899_left_rot180.jpeg,2,reject
33287_right_rot180.jpeg,2,reject
28205_left_rot270.jpeg,2,reject
3750_left_rot180.jpeg,2,reject
9516_left_rot180.jpeg,2,reject
16816_left_rot270.jpeg,2,reject
35812_left_rot180.jpeg,2,reject
8677_left_rot270.jpeg,2,reject
30899_right_rot90.jpeg,2,reject
8245_left_rot90.jpeg,2,reject
39827_left_rot270.jpeg,2,reject
6666_right_rot90.jpeg,2,reject
1524_right_rot270.jpeg,2,reject
42832_left_rot270.jpeg,2,reject
10782_left_rot180.jpeg,2,reject
24446_left_rot90.jpeg,2,reject
1853_right_rot90.jpeg,2,reject
35295_right_rot90.jpeg,2,reject
18686_right_rot180.jpeg,2,reject
13999_left_rot180.jpeg,2,reject
21533_left_rot90.jpeg,2,reject
14581_left_rot180.jpeg,2,reject
36215_right_rot270.jpeg,2,reject
7318_left_rot270.jpeg,2,reject
20824_right_rot90.jpeg,2,reject
8816_left_rot90.jpeg,2,reject
13637_left_rot90.jpeg,2,reject
44317_right_rot270.jpeg,2,reject
23782_right_rot90.jpeg,2,reject
35187_left_rot270.jpeg,2,reject
8619_right_rot270.jpeg,2,reject
43314_right_rot90.jpeg,2,reject
36215_right_rot180.jpeg,2,reject
22543_left_rot180.jpeg,2,reject
25165_right_rot270.jpeg,2,reject
32591_left_rot90.jpeg,2,reject
18644_left_rot90.jpeg,2,reject
8596_left_rot270.jpeg,2,reject
20570_left_rot180.jpeg,2,reject
36426_left_rot90.jpeg,2,reject
3341_left_rot270.jpeg,2,reject
15993_right_rot180.jpeg,2,reject
29030_right_rot180.jpeg,2,reject
6321_right_rot270.jpeg,2,reject
18880_left_rot90.jpeg,2,reject
1853_right_rot180.jpeg,2,reject
43203_right_rot270.jpeg,2,reject
8744_right_rot90.jpeg,2,reject
23327_left_rot270.jpeg,2,reject
41032_left_rot270.jpeg,2,reject
33287_left_rot180.jpeg,2,reject
1675_left_rot90.jpeg,2,reject
16691_left_rot180.jpeg,2,reject
42130_left_rot270.jpeg,2,reject
1868_left_rot270.jpeg,2,reject
28984_right_rot180.jpeg,2,reject
7938_right_rot90.jpeg,2,reject
32502_left_rot180.jpeg,2,reject
3851_right_rot180.jpeg,2,reject
17800_left_rot180.jpeg,2,reject
42055_right_rot270.jpeg,2,reject
8588_left_rot180.jpeg,2,reject
17148_left_rot90.jpeg,2,reject
13387_left_rot270.jpeg,2,reject
10427_left_rot180.jpeg,2,reject
9958_right_rot180.jpeg,2,reject
8681_left_rot180.jpeg,2,reject
19771_right_rot180.jpeg,2,reject
5879_left_rot270.jpeg,2,reject
23831_right_rot270.jpeg,2,reject
37034_left_rot180.jpeg,2,reject
20960_left_rot270.jpeg,2,reject
39984_left_rot270.jpeg,2,reject
8749_left_rot180.jpeg,2,reject
13458_left_rot90.jpeg,2,reject
33337_right_rot180.jpeg,2,reject
13276_left_rot90.jpeg,2,reject
14806_left_rot180.jpeg,2,reject
563_left_rot90.jpeg,2,reject
33119_right_rot90.jpeg,2,reject
39321_right_rot270.jpeg,2,reject
6684_right_rot180.jpeg,2,reject
13673_right_rot180.jpeg,2,reject
18105_right_rot90.jpeg,2,reject
43187_left_rot90.jpeg,2,reject
35804_left_rot90.jpeg,2,reject
43452_left_rot90.jpeg,2,reject
20534_right_rot180.jpeg,2,reject
31965_left_rot90.jpeg,2,reject
35215_right_rot270.jpeg,2,reject
38964_left_rot90.jpeg,2,reject
3029_right_rot90.jpeg,2,reject
35187_left_rot90.jpeg,2,reject
15732_left_rot180.jpeg,2,reject
39632_right_rot270.jpeg,2,reject
13431_right_rot180.jpeg,2,reject
39847_right_rot180.jpeg,2,reject
11539_right_rot90.jpeg,2,reject
44083_left_rot90.jpeg,2,reject
9781_left_rot180.jpeg,2,reject
38856_left_rot180.jpeg,2,reject
20824_right_rot180.jpeg,2,reject
28205_right_rot90.jpeg,2,reject
16085_right_rot180.jpeg,2,reject
2132_right_rot90.jpeg,2,reject
18210_left_rot180.jpeg,2,reject
4561_left_rot180.jpeg,2,reject
13637_left_rot180.jpeg,2,reject
4335_left_rot270.jpeg,2,reject
1868_right_rot90.jpeg,2,reject
1073_left_rot180.jpeg,2,reject
37215_right_rot270.jpeg,2,reject
30391_left_rot270.jpeg,2,reject
39653_right_rot90.jpeg,2,reject
6730_left_rot270.jpeg,2,reject
30990_right_rot90.jpeg,2,reject
34578_right_rot180.jpeg,2,reject
32198_right_rot90.jpeg,2,reject
14834_left_rot180.jpeg,2,reject
32253_right_rot270.jpeg,2,reject
31048_left_rot270.jpeg,2,reject
18786_left_rot180.jpeg,2,reject
18092_left_rot90.jpeg,2,reject
30818_left_rot270.jpeg,2,reject
44175_left_rot270.jpeg,2,reject
42007_right_rot90.jpeg,2,reject
16038_right_rot270.jpeg,2,reject
7070_right_rot270.jpeg,2,reject
32896_right_rot90.jpeg,2,reject
32523_right_rot270.jpeg,2,reject
6687_left_rot90.jpeg,2,reject
19749_left_rot90.jpeg,2,reject
7647_left_rot180.jpeg,2,reject
7295_right_rot270.jpeg,2,reject
17986_right_rot180.jpeg,2,reject
39741_left_rot270.jpeg,2,reject
24785_left_rot90.jpeg,2,reject
34449_left_rot270.jpeg,2,reject
8434_left_rot270.jpeg,2,reject
8181_left_rot270.jpeg,2,reject
32742_right_rot180.jpeg,2,reject
40119_left_rot270.jpeg,2,reject
19811_right_rot270.jpeg,2,reject
36367_left_rot90.jpeg,2,reject
10962_left_rot90.jpeg,2,reject
2141_left_rot270.jpeg,2,reject
30406_right_rot90.jpeg,2,reject
10288_left_rot270.jpeg,2,reject
1061_right_rot90.jpeg,2,reject
16183_right_rot90.jpeg,2,reject
18425_right_rot270.jpeg,2,reject
19378_left_rot180.jpeg,2,reject
40377_right_rot90.jpeg,2,reject
22542_left_rot270.jpeg,2,reject
8816_left_rot270.jpeg,2,reject
44083_right_rot270.jpeg,2,reject
34236_left_rot180.jpeg,2,reject
4773_right_rot90.jpeg,2,reject
10319_right_rot270.jpeg,2,reject
20670_right_rot270.jpeg,2,reject
14842_left_rot90.jpeg,2,reject
21678_left_rot90.jpeg,2,reject
28621_right_rot90.jpeg,2,reject
27278_left_rot90.jpeg,2,reject
18686_left_rot270.jpeg,2,reject
32417_right_rot90.jpeg,2,reject
34470_left_rot180.jpeg,2,reject
1480_left_rot90.jpeg,2,reject
21640_left_rot90.jpeg,2,reject
27456_left_rot270.jpeg,2,reject
33719_left_rot90.jpeg,2,reject
17800_left_rot270.jpeg,2,reject
23433_right_rot90.jpeg,2,reject
203_left_rot180.jpeg,2,reject
4322_left_rot180.jpeg,2,reject
15941_left_rot90.jpeg,2,reject
24801_right_rot90.jpeg,2,reject
26464_left_rot90.jpeg,2,reject
42299_right_rot90.jpeg,2,reject
32024_right_rot180.jpeg,2,reject
5196_right_rot270.jpeg,2,reject
6141_left_rot90.jpeg,2,reject
37457_right_rot270.jpeg,2,reject
6089_right_rot90.jpeg,2,reject
4955_left_rot90.jpeg,2,reject
25084_left_rot180.jpeg,2,reject
3387_left_rot180.jpeg,2,reject
6511_right_rot90.jpeg,2,reject
18686_left_rot90.jpeg,2,reject
40667_right_rot180.jpeg,2,reject
32712_left_rot180.jpeg,2,reject
9156_left_rot90.jpeg,2,reject
5067_left_rot180.jpeg,2,reject
8851_left_rot180.jpeg,2,reject
13180_left_rot180.jpeg,2,reject
1493_right_rot180.jpeg,2,reject
9788_left_rot90.jpeg,2,reject
24879_left_rot270.jpeg,2,reject
9590_left_rot90.jpeg,2,reject
29599_left_rot180.jpeg,2,reject
26160_right_rot180.jpeg,2,reject
24881_right_rot180.jpeg,2,reject
39702_left_rot180.jpeg,2,reject
22895_right_rot270.jpeg,2,reject
29826_left_rot180.jpeg,2,reject
24227_left_rot180.jpeg,2,reject
1718_right_rot180.jpeg,2,reject
16183_right_rot270.jpeg,2,reject
766_left_rot180.jpeg,2,reject
26243_left_rot270.jpeg,2,reject
40341_right_rot270.jpeg,2,reject
29030_right_rot270.jpeg,2,reject
41201_left_rot90.jpeg,2,reject
41198_right_rot180.jpeg,2,reject
15899_left_rot270.jpeg,2,reject
40183_right_rot180.jpeg,2,reject
40259_left_rot180.jpeg,2,reject
6639_left_rot270.jpeg,2,reject
35420_right_rot270.jpeg,2,reject
42122_right_rot270.jpeg,2,reject
19788_left_rot90.jpeg,2,reject
5770_right_rot270.jpeg,2,reject
7751_left_rot270.jpeg,2,reject
39353_left_rot90.jpeg,2,reject
23104_left_rot90.jpeg,2,reject
25283_left_rot90.jpeg,2,reject
32220_right_rot180.jpeg,2,reject
10058_left_rot90.jpeg,2,reject
2258_left_rot90.jpeg,2,reject
26802_right_rot90.jpeg,2,reject
31072_left_rot180.jpeg,2,reject
38502_left_rot180.jpeg,2,reject
30671_left_rot270.jpeg,2,reject
19046_left_rot180.jpeg,2,reject
10334_left_rot90.jpeg,2,reject
41412_left_rot90.jpeg,2,reject
43912_right_rot90.jpeg,2,reject
11495_right_rot270.jpeg,2,reject
20114_right_rot270.jpeg,2,reject
404_right_rot180.jpeg,2,reject
39748_left_rot180.jpeg,2,reject
36699_left_rot90.jpeg,2,reject
22760_right_rot90.jpeg,2,reject
2888_left_rot90.jpeg,2,reject
38274_left_rot90.jpeg,2,reject
36461_right_rot90.jpeg,2,reject
10811_left_rot180.jpeg,2,reject
19014_right_rot270.jpeg,2,reject
18684_right_rot270.jpeg,2,reject
41693_left_rot180.jpeg,2,reject
12329_left_rot180.jpeg,2,reject
28976_right_rot90.jpeg,2,reject
34267_right_rot180.jpeg,2,reject
16219_left_rot180.jpeg,2,reject
32550_left_rot180.jpeg,2,reject
22556_right_rot270.jpeg,2,reject
25940_right_rot90.jpeg,2,reject
40499_left_rot90.jpeg,2,reject
13051_left_rot270.jpeg,2,reject
34584_right_rot90.jpeg,2,reject
39134_left_rot180.jpeg,2,reject
43932_right_rot270.jpeg,2,reject
6687_left_rot180.jpeg,2,reject
10014_left_rot270.jpeg,2,reject
23648_right_rot270.jpeg,2,reject
2516_left_rot90.jpeg,2,reject
28007_left_rot180.jpeg,2,reject
14761_left_rot90.jpeg,2,reject
28007_left_rot90.jpeg,2,reject
33529_left_rot90.jpeg,2,reject
24775_left_rot270.jpeg,2,reject
29187_left_rot180.jpeg,2,reject
43105_right_rot180.jpeg,2,reject
7291_right_rot270.jpeg,2,reject
19512_left_rot180.jpeg,2,reject
7672_left_rot90.jpeg,2,reject
27452_right_rot90.jpeg,2,reject
12954_left_rot270.jpeg,2,reject
3722_right_rot270.jpeg,2,reject
33319_right_rot180.jpeg,2,reject
25291_right_rot180.jpeg,2,reject
5430_left_rot270.jpeg,2,reject
43342_left_rot180.jpeg,2,reject
36824_left_rot90.jpeg,2,reject
13923_right_rot180.jpeg,2,reject
40119_left_rot180.jpeg,2,reject
37160_right_rot270.jpeg,2,reject
19104_right_rot90.jpeg,2,reject
5573_left_rot90.jpeg,2,reject
43339_left_rot270.jpeg,2,reject
24736_left_rot270.jpeg,2,reject
30723_right_rot90.jpeg,2,reject
10694_right_rot90.jpeg,2,reject
1346_left_rot180.jpeg,2,reject
5250_left_rot270.jpeg,2,reject
2756_left_rot270.jpeg,2,reject
19773_left_rot180.jpeg,2,reject
42860_right_rot270.jpeg,2,reject
12523_left_rot270.jpeg,2,reject
10131_left_rot90.jpeg,2,reject
4561_left_rot90.jpeg,2,reject
7003_left_rot270.jpeg,2,reject
39376_left_rot180.jpeg,2,reject
9003_right_rot90.jpeg,2,reject
41823_right_rot270.jpeg,2,reject
23957_left_rot180.jpeg,2,reject
40440_right_rot180.jpeg,2,reject
15988_right_rot90.jpeg,2,reject
4098_left_rot180.jpeg,2,reject
35637_right_rot270.jpeg,2,reject
32798_left_rot180.jpeg,2,reject
8133_right_rot180.jpeg,2,reject
24773_left_rot90.jpeg,2,reject
25606_right_rot90.jpeg,2,reject
29018_right_rot180.jpeg,2,reject
34389_left_rot270.jpeg,2,reject
23433_left_rot180.jpeg,2,reject
7108_left_rot270.jpeg,2,reject
15884_left_rot90.jpeg,2,reject
8799_right_rot180.jpeg,2,reject
7582_left_rot90.jpeg,2,reject
37602_right_rot90.jpeg,2,reject
18257_left_rot180.jpeg,2,reject
6881_left_rot90.jpeg,2,reject
28382_right_rot270.jpeg,2,reject
1092_left_rot180.jpeg,2,reject
33601_left_rot180.jpeg,2,reject
19046_left_rot270.jpeg,2,reject
17864_right_rot180.jpeg,2,reject
22268_right_rot180.jpeg,2,reject
14405_right_rot270.jpeg,2,reject
8806_right_rot180.jpeg,2,reject
6918_left_rot180.jpeg,2,reject
5845_left_rot270.jpeg,2,reject
1737_left_rot270.jpeg,2,reject
14306_right_rot90.jpeg,2,reject
2888_left_rot180.jpeg,2,reject
41566_left_rot180.jpeg,2,reject
39134_left_rot90.jpeg,2,reject
20452_left_rot180.jpeg,2,reject
15103_right_rot270.jpeg,2,reject
26747_left_rot180.jpeg,2,reject
35890_right_rot270.jpeg,2,reject
13627_right_rot180.jpeg,2,reject
40780_right_rot180.jpeg,2,reject
2016_right_rot180.jpeg,2,reject
37366_left_rot90.jpeg,2,reject
2857_right_rot270.jpeg,2,reject
41282_right_rot90.jpeg,2,reject
18686_left_rot180.jpeg,2,reject
20062_left_rot270.jpeg,2,reject
34689_left_rot270.jpeg,2,reject
42294_right_rot180.jpeg,2,reject
39133_left_rot180.jpeg,2,reject
40513_left_rot90.jpeg,2,reject
1936_left_rot90.jpeg,2,reject
13254_left_rot180.jpeg,2,reject
40585_left_rot90.jpeg,2,reject
29139_left_rot180.jpeg,2,reject
42316_left_rot270.jpeg,2,reject
43752_left_rot90.jpeg,2,reject
30155_left_rot270.jpeg,2,reject
12419_right_rot90.jpeg,2,reject
27960_left_rot180.jpeg,2,reject
3587_right_rot90.jpeg,2,reject
23284_right_rot90.jpeg,2,reject
25251_right_rot180.jpeg,2,reject
18017_left_rot180.jpeg,2,reject
17354_left_rot90.jpeg,2,reject
42749_left_rot270.jpeg,2,reject
27519_right_rot90.jpeg,2,reject
25940_right_rot180.jpeg,2,reject
31986_left_rot180.jpeg,2,reject
32550_right_rot270.jpeg,2,reject
22992_right_rot90.jpeg,2,reject
1722_right_rot180.jpeg,2,reject
1608_left_rot90.jpeg,2,reject
41387_left_rot90.jpeg,2,reject
36981_left_rot180.jpeg,2,reject
11198_right_rot90.jpeg,2,reject
35851_right_rot90.jpeg,2,reject
12947_left_rot180.jpeg,2,reject
33646_left_rot180.jpeg,2,reject
3557_left_rot180.jpeg,2,reject
43382_right_rot90.jpeg,2,reject
25940_right_rot270.jpeg,2,reject
31825_right_rot90.jpeg,2,reject
5791_right_rot270.jpeg,2,reject
7938_left_rot180.jpeg,2,reject
6519_left_rot90.jpeg,2,reject
20554_left_rot90.jpeg,2,reject
10319_left_rot90.jpeg,2,reject
40679_left_rot270.jpeg,2,reject
26820_left_rot90.jpeg,2,reject
2425_left_rot180.jpeg,2,reject
43379_left_rot180.jpeg,2,reject
23141_left_rot180.jpeg,2,reject
6116_left_rot270.jpeg,2,reject
2106_right_rot270.jpeg,2,reject
13955_right_rot180.jpeg,2,reject
37183_left_rot270.jpeg,2,reject
38668_left_rot90.jpeg,2,reject
8851_left_rot270.jpeg,2,reject
2117_left_rot180.jpeg,2,reject
26596_right_rot270.jpeg,2,reject
9979_left_rot90.jpeg,2,reject
2262_left_rot180.jpeg,2,reject
6639_left_rot90.jpeg,2,reject
10694_left_rot270.jpeg,2,reject
33180_left_rot90.jpeg,2,reject
4688_left_rot180.jpeg,2,reject
17751_right_rot270.jpeg,2,reject
20180_right_rot270.jpeg,2,reject
11304_left_rot90.jpeg,2,reject
18109_left_rot90.jpeg,2,reject
30170_right_rot90.jpeg,2,reject
21826_left_rot270.jpeg,2,reject
2521_left_rot180.jpeg,2,reject
4216_left_rot90.jpeg,2,reject
14474_left_rot90.jpeg,2,reject
40640_right_rot180.jpeg,2,reject
4466_left_rot270.jpeg,2,reject
3986_left_rot180.jpeg,2,reject
8744_right_rot270.jpeg,2,reject
43379_right_rot270.jpeg,2,reject
20469_left_rot180.jpeg,2,reject
19604_left_rot90.jpeg,2,reject
13299_left_rot270.jpeg,2,reject
16882_right_rot180.jpeg,2,reject
22767_left_rot90.jpeg,2,reject
1469_right_rot180.jpeg,2,reject
37608_left_rot180.jpeg,2,reject
9159_right_rot90.jpeg,2,reject
26064_right_rot90.jpeg,2,reject
1499_right_rot180.jpeg,2,reject
7869_right_rot180.jpeg,2,reject
39772_right_rot180.jpeg,2,reject
4593_left_rot270.jpeg,2,reject
6684_right_rot270.jpeg,2,reject
13333_right_rot180.jpeg,2,reject
24472_right_rot270.jpeg,2,reject
21298_right_rot270.jpeg,2,reject
2080_right_rot180.jpeg,2,reject
32149_left_rot180.jpeg,2,reject
12721_left_rot270.jpeg,2,reject
30784_left_rot180.jpeg,2,reject
14154_right_rot90.jpeg,2,reject
22716_left_rot90.jpeg,2,reject
4335_left_rot90.jpeg,2,reject
15682_right_rot90.jpeg,2,reject
24472_right_rot90.jpeg,2,reject
29642_left_rot90.jpeg,2,reject
6316_left_rot90.jpeg,2,reject
26243_right_rot180.jpeg,2,reject
14193_right_rot180.jpeg,2,reject
36852_right_rot180.jpeg,2,reject
3851_right_rot270.jpeg,2,reject
10891_left_rot180.jpeg,2,reject
31202_right_rot90.jpeg,2,reject
3712_left_rot180.jpeg,2,reject
13780_left_rot270.jpeg,2,reject
30277_left_rot270.jpeg,2,reject
5185_left_rot180.jpeg,2,reject
4674_left_rot180.jpeg,2,reject
6613_right_rot180.jpeg,2,reject
41566_right_rot270.jpeg,2,reject
686_left_rot270.jpeg,2,reject
30354_right_rot90.jpeg,2,reject
44330_left_rot270.jpeg,2,reject
17400_left_rot90.jpeg,2,reject
15037_left_rot180.jpeg,2,reject
31335_right_rot270.jpeg,2,reject
13530_right_rot270.jpeg,2,reject
22716_right_rot180.jpeg,2,reject
18350_right_rot270.jpeg,2,reject
11101_left_rot90.jpeg,2,reject
4499_right_rot180.jpeg,2,reject
40821_left_rot270.jpeg,2,reject
2080_right_rot90.jpeg,2,reject
34952_left_rot90.jpeg,2,reject
31418_left_rot270.jpeg,2,reject
24657_left_rot180.jpeg,2,reject
30413_left_rot180.jpeg,2,reject
1240_right_rot90.jpeg,2,reject
23648_right_rot180.jpeg,2,reject
40447_right_rot270.jpeg,2,reject
22271_left_rot180.jpeg,2,reject
16085_right_rot270.jpeg,2,reject
19442_left_rot270.jpeg,2,reject
1313_left_rot90.jpeg,2,reject
42007_right_rot180.jpeg,2,reject
34689_left_rot180.jpeg,2,reject
22778_right_rot90.jpeg,2,reject
26580_left_rot180.jpeg,2,reject
26802_right_rot270.jpeg,2,reject
39133_left_rot270.jpeg,2,reject
8425_right_rot180.jpeg,2,reject
35499_right_rot180.jpeg,2,reject
12157_left_rot90.jpeg,2,reject
5196_left_rot90.jpeg,2,reject
2066_left_rot270.jpeg,2,reject
20799_left_rot90.jpeg,2,reject
14431_right_rot90.jpeg,2,reject
23957_right_rot90.jpeg,2,reject
8744_left_rot90.jpeg,2,reject
24437_right_rot90.jpeg,2,reject
26217_left_rot90.jpeg,2,reject
39653_right_rot180.jpeg,2,reject
21389_right_rot90.jpeg,2,reject
11196_left_rot270.jpeg,2,reject
15587_left_rot180.jpeg,2,reject
1655_right_rot90.jpeg,2,reject
25826_left_rot270.jpeg,2,reject
37757_left_rot90.jpeg,2,reject
44330_left_rot180.jpeg,2,reject
9608_right_rot270.jpeg,2,reject
10844_right_rot180.jpeg,2,reject
38186_left_rot90.jpeg,2,reject
1878_right_rot90.jpeg,2,reject
20316_right_rot180.jpeg,2,reject
15060_left_rot90.jpeg,2,reject
9747_left_rot90.jpeg,2,reject
9958_right_rot90.jpeg,2,reject
18684_left_rot90.jpeg,2,reject
2139_right_rot180.jpeg,2,reject
8363_right_rot270.jpeg,2,reject
5196_left_rot270.jpeg,2,reject
8596_left_rot180.jpeg,2,reject
14195_left_rot180.jpeg,2,reject
2986_left_rot270.jpeg,2,reject
13392_right_rot180.jpeg,2,reject
30170_right_rot180.jpeg,2,reject
43416_left_rot180.jpeg,2,reject
24780_left_rot270.jpeg,2,reject
39632_right_rot90.jpeg,2,reject
18496_left_rot180.jpeg,2,reject
9590_right_rot180.jpeg,2,reject
102_left_rot180.jpeg,2,reject
39192_right_rot90.jpeg,2,reject
37457_left_rot90.jpeg,2,reject
203_left_rot270.jpeg,2,reject
22321_left_rot270.jpeg,2,reject
36456_left_rot90.jpeg,2,reject
1933_right_rot270.jpeg,2,reject
26863_left_rot90.jpeg,2,reject
14374_left_rot270.jpeg,2,reject
15408_left_rot270.jpeg,2,reject
31659_right_rot270.jpeg,2,reject
42208_right_rot90.jpeg,2,reject
686_right_rot90.jpeg,2,reject
13673_right_rot90.jpeg,2,reject
22687_right_rot90.jpeg,2,reject
29826_left_rot270.jpeg,2,reject
37147_left_rot180.jpeg,2,reject
43033_right_rot270.jpeg,2,reject
7460_left_rot270.jpeg,2,reject
115_right_rot180.jpeg,2,reject
32348_left_rot180.jpeg,2,reject
7017_right_rot90.jpeg,2,reject
24558_right_rot90.jpeg,2,reject
31830_right_rot180.jpeg,2,reject
17054_right_rot180.jpeg,2,reject
3851_left_rot180.jpeg,2,reject
39757_left_rot270.jpeg,2,reject
1718_left_rot270.jpeg,2,reject
29661_right_rot270.jpeg,2,reject
1351_left_rot90.jpeg,2,reject
8799_right_rot270.jpeg,2,reject
4322_left_rot90.jpeg,2,reject
24437_right_rot270.jpeg,2,reject
10952_right_rot90.jpeg,2,reject
42104_right_rot180.jpeg,2,reject
3750_right_rot90.jpeg,2,reject
686_left_rot180.jpeg,2,reject
40523_right_rot270.jpeg,2,reject
21834_right_rot270.jpeg,2,reject
39233_right_rot90.jpeg,2,reject
24773_left_rot270.jpeg,2,reject
25083_right_rot90.jpeg,2,reject
44268_left_rot270.jpeg,2,reject
40377_right_rot180.jpeg,2,reject
18901_left_rot180.jpeg,2,reject
5702_right_rot180.jpeg,2,reject
28625_right_rot180.jpeg,2,reject
20342_right_rot270.jpeg,2,reject
18188_right_rot270.jpeg,2,reject
9942_right_rot270.jpeg,2,reject
40339_left_rot180.jpeg,2,reject
28986_left_rot180.jpeg,2,reject
32979_right_rot90.jpeg,2,reject
9688_left_rot180.jpeg,2,reject
7460_left_rot180.jpeg,2,reject
41226_left_rot90.jpeg,2,reject
29840_left_rot270.jpeg,2,reject
378_left_rot270.jpeg,2,reject
43317_left_rot90.jpeg,2,reject
9688_left_rot270.jpeg,2,reject
30119_left_rot180.jpeg,2,reject
15780_right_rot270.jpeg,2,reject
24871_right_rot270.jpeg,2,reject
10569_left_rot270.jpeg,2,reject
40585_left_rot180.jpeg,2,reject
5430_right_rot180.jpeg,2,reject
42896_left_rot90.jpeg,2,reject
9942_left_rot270.jpeg,2,reject
30303_left_rot90.jpeg,2,reject
43379_right_rot90.jpeg,2,reject
13673_left_rot90.jpeg,2,reject
19143_left_rot180.jpeg,2,reject
36838_left_rot90.jpeg,2,reject
20546_right_rot180.jpeg,2,reject
38964_left_rot180.jpeg,2,reject
15899_left_rot90.jpeg,2,reject
8133_right_rot90.jpeg,2,reject
26486_left_rot180.jpeg,2,reject
37353_right_rot90.jpeg,2,reject
27081_left_rot90.jpeg,2,reject
43187_left_rot180.jpeg,2,reject
33711_right_rot90.jpeg,2,reject
12010_left_rot180.jpeg,2,reject
37790_right_rot270.jpeg,2,reject
5541_left_rot270.jpeg,2,reject
35871_left_rot90.jpeg,2,reject
20271_right_rot270.jpeg,2,reject
2888_left_rot270.jpeg,2,reject
6403_right_rot180.jpeg,2,reject
21720_right_rot90.jpeg,2,reject
43867_right_rot90.jpeg,2,reject
16882_left_rot270.jpeg,2,reject
5879_right_rot180.jpeg,2,reject
22026_left_rot180.jpeg,2,reject
10043_left_rot270.jpeg,2,reject
3639_left_rot90.jpeg,2,reject
22557_left_rot180.jpeg,2,reject
8663_left_rot180.jpeg,2,reject
33901_left_rot180.jpeg,2,reject
37608_right_rot90.jpeg,2,reject
26270_right_rot180.jpeg,2,reject
8619_right_rot180.jpeg,2,reject
13743_right_rot180.jpeg,2,reject
22992_right_rot270.jpeg,2,reject
17762_left_rot270.jpeg,2,reject
23433_left_rot90.jpeg,2,reject
10124_left_rot180.jpeg,2,reject
43062_right_rot270.jpeg,2,reject
29221_right_rot180.jpeg,2,reject
43074_right_rot180.jpeg,2,reject
18425_right_rot180.jpeg,2,reject
18931_left_rot270.jpeg,2,reject
29506_left_rot180.jpeg,2,reject
1362_right_rot270.jpeg,2,reject
14384_right_rot270.jpeg,2,reject
24292_right_rot90.jpeg,2,reject
5308_right_rot270.jpeg,2,reject
14908_left_rot270.jpeg,2,reject
13664_left_rot270.jpeg,2,reject
5976_left_rot180.jpeg,2,reject
40876_right_rot90.jpeg,2,reject
42749_left_rot180.jpeg,2,reject
31411_left_rot90.jpeg,2,reject
31830_right_rot90.jpeg,2,reject
24785_left_rot270.jpeg,2,reject
2062_right_rot180.jpeg,2,reject
30984_left_rot90.jpeg,2,reject
21447_left_rot270.jpeg,2,reject
30671_left_rot180.jpeg,2,reject
37231_right_rot270.jpeg,2,reject
25291_left_rot90.jpeg,2,reject
38437_right_rot180.jpeg,2,reject
43339_left_rot90.jpeg,2,reject
18440_left_rot90.jpeg,2,reject
14450_left_rot180.jpeg,2,reject
1052_left_rot270.jpeg,2,reject
42896_left_rot270.jpeg,2,reject
26113_right_rot90.jpeg,2,reject
22241_right_rot180.jpeg,2,reject
41205_right_rot270.jpeg,2,reject
39527_left_rot90.jpeg,2,reject
43369_right_rot270.jpeg,2,reject
30149_right_rot180.jpeg,2,reject
6759_left_rot270.jpeg,2,reject
39741_left_rot90.jpeg,2,reject
7318_left_rot90.jpeg,2,reject
15941_left_rot180.jpeg,2,reject
8619_right_rot90.jpeg,2,reject
40523_right_rot90.jpeg,2,reject
3851_left_rot270.jpeg,2,reject
33750_left_rot90.jpeg,2,reject
31710_right_rot90.jpeg,2,reject
26268_left_rot90.jpeg,2,reject
6096_right_rot90.jpeg,2,reject
31987_right_rot180.jpeg,2,reject
40489_right_rot180.jpeg,2,reject
39015_right_rot270.jpeg,2,reject
4831_right_rot180.jpeg,2,reject
14908_right_rot90.jpeg,2,reject
43202_left_rot180.jpeg,2,reject
30678_right_rot90.jpeg,2,reject
18315_left_rot180.jpeg,2,reject
13945_right_rot270.jpeg,2,reject
30728_left_rot180.jpeg,2,reject
2881_right_rot90.jpeg,2,reject
20062_left_rot90.jpeg,2,reject
2767_left_rot180.jpeg,2,reject
38949_left_rot90.jpeg,2,reject
34952_left_rot270.jpeg,2,reject
1336_left_rot90.jpeg,2,reject
22942_left_rot180.jpeg,2,reject
23141_right_rot180.jpeg,2,reject
12735_left_rot180.jpeg,2,reject
12563_left_rot270.jpeg,2,reject
23292_left_rot180.jpeg,2,reject
22307_left_rot270.jpeg,2,reject
25932_left_rot180.jpeg,2,reject
27759_left_rot270.jpeg,2,reject
8964_left_rot180.jpeg,2,reject
4764_left_rot180.jpeg,2,reject
33741_left_rot180.jpeg,2,reject
1862_left_rot270.jpeg,2,reject
34207_right_rot270.jpeg,2,reject
3797_left_rot90.jpeg,2,reject
5275_right_rot180.jpeg,2,reject
4197_left_rot180.jpeg,2,reject
30231_left_rot270.jpeg,2,reject
35365_left_rot270.jpeg,2,reject
6377_right_rot180.jpeg,2,reject
15018_left_rot180.jpeg,2,reject
28392_left_rot270.jpeg,2,reject
37366_left_rot180.jpeg,2,reject
11492_right_rot270.jpeg,2,reject
25308_right_rot180.jpeg,2,reject
40396_right_rot180.jpeg,2,reject
18201_right_rot270.jpeg,2,reject
35046_left_rot270.jpeg,2,reject
30678_right_rot270.jpeg,2,reject
42357_right_rot180.jpeg,2,reject
10534_left_rot90.jpeg,2,reject
21788_left_rot180.jpeg,2,reject
18210_left_rot270.jpeg,2,reject
9353_left_rot180.jpeg,2,reject
25818_left_rot180.jpeg,2,reject
7133_left_rot90.jpeg,2,reject
35699_right_rot270.jpeg,2,reject
10288_left_rot90.jpeg,2,reject
38849_right_rot180.jpeg,2,reject
4242_right_rot180.jpeg,2,reject
42951_right_rot270.jpeg,2,reject
21826_left_rot90.jpeg,2,reject
32523_right_rot180.jpeg,2,reject
28607_right_rot180.jpeg,2,reject
10230_left_rot90.jpeg,2,reject
30667_right_rot180.jpeg,2,reject
38160_right_rot90.jpeg,2,reject
41031_left_rot90.jpeg,2,reject
15964_right_rot90.jpeg,2,reject
32550_left_rot90.jpeg,2,reject
13848_right_rot90.jpeg,2,reject
35767_right_rot270.jpeg,2,reject
10853_right_rot90.jpeg,2,reject
30304_left_rot270.jpeg,2,reject
13743_right_rot270.jpeg,2,reject
24657_left_rot270.jpeg,2,reject
21039_left_rot90.jpeg,2,reject
27194_right_rot180.jpeg,2,reject
37427_left_rot270.jpeg,2,reject
18450_left_rot90.jpeg,2,reject
17762_right_rot180.jpeg,2,reject
44088_left_rot180.jpeg,2,reject
33921_left_rot90.jpeg,2,reject
7133_left_rot180.jpeg,2,reject
22266_right_rot180.jpeg,2,reject
38939_right_rot90.jpeg,2,reject
39169_left_rot90.jpeg,2,reject
216_right_rot270.jpeg,2,reject
31418_left_rot90.jpeg,2,reject
12378_right_rot270.jpeg,2,reject
8740_left_rot270.jpeg,2,reject
16816_left_rot180.jpeg,2,reject
11519_right_rot90.jpeg,2,reject
39321_right_rot180.jpeg,2,reject
29127_right_rot90.jpeg,2,reject
29327_left_rot180.jpeg,2,reject
32008_left_rot270.jpeg,2,reject
40534_right_rot180.jpeg,2,reject
7672_left_rot270.jpeg,2,reject
13541_right_rot270.jpeg,2,reject
6785_left_rot270.jpeg,2,reject
2169_right_rot180.jpeg,2,reject
17876_right_rot90.jpeg,2,reject
15302_left_rot180.jpeg,2,reject
15335_left_rot90.jpeg,2,reject
27926_right_rot90.jpeg,2,reject
6833_left_rot90.jpeg,2,reject
22321_left_rot180.jpeg,2,reject
12790_right_rot90.jpeg,2,reject
2357_left_rot90.jpeg,2,reject
18436_right_rot90.jpeg,2,reject
43202_left_rot270.jpeg,2,reject
4335_left_rot180.jpeg,2,reject
24780_right_rot270.jpeg,2,reject
17983_right_rot90.jpeg,2,reject
40819_right_rot180.jpeg,2,reject
31043_right_rot90.jpeg,2,reject
40499_right_rot270.jpeg,2,reject
43303_left_rot270.jpeg,2,reject
21345_left_rot90.jpeg,2,reject
17885_left_rot180.jpeg,2,reject
768_left_rot270.jpeg,2,reject
1943_left_rot90.jpeg,2,reject
14620_right_rot180.jpeg,2,reject
31418_right_rot90.jpeg,2,reject
36576_right_rot180.jpeg,2,reject
40089_right_rot180.jpeg,2,reject
721_right_rot90.jpeg,2,reject
14219_left_rot270.jpeg,2,reject
4721_right_rot90.jpeg,2,reject
39343_left_rot270.jpeg,2,reject
43369_left_rot270.jpeg,2,reject
941_left_rot90.jpeg,2,reject
40285_left_rot270.jpeg,2,reject
15023_left_rot270.jpeg,2,reject
18567_left_rot90.jpeg,2,reject
9133_left_rot270.jpeg,2,reject
3305_left_rot270.jpeg,2,reject
393_right_rot180.jpeg,2,reject
27414_right_rot270.jpeg,2,reject
40213_right_rot180.jpeg,2,reject
40786_left_rot180.jpeg,2,reject
24292_right_rot270.jpeg,2,reject
20102_left_rot90.jpeg,2,reject
5196_right_rot180.jpeg,2,reject
8316_left_rot270.jpeg,2,reject
4178_right_rot90.jpeg,2,reject
27081_right_rot270.jpeg,2,reject
18257_right_rot90.jpeg,2,reject
26289_left_rot90.jpeg,2,reject
21955_left_rot180.jpeg,2,reject
40440_right_rot270.jpeg,2,reject
44254_left_rot270.jpeg,2,reject
26594_left_rot180.jpeg,2,reject
26464_left_rot180.jpeg,2,reject
30899_right_rot270.jpeg,2,reject
15408_right_rot180.jpeg,2,reject
34117_left_rot180.jpeg,2,reject
24980_right_rot90.jpeg,2,reject
4629_right_rot270.jpeg,2,reject
5410_right_rot180.jpeg,2,reject
12264_right_rot270.jpeg,2,reject
2106_right_rot180.jpeg,2,reject
42260_right_rot270.jpeg,2,reject
10218_right_rot180.jpeg,2,reject
23648_right_rot90.jpeg,2,reject
4773_left_rot90.jpeg,2,reject
26200_left_rot90.jpeg,2,reject
29615_left_rot180.jpeg,2,reject
33127_right_rot90.jpeg,2,reject
40947_right_rot90.jpeg,2,reject
29938_right_rot270.jpeg,2,reject
563_left_rot270.jpeg,2,reject
1348_left_rot180.jpeg,2,reject
10129_left_rot90.jpeg,2,reject
36316_right_rot90.jpeg,2,reject
5423_right_rot90.jpeg,2,reject
5869_left_rot180.jpeg,2,reject
16802_right_rot180.jpeg,2,reject
17684_right_rot270.jpeg,2,reject
41761_right_rot180.jpeg,2,reject
13651_right_rot90.jpeg,2,reject
21339_left_rot180.jpeg,2,reject
38083_right_rot180.jpeg,2,reject
29418_left_rot90.jpeg,2,reject
11196_left_rot180.jpeg,2,reject
38949_left_rot180.jpeg,2,reject
26268_left_rot180.jpeg,2,reject
21981_right_rot270.jpeg,2,reject
12866_right_rot90.jpeg,2,reject
9979_left_rot270.jpeg,2,reject
25002_left_rot90.jpeg,2,reject
15236_left_rot180.jpeg,2,reject
13584_left_rot270.jpeg,2,reject
36256_left_rot180.jpeg,2,reject
16652_right_rot180.jpeg,2,reject
3401_left_rot270.jpeg,2,reject
20271_right_rot180.jpeg,2,reject
43041_right_rot180.jpeg,2,reject
22321_right_rot270.jpeg,2,reject
33175_left_rot270.jpeg,2,reject
42007_left_rot90.jpeg,2,reject
43304_left_rot90.jpeg,2,reject
3608_right_rot180.jpeg,2,reject
5295_right_rot90.jpeg,2,reject
5573_left_rot270.jpeg,2,reject
5816_right_rot90.jpeg,2,reject
26978_right_rot180.jpeg,2,reject
2767_left_rot270.jpeg,2,reject
30026_left_rot180.jpeg,2,reject
41876_left_rot90.jpeg,2,reject
39983_left_rot180.jpeg,2,reject
10952_left_rot90.jpeg,2,reject
43892_right_rot270.jpeg,2,reject
33561_right_rot270.jpeg,2,reject
31987_right_rot270.jpeg,2,reject
24777_left_rot270.jpeg,2,reject
14474_right_rot180.jpeg,2,reject
39114_right_rot90.jpeg,2,reject
13022_right_rot180.jpeg,2,reject
5633_right_rot270.jpeg,2,reject
16691_left_rot90.jpeg,2,reject
15682_right_rot270.jpeg,2,reject
28007_left_rot270.jpeg,2,reject
2735_right_rot270.jpeg,2,reject
4043_left_rot90.jpeg,2,reject
19347_left_rot270.jpeg,2,reject
30354_left_rot270.jpeg,2,reject
1655_right_rot270.jpeg,2,reject
2258_left_rot180.jpeg,2,reject
44076_right_rot270.jpeg,2,reject
7992_right_rot180.jpeg,2,reject
40548_left_rot180.jpeg,2,reject
2664_left_rot180.jpeg,2,reject
36699_left_rot270.jpeg,2,reject
23540_left_rot90.jpeg,2,reject
12575_right_rot90.jpeg,2,reject
40405_left_rot270.jpeg,2,reject
5770_right_rot180.jpeg,2,reject
38186_left_rot270.jpeg,2,reject
38925_left_rot180.jpeg,2,reject
4403_left_rot180.jpeg,2,reject
8527_right_rot180.jpeg,2,reject
20960_right_rot270.jpeg,2,reject
36852_left_rot180.jpeg,2,reject
17568_right_rot270.jpeg,2,reject
216_right_rot90.jpeg,2,reject
8677_right_rot180.jpeg,2,reject
14237_left_rot270.jpeg,2,reject
24747_right_rot90.jpeg,2,reject
35966_left_rot180.jpeg,2,reject
30747_left_rot90.jpeg,2,reject
25626_left_rot270.jpeg,2,reject
41828_right_rot90.jpeg,2,reject
36006_left_rot90.jpeg,2,reject
18030_right_rot180.jpeg,2,reject
30784_left_rot90.jpeg,2,reject
26820_left_rot180.jpeg,2,reject
3059_right_rot90.jpeg,2,reject
38502_right_rot270.jpeg,2,reject
43119_left_rot180.jpeg,2,reject
44175_left_rot180.jpeg,2,reject
26402_left_rot270.jpeg,2,reject
35680_left_rot270.jpeg,2,reject
23949_left_rot90.jpeg,2,reject
19771_right_rot90.jpeg,2,reject
38447_left_rot270.jpeg,2,reject
5465_left_rot270.jpeg,2,reject
21965_right_rot90.jpeg,2,reject
35893_right_rot270.jpeg,2,reject
37457_right_rot180.jpeg,2,reject
33414_right_rot270.jpeg,2,reject
8619_left_rot270.jpeg,2,reject
23462_right_rot90.jpeg,2,reject
26590_left_rot90.jpeg,2,reject
23949_left_rot180.jpeg,2,reject
16693_right_rot90.jpeg,2,reject
13494_left_rot180.jpeg,2,reject
41226_left_rot180.jpeg,2,reject
25926_right_rot180.jpeg,2,reject
17555_left_rot270.jpeg,2,reject
21886_right_rot180.jpeg,2,reject
36325_right_rot90.jpeg,2,reject
21460_right_rot270.jpeg,2,reject
43105_right_rot90.jpeg,2,reject
1008_left_rot180.jpeg,2,reject
32502_right_rot180.jpeg,2,reject
11304_left_rot270.jpeg,2,reject
20468_right_rot270.jpeg,2,reject
22543_left_rot90.jpeg,2,reject
35429_right_rot180.jpeg,2,reject
42607_left_rot270.jpeg,2,reject
11198_right_rot270.jpeg,2,reject
29187_left_rot90.jpeg,2,reject
43631_right_rot90.jpeg,2,reject
5632_left_rot270.jpeg,2,reject
22001_right_rot270.jpeg,2,reject
13664_right_rot180.jpeg,2,reject
20026_right_rot90.jpeg,2,reject
29432_right_rot180.jpeg,2,reject
13150_left_rot90.jpeg,2,reject
24881_left_rot180.jpeg,2,reject
29018_right_rot90.jpeg,2,reject
43379_left_rot270.jpeg,2,reject
41445_left_rot90.jpeg,2,reject
2262_left_rot90.jpeg,2,reject
7318_left_rot180.jpeg,2,reject
31955_left_rot180.jpeg,2,reject
11623_right_rot180.jpeg,2,reject
37244_left_rot270.jpeg,2,reject
24063_left_rot270.jpeg,2,reject
14139_left_rot270.jpeg,2,reject
28356_right_rot90.jpeg,2,reject
4593_right_rot270.jpeg,2,reject
25308_right_rot90.jpeg,2,reject
9759_left_rot180.jpeg,2,reject
13541_right_rot180.jpeg,2,reject
33337_right_rot90.jpeg,2,reject
27885_left_rot180.jpeg,2,reject
3750_right_rot270.jpeg,2,reject
25881_left_rot180.jpeg,2,reject
32220_left_rot270.jpeg,2,reject
17317_left_rot180.jpeg,2,reject
28897_left_rot270.jpeg,2,reject
38447_right_rot270.jpeg,2,reject
34207_right_rot180.jpeg,2,reject
4043_right_rot90.jpeg,2,reject
11048_left_rot270.jpeg,2,reject
36293_right_rot180.jpeg,2,reject
41342_left_rot90.jpeg,2,reject
44193_right_rot90.jpeg,2,reject
43033_right_rot90.jpeg,2,reject
36024_left_rot180.jpeg,2,reject
38447_left_rot90.jpeg,2,reject
37957_left_rot90.jpeg,2,reject
694_right_rot180.jpeg,2,reject
27644_right_rot270.jpeg,2,reject
4162_right_rot180.jpeg,2,reject
12320_left_rot90.jpeg,2,reject
22023_left_rot90.jpeg,2,reject
29139_left_rot270.jpeg,2,reject
36014_right_rot270.jpeg,2,reject
13863_left_rot270.jpeg,2,reject
19213_right_rot90.jpeg,2,reject
10343_left_rot180.jpeg,2,reject
4327_left_rot180.jpeg,2,reject
34236_left_rot270.jpeg,2,reject
6519_left_rot270.jpeg,2,reject
7825_right_rot90.jpeg,2,reject
30899_left_rot270.jpeg,2,reject
958_left_rot180.jpeg,2,reject
32460_left_rot90.jpeg,2,reject
5295_left_rot180.jpeg,2,reject
42728_left_rot90.jpeg,2,reject
30646_left_rot180.jpeg,2,reject
2144_left_rot90.jpeg,2,reject
36325_right_rot180.jpeg,2,reject
39527_left_rot270.jpeg,2,reject
4688_left_rot270.jpeg,2,reject
11623_right_rot270.jpeg,2,reject
24346_right_rot90.jpeg,2,reject
30231_left_rot180.jpeg,2,reject
41280_right_rot180.jpeg,2,reject
3267_left_rot270.jpeg,2,reject
6141_right_rot180.jpeg,2,reject
22744_left_rot270.jpeg,2,reject
21824_left_rot270.jpeg,2,reject
10230_right_rot180.jpeg,2,reject
41430_left_rot180.jpeg,2,reject
31955_left_rot270.jpeg,2,reject
24736_left_rot90.jpeg,2,reject
23088_right_rot90.jpeg,2,reject
28976_left_rot90.jpeg,2,reject
19773_left_rot270.jpeg,2,reject
15587_left_rot270.jpeg,2,reject
40903_left_rot90.jpeg,2,reject
41301_right_rot180.jpeg,2,reject
16858_left_rot90.jpeg,2,reject
31034_right_rot180.jpeg,2,reject
20784_left_rot270.jpeg,2,reject
37244_left_rot90.jpeg,2,reject
43387_left_rot270.jpeg,2,reject
43631_left_rot90.jpeg,2,reject
1228_left_rot180.jpeg,2,reject
11129_right_rot90.jpeg,2,reject
26300_right_rot90.jpeg,2,reject
14405_right_rot90.jpeg,2,reject
11182_left_rot90.jpeg,2,reject
42294_right_rot270.jpeg,2,reject
29268_right_rot90.jpeg,2,reject
22667_left_rot180.jpeg,2,reject
6544_left_rot180.jpeg,2,reject
36730_left_rot180.jpeg,2,reject
27759_right_rot270.jpeg,2,reject
26064_left_rot270.jpeg,2,reject
42832_left_rot90.jpeg,2,reject
43576_left_rot180.jpeg,2,reject
43612_left_rot270.jpeg,2,reject
3382_right_rot90.jpeg,2,reject
10640_left_rot90.jpeg,2,reject
15954_left_rot180.jpeg,2,reject
20428_left_rot270.jpeg,2,reject
20960_left_rot180.jpeg,2,reject
31916_left_rot270.jpeg,2,reject
15688_left_rot90.jpeg,2,reject
34113_left_rot270.jpeg,2,reject
36965_left_rot270.jpeg,2,reject
39192_right_rot180.jpeg,2,reject
15529_right_rot270.jpeg,2,reject
17864_right_rot90.jpeg,2,reject
26863_right_rot270.jpeg,2,reject
4307_left_rot270.jpeg,2,reject
9608_left_rot90.jpeg,2,reject
26466_right_rot180.jpeg,2,reject
8316_right_rot270.jpeg,2,reject
24148_left_rot180.jpeg,2,reject
483_left_rot270.jpeg,2,reject
43948_right_rot270.jpeg,2,reject
12721_right_rot270.jpeg,2,reject
43932_right_rot90.jpeg,2,reject
41000_right_rot180.jpeg,2,reject
21981_right_rot180.jpeg,2,reject
21965_right_rot180.jpeg,2,reject
27413_left_rot180.jpeg,2,reject
19030_left_rot270.jpeg,2,reject
42804_right_rot270.jpeg,2,reject
13865_left_rot90.jpeg,2,reject
35690_left_rot180.jpeg,2,reject
18450_left_rot270.jpeg,2,reject
13276_right_rot270.jpeg,2,reject
43466_right_rot270.jpeg,2,reject
36903_right_rot270.jpeg,2,reject
40499_right_rot180.jpeg,2,reject
8532_right_rot90.jpeg,2,reject
40650_right_rot180.jpeg,2,reject
10464_left_rot270.jpeg,2,reject
28268_right_rot270.jpeg,2,reject
36456_right_rot90.jpeg,2,reject
1362_right_rot90.jpeg,2,reject
9830_left_rot180.jpeg,2,reject
10169_left_rot270.jpeg,2,reject
30675_left_rot180.jpeg,2,reject
39564_left_rot270.jpeg,2,reject
40643_left_rot90.jpeg,2,reject
44148_left_rot180.jpeg,2,reject
36627_right_rot270.jpeg,2,reject
8439_left_rot90.jpeg,2,reject
42939_right_rot180.jpeg,2,reject
3797_left_rot180.jpeg,2,reject
21373_left_rot90.jpeg,2,reject
1737_left_rot180.jpeg,2,reject
7291_left_rot270.jpeg,2,reject
14834_left_rot90.jpeg,2,reject
23630_left_rot270.jpeg,2,reject
23379_right_rot180.jpeg,2,reject
37079_left_rot180.jpeg,2,reject
9448_right_rot180.jpeg,2,reject
2756_left_rot180.jpeg,2,reject
14129_left_rot90.jpeg,2,reject
37033_right_rot180.jpeg,2,reject
5258_right_rot90.jpeg,2,reject
34666_left_rot180.jpeg,2,reject
13811_right_rot270.jpeg,2,reject
31857_left_rot180.jpeg,2,reject
20468_right_rot180.jpeg,2,reject
36325_left_rot270.jpeg,2,reject
23540_left_rot270.jpeg,2,reject
27103_right_rot270.jpeg,2,reject
10333_left_rot180.jpeg,2,reject
32725_left_rot90.jpeg,2,reject
23814_left_rot90.jpeg,2,reject
17912_left_rot180.jpeg,2,reject
9804_right_rot270.jpeg,2,reject
11894_left_rot180.jpeg,2,reject
33921_left_rot180.jpeg,2,reject
15320_left_rot180.jpeg,2,reject
18516_left_rot270.jpeg,2,reject
36510_left_rot270.jpeg,2,reject
378_left_rot180.jpeg,2,reject
30997_right_rot180.jpeg,2,reject
29221_right_rot270.jpeg,2,reject
24777_left_rot90.jpeg,2,reject
43025_right_rot180.jpeg,2,reject
26160_right_rot90.jpeg,2,reject
5410_right_rot270.jpeg,2,reject
10408_left_rot270.jpeg,2,reject
14432_left_rot180.jpeg,2,reject
29218_left_rot180.jpeg,2,reject
14237_left_rot180.jpeg,2,reject
11759_right_rot90.jpeg,2,reject
14806_left_rot90.jpeg,2,reject
8470_left_rot180.jpeg,2,reject
33319_left_rot90.jpeg,2,reject
15636_left_rot180.jpeg,2,reject
4593_right_rot90.jpeg,2,reject
40465_right_rot90.jpeg,2,reject
9804_left_rot180.jpeg,2,reject
4887_left_rot180.jpeg,2,reject
37147_left_rot90.jpeg,2,reject
18213_left_rot180.jpeg,2,reject
8181_right_rot270.jpeg,2,reject
3530_right_rot270.jpeg,2,reject
2857_right_rot90.jpeg,2,reject
6759_left_rot90.jpeg,2,reject
37353_left_rot180.jpeg,2,reject
3220_left_rot180.jpeg,2,reject
40667_right_rot90.jpeg,2,reject
29642_left_rot270.jpeg,2,reject
2159_right_rot270.jpeg,2,reject
41176_left_rot90.jpeg,2,reject
3722_right_rot180.jpeg,2,reject
40941_right_rot90.jpeg,2,reject
30958_left_rot270.jpeg,2,reject
14915_right_rot90.jpeg,2,reject
18257_left_rot90.jpeg,2,reject
26541_left_rot180.jpeg,2,reject
36453_left_rot180.jpeg,2,reject
9324_right_rot180.jpeg,2,reject
14216_left_rot90.jpeg,2,reject
14915_left_rot270.jpeg,2,reject
23462_right_rot180.jpeg,2,reject
32348_left_rot270.jpeg,2,reject
18562_right_rot90.jpeg,2,reject
8143_left_rot180.jpeg,2,reject
39413_left_rot180.jpeg,2,reject
5613_left_rot90.jpeg,2,reject
43416_left_rot90.jpeg,2,reject
19512_left_rot270.jpeg,2,reject
14379_left_rot270.jpeg,2,reject
33576_left_rot180.jpeg,2,reject
12546_right_rot270.jpeg,2,reject
5423_left_rot90.jpeg,2,reject
29956_left_rot180.jpeg,2,reject
5816_left_rot270.jpeg,2,reject
32726_left_rot90.jpeg,2,reject
41280_right_rot90.jpeg,2,reject
35860_left_rot180.jpeg,2,reject
111_left_rot90.jpeg,2,reject
22978_right_rot90.jpeg,2,reject
41499_left_rot270.jpeg,2,reject
14281_left_rot90.jpeg,2,reject
35457_left_rot270.jpeg,2,reject
1336_left_rot180.jpeg,2,reject
9516_right_rot270.jpeg,2,reject
26270_right_rot90.jpeg,2,reject
26601_right_rot90.jpeg,2,reject
3780_left_rot270.jpeg,2,reject
27186_left_rot270.jpeg,2,reject
9682_left_rot90.jpeg,2,reject
33319_left_rot270.jpeg,2,reject
34058_left_rot90.jpeg,2,reject
38795_right_rot270.jpeg,2,reject
36754_right_rot270.jpeg,2,reject
4322_right_rot270.jpeg,2,reject
1123_right_rot180.jpeg,2,reject
40183_left_rot180.jpeg,2,reject
43725_left_rot180.jpeg,2,reject
26466_right_rot270.jpeg,2,reject
38979_left_rot180.jpeg,2,reject
11182_right_rot90.jpeg,2,reject
27278_left_rot180.jpeg,2,reject
42695_left_rot270.jpeg,2,reject
4933_right_rot270.jpeg,2,reject
31048_left_rot90.jpeg,2,reject
9116_right_rot90.jpeg,2,reject
10503_left_rot180.jpeg,2,reject
43025_right_rot90.jpeg,2,reject
8116_left_rot180.jpeg,2,reject
26962_left_rot180.jpeg,2,reject
21720_right_rot180.jpeg,2,reject
43382_left_rot270.jpeg,2,reject
37834_left_rot270.jpeg,2,reject
32469_left_rot270.jpeg,2,reject
5992_left_rot270.jpeg,2,reject
36640_left_rot180.jpeg,2,reject
37284_right_rot90.jpeg,2,reject
39465_right_rot270.jpeg,2,reject
24341_right_rot180.jpeg,2,reject
10401_left_rot90.jpeg,2,reject
40650_left_rot180.jpeg,2,reject
15408_left_rot90.jpeg,2,reject
4312_right_rot180.jpeg,2,reject
25166_left_rot90.jpeg,2,reject
5803_right_rot270.jpeg,2,reject
19378_left_rot90.jpeg,2,reject
23284_left_rot180.jpeg,2,reject
3938_right_rot90.jpeg,2,reject
43041_right_rot90.jpeg,2,reject
14877_left_rot270.jpeg,2,reject
4499_right_rot270.jpeg,2,reject
42949_left_rot90.jpeg,2,reject
16658_left_rot180.jpeg,2,reject
39999_right_rot270.jpeg,2,reject
9976_left_rot270.jpeg,2,reject
3812_left_rot90.jpeg,2,reject
1878_left_rot270.jpeg,2,reject
18293_left_rot90.jpeg,2,reject
38856_right_rot180.jpeg,2,reject
23692_left_rot90.jpeg,2,reject
25181_left_rot180.jpeg,2,reject
10440_left_rot180.jpeg,2,reject
44191_left_rot90.jpeg,2,reject
2204_left_rot180.jpeg,2,reject
17205_left_rot180.jpeg,2,reject
26820_left_rot270.jpeg,2,reject
38721_right_rot90.jpeg,2,reject
3818_left_rot180.jpeg,2,reject
39530_right_rot270.jpeg,2,reject
40341_right_rot90.jpeg,2,reject
4629_left_rot270.jpeg,2,reject
24641_left_rot180.jpeg,2,reject
43593_right_rot90.jpeg,2,reject
4583_right_rot180.jpeg,2,reject
22122_left_rot180.jpeg,2,reject
17689_right_rot90.jpeg,2,reject
8245_left_rot270.jpeg,2,reject
17658_left_rot270.jpeg,2,reject
14835_left_rot270.jpeg,2,reject
42026_left_rot90.jpeg,2,reject
6316_left_rot270.jpeg,2,reject
35107_left_rot270.jpeg,2,reject
41226_left_rot270.jpeg,2,reject
3611_left_rot270.jpeg,2,reject
39702_left_rot90.jpeg,2,reject
22286_right_rot270.jpeg,2,reject
33750_left_rot270.jpeg,2,reject
31659_left_rot180.jpeg,2,reject
19047_left_rot270.jpeg,2,reject
38083_left_rot180.jpeg,2,reject
18539_left_rot180.jpeg,2,reject
14835_left_rot180.jpeg,2,reject
35457_left_rot90.jpeg,2,reject
39702_right_rot270.jpeg,2,reject
4568_left_rot180.jpeg,2,reject
8028_right_rot270.jpeg,2,reject
29652_left_rot270.jpeg,2,reject
43998_left_rot270.jpeg,2,reject
39413_left_rot90.jpeg,2,reject
15682_right_rot180.jpeg,2,reject
18201_right_rot180.jpeg,2,reject
42860_right_rot180.jpeg,2,reject
5770_right_rot90.jpeg,2,reject
18070_left_rot90.jpeg,2,reject
22268_left_rot180.jpeg,2,reject
34913_left_rot270.jpeg,2,reject
13945_right_rot180.jpeg,2,reject
35215_right_rot180.jpeg,2,reject
36965_left_rot90.jpeg,2,reject
36375_left_rot90.jpeg,2,reject
1722_left_rot270.jpeg,2,reject
28598_right_rot180.jpeg,2,reject
6228_left_rot180.jpeg,2,reject
1051_right_rot90.jpeg,2,reject
3220_right_rot90.jpeg,2,reject
8527_right_rot270.jpeg,2,reject
4773_left_rot270.jpeg,2,reject
39699_left_rot270.jpeg,2,reject
1336_left_rot270.jpeg,2,reject
7938_right_rot270.jpeg,2,reject
9690_left_rot270.jpeg,2,reject
43041_left_rot90.jpeg,2,reject
38507_left_rot90.jpeg,2,reject
31428_left_rot270.jpeg,2,reject
5623_left_rot270.jpeg,2,reject
37160_right_rot90.jpeg,2,reject
3275_left_rot180.jpeg,2,reject
12256_right_rot90.jpeg,2,reject
27686_right_rot180.jpeg,2,reject
41445_right_rot90.jpeg,2,reject
36288_right_rot270.jpeg,2,reject
29432_right_rot90.jpeg,2,reject
43593_left_rot90.jpeg,2,reject
990_right_rot180.jpeg,2,reject
39233_right_rot180.jpeg,2,reject
22556_left_rot180.jpeg,2,reject
1986_left_rot180.jpeg,2,reject
22716_left_rot270.jpeg,2,reject
30405_right_rot90.jpeg,2,reject
43379_left_rot90.jpeg,2,reject
35767_left_rot180.jpeg,2,reject
2903_left_rot180.jpeg,2,reject
34836_right_rot180.jpeg,2,reject
6433_right_rot270.jpeg,2,reject
24478_left_rot90.jpeg,2,reject
21039_left_rot270.jpeg,2,reject
2258_left_rot270.jpeg,2,reject
26217_left_rot180.jpeg,2,reject
16009_right_rot180.jpeg,2,reject
44091_left_rot270.jpeg,2,reject
22667_left_rot270.jpeg,2,reject
30728_left_rot270.jpeg,2,reject
3401_left_rot180.jpeg,2,reject
184_right_rot90.jpeg,2,reject
29127_left_rot180.jpeg,2,reject
41693_left_rot90.jpeg,2,reject
11204_left_rot270.jpeg,2,reject
404_left_rot270.jpeg,2,reject
2881_right_rot180.jpeg,2,reject
25283_left_rot270.jpeg,2,reject
3266_left_rot90.jpeg,2,reject
34284_left_rot270.jpeg,2,reject
13184_left_rot180.jpeg,2,reject
27339_left_rot90.jpeg,2,reject
43935_left_rot180.jpeg,2,reject
21373_right_rot270.jpeg,2,reject
12168_left_rot270.jpeg,2,reject
8797_right_rot90.jpeg,2,reject
44083_right_rot180.jpeg,2,reject
17983_right_rot270.jpeg,2,reject
734_right_rot180.jpeg,2,reject
38132_right_rot180.jpeg,2,reject
6512_right_rot90.jpeg,2,reject
24980_left_rot90.jpeg,2,reject
27842_left_rot270.jpeg,2,reject
40339_left_rot270.jpeg,2,reject
721_right_rot270.jpeg,2,reject
1002_left_rot180.jpeg,2,reject
40495_left_rot180.jpeg,2,reject
36576_right_rot270.jpeg,2,reject
14379_left_rot180.jpeg,2,reject
21584_left_rot90.jpeg,2,reject
39114_right_rot180.jpeg,2,reject
38907_right_rot270.jpeg,2,reject
29088_right_rot90.jpeg,2,reject
36288_right_rot180.jpeg,2,reject
35160_right_rot270.jpeg,2,reject
42208_right_rot270.jpeg,2,reject
660_right_rot180.jpeg,2,reject
8202_left_rot180.jpeg,2,reject
35655_right_rot90.jpeg,2,reject
28106_left_rot90.jpeg,2,reject
38186_right_rot270.jpeg,2,reject
33561_left_rot270.jpeg,2,reject
30231_right_rot180.jpeg,2,reject
9682_left_rot270.jpeg,2,reject
12676_left_rot180.jpeg,2,reject
25083_left_rot180.jpeg,2,reject
29708_right_rot180.jpeg,2,reject
33175_left_rot180.jpeg,2,reject
404_right_rot270.jpeg,2,reject
9688_left_rot90.jpeg,2,reject
31880_right_rot270.jpeg,2,reject
1943_left_rot270.jpeg,2,reject
44193_right_rot180.jpeg,2,reject
18315_left_rot270.jpeg,2,reject
30170_right_rot270.jpeg,2,reject
23630_left_rot180.jpeg,2,reject
21955_left_rot90.jpeg,2,reject
11464_left_rot180.jpeg,2,reject
7607_right_rot270.jpeg,2,reject
30155_left_rot180.jpeg,2,reject
7741_left_rot90.jpeg,2,reject
7383_left_rot90.jpeg,2,reject
19177_right_rot90.jpeg,2,reject
16418_left_rot180.jpeg,2,reject
10854_right_rot90.jpeg,2,reject
8316_right_rot180.jpeg,2,reject
35488_left_rot90.jpeg,2,reject
43929_right_rot180.jpeg,2,reject
32943_left_rot270.jpeg,2,reject
42042_right_rot180.jpeg,2,reject
17644_left_rot180.jpeg,2,reject
13673_left_rot270.jpeg,2,reject
11228_left_rot180.jpeg,2,reject
32541_left_rot270.jpeg,2,reject
16085_left_rot180.jpeg,2,reject
4674_right_rot180.jpeg,2,reject
18226_right_rot270.jpeg,2,reject
20102_right_rot270.jpeg,2,reject
43867_right_rot180.jpeg,2,reject
18210_left_rot90.jpeg,2,reject
10058_left_rot270.jpeg,2,reject
41282_right_rot270.jpeg,2,reject
6918_left_rot270.jpeg,2,reject
24346_right_rot180.jpeg,2,reject
41929_right_rot180.jpeg,2,reject
20026_right_rot270.jpeg,2,reject
9324_right_rot270.jpeg,2,reject
21298_right_rot90.jpeg,2,reject
34058_right_rot270.jpeg,2,reject
1092_left_rot90.jpeg,2,reject
18853_left_rot270.jpeg,2,reject
8663_left_rot90.jpeg,2,reject
30747_left_rot180.jpeg,2,reject
43387_left_rot90.jpeg,2,reject
40903_left_rot270.jpeg,2,reject
31421_right_rot180.jpeg,2,reject
31428_left_rot180.jpeg,2,reject
22176_left_rot270.jpeg,2,reject
36325_right_rot270.jpeg,2,reject
14374_left_rot180.jpeg,2,reject
19368_right_rot180.jpeg,2,reject
7383_left_rot180.jpeg,2,reject
43303_right_rot180.jpeg,2,reject
18786_left_rot90.jpeg,2,reject
18516_right_rot180.jpeg,2,reject
11828_right_rot90.jpeg,2,reject
5004_right_rot270.jpeg,2,reject
9159_right_rot180.jpeg,2,reject
2664_left_rot270.jpeg,2,reject
115_right_rot90.jpeg,2,reject
18802_right_rot180.jpeg,2,reject
37554_left_rot270.jpeg,2,reject
36024_left_rot270.jpeg,2,reject
42139_right_rot180.jpeg,2,reject
25646_right_rot270.jpeg,2,reject
42891_left_rot180.jpeg,2,reject
17869_right_rot270.jpeg,2,reject
31043_right_rot270.jpeg,2,reject
14935_left_rot180.jpeg,2,reject
9942_right_rot90.jpeg,2,reject
5178_right_rot90.jpeg,2,reject
19236_right_rot90.jpeg,2,reject
27194_left_rot90.jpeg,2,reject
24916_left_rot180.jpeg,2,reject
13530_left_rot180.jpeg,2,reject
4601_right_rot270.jpeg,2,reject
27597_left_rot90.jpeg,2,reject
38274_right_rot270.jpeg,2,reject
44076_right_rot180.jpeg,2,reject
40819_left_rot270.jpeg,2,reject
42299_right_rot270.jpeg,2,reject
27904_left_rot270.jpeg,2,reject
5295_left_rot90.jpeg,2,reject
35690_left_rot270.jpeg,2,reject
43119_left_rot270.jpeg,2,reject
42695_left_rot90.jpeg,2,reject
26863_left_rot270.jpeg,2,reject
5803_right_rot180.jpeg,2,reject
34609_right_rot270.jpeg,2,reject
20114_right_rot180.jpeg,2,reject
42772_left_rot270.jpeg,2,reject
6418_left_rot180.jpeg,2,reject
6888_left_rot270.jpeg,2,reject
1868_right_rot180.jpeg,2,reject
8588_left_rot90.jpeg,2,reject
8342_right_rot90.jpeg,2,reject
28991_left_rot180.jpeg,2,reject
1119_left_rot180.jpeg,2,reject
34395_left_rot90.jpeg,2,reject
40994_right_rot270.jpeg,2,reject
32320_right_rot90.jpeg,2,reject
38721_right_rot180.jpeg,2,reject
3611_right_rot270.jpeg,2,reject
32176_left_rot270.jpeg,2,reject
35297_right_rot90.jpeg,2,reject
13275_right_rot90.jpeg,2,reject
44092_right_rot270.jpeg,2,reject
3750_left_rot270.jpeg,2,reject
19177_left_rot90.jpeg,2,reject
6823_right_rot180.jpeg,2,reject
28185_left_rot180.jpeg,2,reject
10234_right_rot180.jpeg,2,reject
30831_right_rot90.jpeg,2,reject
40662_right_rot180.jpeg,2,reject
37957_right_rot180.jpeg,2,reject
13499_left_rot180.jpeg,2,reject
3439_right_rot270.jpeg,2,reject
22543_left_rot270.jpeg,2,reject
1098_left_rot90.jpeg,2,reject
14379_left_rot90.jpeg,2,reject
29784_left_rot270.jpeg,2,reject
23327_left_rot90.jpeg,2,reject
32198_right_rot270.jpeg,2,reject
15506_left_rot90.jpeg,2,reject
37183_left_rot90.jpeg,2,reject
23345_right_rot180.jpeg,2,reject
23345_right_rot270.jpeg,2,reject
42542_right_rot90.jpeg,2,reject
8962_left_rot90.jpeg,2,reject
8209_left_rot90.jpeg,2,reject
43375_right_rot90.jpeg,2,reject
40183_left_rot270.jpeg,2,reject
43303_right_rot270.jpeg,2,reject
4499_right_rot90.jpeg,2,reject
19177_right_rot270.jpeg,2,reject
9783_right_rot270.jpeg,2,reject
13743_left_rot90.jpeg,2,reject
5250_left_rot90.jpeg,2,reject
1926_left_rot90.jpeg,2,reject
43383_right_rot90.jpeg,2,reject
33337_left_rot90.jpeg,2,reject
15222_left_rot270.jpeg,2,reject
29187_left_rot270.jpeg,2,reject
9068_right_rot270.jpeg,2,reject
1362_right_rot180.jpeg,2,reject
17869_right_rot90.jpeg,2,reject
19104_right_rot180.jpeg,2,reject
24472_left_rot90.jpeg,2,reject
10996_left_rot180.jpeg,2,reject
10444_left_rot270.jpeg,2,reject
5927_left_rot90.jpeg,2,reject
766_left_rot270.jpeg,2,reject
32712_left_rot90.jpeg,2,reject
13588_right_rot270.jpeg,2,reject
40603_right_rot90.jpeg,2,reject
34646_right_rot90.jpeg,2,reject
14656_left_rot270.jpeg,2,reject
41746_left_rot270.jpeg,2,reject
3298_right_rot180.jpeg,2,reject
26243_right_rot270.jpeg,2,reject
8028_left_rot90.jpeg,2,reject
41031_left_rot180.jpeg,2,reject
1378_left_rot270.jpeg,2,reject
5633_right_rot90.jpeg,2,reject
7003_left_rot90.jpeg,2,reject
745_left_rot90.jpeg,2,reject
17411_left_rot180.jpeg,2,reject
8928_right_rot90.jpeg,2,reject
26148_right_rot180.jpeg,2,reject
9122_right_rot270.jpeg,2,reject
25818_left_rot90.jpeg,2,reject
4933_right_rot180.jpeg,2,reject
42082_left_rot270.jpeg,2,reject
26289_left_rot180.jpeg,2,reject
5004_left_rot270.jpeg,2,reject
4307_left_rot180.jpeg,2,reject
16025_left_rot90.jpeg,2,reject
30899_left_rot180.jpeg,2,reject
41940_right_rot270.jpeg,2,reject
41205_right_rot180.jpeg,2,reject
35601_right_rot90.jpeg,2,reject
16370_right_rot180.jpeg,2,reject
17221_left_rot90.jpeg,2,reject
11182_right_rot270.jpeg,2,reject
13584_left_rot180.jpeg,2,reject
41000_right_rot90.jpeg,2,reject
33732_left_rot180.jpeg,2,reject
36806_left_rot90.jpeg,2,reject
14425_left_rot180.jpeg,2,reject
8202_left_rot270.jpeg,2,reject
17453_right_rot90.jpeg,2,reject
37366_left_rot270.jpeg,2,reject
30646_left_rot270.jpeg,2,reject
36288_right_rot90.jpeg,2,reject
16622_left_rot270.jpeg,2,reject
14530_right_rot180.jpeg,2,reject
4274_left_rot270.jpeg,2,reject
18556_right_rot180.jpeg,2,reject
32572_right_rot180.jpeg,2,reject
7853_left_rot180.jpeg,2,reject
37354_right_rot180.jpeg,2,reject
32502_right_rot90.jpeg,2,reject
3621_right_rot270.jpeg,2,reject
3469_left_rot270.jpeg,2,reject
11495_right_rot180.jpeg,2,reject
14482_left_rot270.jpeg,2,reject
31223_right_rot90.jpeg,2,reject
14697_right_rot180.jpeg,2,reject
36903_left_rot270.jpeg,2,reject
27339_left_rot180.jpeg,2,reject
31223_right_rot180.jpeg,2,reject
5680_left_rot180.jpeg,2,reject
15954_left_rot270.jpeg,2,reject
44050_left_rot270.jpeg,2,reject
33127_left_rot270.jpeg,2,reject
11909_left_rot270.jpeg,2,reject
24879_left_rot90.jpeg,2,reject
3621_left_rot180.jpeg,2,reject
17747_right_rot270.jpeg,2,reject
10732_left_rot180.jpeg,2,reject
39699_left_rot90.jpeg,2,reject
32125_left_rot270.jpeg,2,reject
21826_right_rot180.jpeg,2,reject
2758_left_rot270.jpeg,2,reject
27456_left_rot90.jpeg,2,reject
6371_right_rot90.jpeg,2,reject
27369_right_rot90.jpeg,2,reject
4967_right_rot90.jpeg,2,reject
30671_left_rot90.jpeg,2,reject
39983_left_rot90.jpeg,2,reject
36793_left_rot90.jpeg,2,reject
20515_right_rot90.jpeg,2,reject
8498_left_rot270.jpeg,2,reject
11048_left_rot180.jpeg,2,reject
27686_right_rot90.jpeg,2,reject
5869_left_rot90.jpeg,2,reject
36754_left_rot180.jpeg,2,reject
40959_right_rot180.jpeg,2,reject
17762_right_rot270.jpeg,2,reject
3938_right_rot270.jpeg,2,reject
10732_left_rot270.jpeg,2,reject
4821_left_rot180.jpeg,2,reject
4499_left_rot90.jpeg,2,reject
10129_left_rot270.jpeg,2,reject
43110_left_rot270.jpeg,2,reject
9830_left_rot270.jpeg,2,reject
3742_right_rot90.jpeg,2,reject
36852_left_rot90.jpeg,2,reject
38513_left_rot90.jpeg,2,reject
10440_left_rot270.jpeg,2,reject
11971_left_rot90.jpeg,2,reject
43317_left_rot180.jpeg,2,reject
5430_left_rot180.jpeg,2,reject
9608_right_rot90.jpeg,2,reject
18325_left_rot180.jpeg,2,reject
1524_left_rot180.jpeg,2,reject
44191_left_rot180.jpeg,2,reject
13089_right_rot180.jpeg,2,reject
21533_left_rot180.jpeg,2,reject
27452_right_rot270.jpeg,2,reject
36014_right_rot180.jpeg,2,reject
36367_left_rot180.jpeg,2,reject
11750_left_rot270.jpeg,2,reject
35295_right_rot270.jpeg,2,reject
17400_left_rot180.jpeg,2,reject
9069_left_rot90.jpeg,2,reject
40189_left_rot180.jpeg,2,reject
2034_left_rot180.jpeg,2,reject
14548_left_rot270.jpeg,2,reject
14374_left_rot90.jpeg,2,reject
35601_right_rot180.jpeg,2,reject
42357_right_rot270.jpeg,2,reject
34913_left_rot90.jpeg,2,reject
2622_right_rot270.jpeg,2,reject
24063_left_rot90.jpeg,2,reject
26541_left_rot270.jpeg,2,reject
23141_right_rot270.jpeg,2,reject
33319_right_rot270.jpeg,2,reject
10623_left_rot270.jpeg,2,reject
33502_right_rot90.jpeg,2,reject
19745_right_rot270.jpeg,2,reject
29268_right_rot270.jpeg,2,reject
9205_right_rot180.jpeg,2,reject
24457_right_rot90.jpeg,2,reject
35859_left_rot270.jpeg,2,reject
20146_left_rot180.jpeg,2,reject
29264_right_rot270.jpeg,2,reject
37147_right_rot90.jpeg,2,reject
2141_left_rot180.jpeg,2,reject
21942_left_rot90.jpeg,2,reject
13407_left_rot90.jpeg,2,reject
43379_right_rot180.jpeg,2,reject
42237_left_rot180.jpeg,2,reject
29784_left_rot90.jpeg,2,reject
21257_left_rot180.jpeg,2,reject
17170_left_rot180.jpeg,2,reject
4434_right_rot180.jpeg,2,reject
7214_right_rot180.jpeg,2,reject
38155_left_rot90.jpeg,2,reject
31174_left_rot90.jpeg,2,reject
34389_left_rot90.jpeg,2,reject
12101_left_rot270.jpeg,2,reject
36640_left_rot270.jpeg,2,reject
1655_left_rot180.jpeg,2,reject
43710_left_rot270.jpeg,2,reject
1475_left_rot90.jpeg,2,reject
37244_left_rot180.jpeg,2,reject
42356_left_rot90.jpeg,2,reject
44083_left_rot270.jpeg,2,reject
37813_right_rot90.jpeg,2,reject
7070_right_rot180.jpeg,2,reject
16937_left_rot180.jpeg,2,reject
26270_left_rot90.jpeg,2,reject
19663_right_rot270.jpeg,2,reject
25291_right_rot270.jpeg,2,reject
9804_right_rot90.jpeg,2,reject
3382_left_rot270.jpeg,2,reject
10334_left_rot180.jpeg,2,reject
4443_right_rot90.jpeg,2,reject
24795_right_rot90.jpeg,2,reject
6129_left_rot90.jpeg,2,reject
43342_left_rot270.jpeg,2,reject
17054_right_rot270.jpeg,2,reject
36981_right_rot270.jpeg,2,reject
34113_left_rot180.jpeg,2,reject
374_right_rot90.jpeg,2,reject
3341_left_rot180.jpeg,2,reject
2664_right_rot180.jpeg,2,reject
37824_right_rot90.jpeg,2,reject
22519_left_rot90.jpeg,2,reject
35080_left_rot270.jpeg,2,reject
30997_right_rot90.jpeg,2,reject
30406_left_rot180.jpeg,2,reject
4629_right_rot180.jpeg,2,reject
5879_right_rot90.jpeg,2,reject
13359_left_rot270.jpeg,2,reject
12866_right_rot270.jpeg,2,reject
42139_left_rot180.jpeg,2,reject
26402_right_rot90.jpeg,2,reject
26922_left_rot270.jpeg,2,reject
18819_left_rot90.jpeg,2,reject
42951_left_rot270.jpeg,2,reject
13627_left_rot90.jpeg,2,reject
25787_right_rot90.jpeg,2,reject
2767_left_rot90.jpeg,2,reject
8588_left_rot270.jpeg,2,reject
20513_left_rot270.jpeg,2,reject
25154_left_rot90.jpeg,2,reject
21883_left_rot270.jpeg,2,reject
6530_left_rot180.jpeg,2,reject
30354_right_rot180.jpeg,2,reject
1772_left_rot90.jpeg,2,reject
10534_left_rot180.jpeg,2,reject
24491_right_rot270.jpeg,2,reject
26476_left_rot180.jpeg,2,reject
20336_left_rot270.jpeg,2,reject
19976_left_rot90.jpeg,2,reject
670_left_rot180.jpeg,2,reject